{"2":0.210526315789474,"3":0.605263157894737,"1":0.434210526315789,"4":0.473684210526316}
