{"2":0.593162059783936,"3":0.631978750228882,"1":0.676254987716675,"4":0.615904808044434}
