{"2":0.714285714285714,"4":0.904761904761905,"1":0.714285714285714,"3":0.523809523809524}
