{"2":8.9565737247467,"4":8.65503001213074,"1":8.88801193237305,"3":8.19012641906738}
