{"trial_id": [0, 1, 2, 3, 4, 5, 6, 7, 8, 9, 10, 11, 12, 13, 14, 15, 16, 17, 18, 19, 20, 21, 22, 23, 24, 25, 26, 27, 28, 29, 30, 31, 32, 33, 34, 35, 36, 37, 38, 39, 40, 41, 42, 43, 44, 45, 46, 47, 48, 49, 50, 51, 52, 53, 54, 55, 56, 57, 58, 59, 60, 61, 62, 63, 64, 65, 66, 67, 68, 69, 70, 71, 72, 73, 74, 75, 76, 77, 78, 79, 80, 81, 82, 83, 84, 85, 86, 87, 88, 89, 90, 91, 92, 93, 94, 95, 96, 97, 98, 99], "cv_accuracy": [0.0, 0.0, 0.0, 0.0, 0.6461542, 0.0, 0.0, 0.5076924, 0.6615388, 0.0, 0.0, 0.0, 0.0, 0.0, 0.0, 0.0, 0.0, 0.0, 0.0, 0.0, 0.0, 0.0, 0.0, 0.0, 0.0, 0.0, 0.0, 0.0, 0.0, 0.0, 0.0, 0.0, 0.0, 0.0, 0.0, 0.6, 0.0, 0.0, 0.0, 0.0, 0.0, 0.6000004, 0.0, 0.6615388, 0.0, 0.0, 0.6461542, 0.0, 0.0, 0.0, 0.0, 0.307692, 0.0, 0.6307696, 0.10769220000000002, 0.0, 0.0, 0.0, 0.0, 0.0, 0.0, 0.0, 0.0, 0.0, 0.5692309999999999, 0.0, 0.0, 0.6615388, 0.0, 0.523077, 0.0, 0.0, 0.6307696, 0.0, 0.0, 0.0, 0.523077, 0.0, 0.0, 0.0, 0.6153850000000001, 0.0, 0.7230772, 0.0, 0.0, 0.0, 0.0, 0.0, 0.0, 0.0, 0.615385, 0.0, 0.0, 0.0, 0.7076925999999999, 0.0, 0.0, 0.0, 0.6307696, 0.0], "timestamp": [0.16176394499780145, 0.10701441300625447, 0.16099012800259516, 0.20206860500911716, 0.3323968510085251, 0.23980274199857377, 0.4533867230056785, 0.5369767910015071, 0.634608427004423, 0.4919764750084141, 0.4090635370084783, 0.5828059380000923, 0.6847574350103969, 0.9731773850071477, 0.7274220960098319, 0.7824050460039871, 0.8166361220064573, 0.8686933700082591, 0.9232844770012889, 1.0139224410086172, 1.106983053003205, 1.0145230400084984, 1.1071774400043068, 1.2004179860086879, 1.2976370380056323, 1.3388357470103074, 1.2599098409991711, 1.4319692050048616, 1.38598061700759, 1.4743193030008115, 1.6221412870072527, 1.540023908004514, 1.5789611189975403, 1.6642044040054316, 1.7096408110082848, 1.7711385000002338, 1.8620052900078008, 1.818942234996939, 1.9036810990073718, 1.9417255540029146, 1.9829976620094385, 2.212657415002468, 2.0608215810061665, 2.3449462819990003, 2.111766155998339, 2.1109837170079118, 2.267254068996408, 2.305764069009456, 2.434471234009834, 2.3841803050017916, 2.4943804400099907, 2.5481917430006433, 2.5948277190036606, 2.686351429001661, 2.7316956279973965, 2.644676399009768, 2.771677095006453, 2.826960970996879, 2.8677115690079518, 2.924295559001621, 2.9676127830025507, 3.0502312850003364, 3.0065563550015213, 3.128249647998018, 3.0949085160100367, 3.1878710050077643, 3.2373389529966516, 3.478818286996102, 3.2796457770018606, 3.381476039008703, 3.3317915920051746, 3.4318519990047207, 3.574330194009235, 3.514900263005984, 3.615344976002234, 3.6544587350072106, 3.8028746500058332, 3.7551509240001906, 3.7114626330003375, 3.8437135920103174, 3.9365440609981306, 3.885008701006882, 4.220043359004194, 3.9946386820083717, 4.0821315689972835, 4.046069755000644, 4.132453978003468, 4.171461160003673, 4.494951360000414, 4.288526994001586, 4.418299006996676, 4.453579877008451, 4.334720976010431, 4.37776911900437, 4.807177651004167, 4.563479468008154, 4.612213326006895, 4.648581986009958, 4.73263731400948, 4.684923733002506], "final_accuracy": ["accuracy", 0.38461538461538464]}