{"trial_id": [0, 1, 2, 3, 4, 5, 6, 7, 8, 9, 10, 11, 12, 13, 14, 15, 16, 17, 18, 19, 20, 21, 22, 23, 24, 25, 26, 27, 28, 29, 30, 31, 32, 33, 34, 35, 36, 37, 38, 39, 40, 41, 42, 43, 44, 45, 46, 47, 48, 49, 50, 51, 52, 53, 54, 55, 56, 57, 58, 59, 60, 61, 62, 63, 64, 65, 66, 67, 68, 69, 70, 71, 72, 73, 74, 75, 76, 77, 78, 79, 80, 81, 82, 83, 84, 85, 86, 87, 88, 89, 90, 91, 92, 93, 94, 95, 96, 97, 98, 99], "cv_accuracy": [0.0, 0.0, 0.3846152, 0.0, 0.2923074, 0.0, 0.0, 0.0, 0.0, 0.0, 0.5846156, 0.0, 0.5384616, 0.0, 0.0, 0.0, 0.0, 0.0, 0.5846158, 0.43076879999999995, 0.0, 0.6000004, 0.0, 0.0, 0.0, 0.0, 0.0, 0.0, 0.6307693999999999, 0.4615382, 0.0, 0.0, 0.0, 0.0, 0.5846158, 0.6000004, 0.0, 0.5384618, 0.0, 0.0, 0.0, 0.3692306, 0.0, 0.0, 0.0, 0.0, 0.0, 0.0, 0.4923076, 0.6000002, 0.0, 0.5538464, 0.0, 0.0, 0.0, 0.0, 0.0, 0.0, 0.0, 0.0, 0.0, 0.0, 0.6153848, 0.5538464000000001, 0.0, 0.5384616, 0.5692309999999999, 0.230769, 0.0, 0.47692300000000004, 0.0, 0.0, 0.0, 0.0, 0.0, 0.0, 0.0, 0.0, 0.6000002, 0.0, 0.0, 0.6153848, 0.0, 0.0, 0.0, 0.569231, 0.0, 0.569231, 0.0, 0.5846156, 0.0, 0.0, 0.24615360000000003, 0.0, 0.0, 0.0, 0.5538462, 0.0, 0.0, 0.0], "timestamp": [0.10503847200016025, 0.34578153099573683, 0.24468436199822463, 0.20161150299827568, 0.3045456959953299, 0.10548163800558541, 0.46686905600654427, 0.4354943119978998, 0.5102495960018132, 0.3957596190011827, 0.911135752001428, 0.5802237659954699, 0.7176052599970717, 0.7560101309936726, 0.6770176910067676, 0.637557324997033, 0.823614014996565, 0.8712927199958358, 0.9488336590002291, 1.0596385450044181, 1.0167725579958642, 1.236017304006964, 1.198260659002699, 1.1586931600031676, 1.1068824969988782, 1.3268760079954518, 1.2914763010048773, 1.6162761049927212, 1.7679406279930845, 1.4302967749972595, 1.382613976005814, 1.4828436310053803, 1.5284632539987797, 1.5810985440039076, 1.6756868780066725, 1.8697024319990305, 1.7287472089956282, 2.3362300570006482, 1.868827197002247, 1.8142094499926316, 1.9522887350030942, 1.994170531994314, 2.037147342998651, 2.0983507920027478, 2.142788634999306, 2.2353739329992095, 2.1922987720026867, 2.274248818997876, 2.3818666769948322, 2.62196857399249, 2.465351564998855, 2.7607024850003654, 2.430142658005934, 2.543483998000738, 2.5892000400053803, 2.7055780539958505, 2.6211741379956948, 2.8208833370008506, 2.947828356001992, 2.905739587993594, 2.8630416880041594, 2.989918464998482, 3.1464734530018177, 3.1050446959998226, 3.062516923993826, 3.1926086460007355, 3.6398887779942015, 3.2424431109975558, 3.303937959004543, 3.3447424180048984, 3.3861022799974307, 3.428689709005994, 3.47880451400124, 3.5383896809944417, 3.803667945001507, 3.710958548996132, 3.581807900001877, 3.6768453679978848, 4.075217411998892, 3.7606368609995116, 3.914268886001082, 4.518675187995541, 3.8747774850053247, 3.9922775049926713, 3.960296261997428, 4.2313982880004914, 4.11559590199613, 4.202883724006824, 4.076222189003602, 4.444130696996581, 4.353206885993131, 4.308873660993413, 4.68037117899803, 4.3940411079966, 4.64053318099468, 4.594715637998888, 4.722958812999423, 4.55927304099896, 4.759094830005779, 4.792180307005765], "final_accuracy": ["accuracy", 0.6153846153846154]}