{"trial_id": [0, 1, 2, 3, 4, 5, 6, 7, 8, 9, 10, 11, 12, 13, 14, 15, 16, 17, 18, 19, 20, 21, 22, 23, 24, 25, 26, 27, 28, 29, 30, 31, 32, 33, 34, 35, 36, 37, 38, 39, 40, 41, 42, 43, 44, 45, 46, 47, 48, 49, 50, 51, 52, 53, 54, 55, 56, 57, 58, 59, 60, 61, 62, 63, 64, 65, 66, 67, 68, 69, 70, 71, 72, 73, 74, 75, 76, 77, 78, 79, 80, 81, 82, 83, 84, 85, 86, 87, 88, 89, 90, 91, 92, 93, 94, 95, 96, 97, 98, 99], "cv_accuracy": [0.0, 0.0, 0.6127274, 0.0, 0.0, 0.0, 0.0, 0.0, 0.0, 0.0, 0.6945456, 0.0, 0.0, 0.0, 0.0, 0.0, 0.0, 0.0, 0.49818179999999995, 0.0, 0.0, 0.0, 0.0, 0.0, 0.5581818, 0.0, 0.0, 0.0, 0.0, 0.0, 0.6945456, 0.0, 0.0, 0.0, 0.6763638000000001, 0.0, 0.0, 0.0, 0.0, 0.0, 0.0, 0.0, 0.0, 0.6963636, 0.0, 0.0, 0.0, 0.0, 0.0, 0.0, 0.0, 0.0, 0.0, 0.0, 0.0, 0.0, 0.0, 0.0, 0.0, 0.0, 0.0, 0.0, 0.0, 0.6527274000000001, 0.0, 0.0, 0.7690910000000001, 0.0, 0.0, 0.0, 0.0, 0.0, 0.0, 0.0, 0.0, 0.0, 0.0, 0.0, 0.0, 0.538182, 0.0, 0.0, 0.0, 0.0, 0.1545454, 0.0, 0.0, 0.0, 0.0, 0.0, 0.0, 0.0, 0.0, 0.0, 0.0, 0.6945456, 0.0, 0.0, 0.0, 0.0], "timestamp": [0.24218532400846016, 0.19923444199957885, 0.7770580710057402, 0.11381839899695478, 0.11328875400067773, 0.2453407220018562, 0.4095803980017081, 0.4088915260072099, 0.4900696160038933, 0.489644205008517, 0.3602085000020452, 0.6017073039984098, 0.6543497810052941, 0.6540886500006309, 0.7767647569999099, 0.7242866809974657, 0.8883144690043991, 0.9760461789992405, 1.1650794620072702, 0.9409724480065051, 1.055006759997923, 1.0168876750103664, 1.1244537790043978, 1.2578763220080873, 1.5333757080079522, 1.3021224910044111, 1.220067406000453, 1.4087581670028158, 1.3672544900036883, 1.4652998250094242, 1.4648828260105802, 1.575736323997262, 1.6443517840089044, 1.6883711150003364, 1.8795977859990671, 1.8262056259991368, 1.7871984490047907, 1.7379486260033445, 1.927229647000786, 1.9689395699970191, 2.0157002120104153, 2.103567900005146, 2.062645270008943, 2.8702904950041557, 2.1664310960040893, 2.218148294996354, 2.254434169997694, 2.336256326001603, 2.297930612010532, 2.395976411004085, 2.8280730490077985, 2.48788343500928, 2.5332921450026333, 2.447840572000132, 2.5903209550015163, 2.6856149090017425, 2.644511300997692, 2.727074050999363, 2.7856215750070987, 2.9514040390058653, 3.1461449150083354, 2.9101145210006507, 3.0245007220073603, 3.6885952849988826, 3.063903289003065, 3.1058880040072836, 3.199817493004957, 3.2583183259994257, 3.450363178009866, 3.351654956000857, 3.30759688699618, 3.399994211999001, 3.4964286660106154, 3.550098528008675, 3.5987527050019708, 3.6425062240014086, 3.726657856008387, 3.757312711008126, 3.809475565998582, 3.9153457320062444, 3.8712937370000873, 4.001223113009473, 4.038569055002881, 3.955245974007994, 4.07681249101006, 4.360581522996654, 4.188695564997033, 4.148942503001308, 4.233846068003913, 4.313276774002588, 4.268570942003862, 4.470684712010552, 4.425201721009216, 4.51537127699703, 4.515875730998232, 4.7220437549985945, 4.59221726800024, 4.636161561997142, 4.689556894998532, 4.757426185009535], "final_accuracy": ["accuracy", 0.5]}