{"trial_id": [0, 1, 2, 3, 4, 5, 6, 7, 8, 9, 10, 11, 12, 13, 14, 15, 16, 17, 18, 19, 20, 21, 22, 23, 24, 25, 26, 27, 28, 29, 30, 31, 32, 33, 34, 35, 36, 37, 38, 39, 40, 41, 42, 43, 44, 45, 46, 47, 48, 49, 50, 51, 52, 53, 54, 55, 56, 57, 58, 59, 60, 61, 62, 63, 64, 65, 66, 67, 68, 69, 70, 71, 72, 73, 74, 75, 76, 77, 78, 79, 80, 81, 82, 83, 84, 85, 86, 87, 88, 89, 90, 91, 92, 93, 94, 95, 96, 97, 98, 99], "cv_accuracy": [0.0, 0.0, 0.0, 0.0, 0.0, 0.0, 0.0, 0.0, 0.0, 0.0, 0.0, 0.0, 0.0, 0.0, 0.43636379999999997, 0.0, 0.5527274, 0.0, 0.0, 0.0, 0.0, 0.0, 0.0, 0.0, 0.0, 0.0, 0.5381818, 0.0, 0.0, 0.0, 0.0, 0.0, 0.0, 0.0, 0.45999999999999996, 0.5436364, 0.5763638, 0.5418182, 0.0, 0.5163637999999999, 0.0, 0.0, 0.0, 0.0, 0.0, 0.0, 0.0, 0.0, 0.0, 0.0, 0.0, 0.0, 0.0, 0.0, 0.0, 0.0, 0.0, 0.49818180000000006, 0.6345456, 0.0, 0.0, 0.0, 0.0, 0.42000000000000004, 0.0, 0.5763638, 0.0, 0.5763638, 0.0, 0.498182, 0.0, 0.0, 0.0, 0.0, 0.0, 0.5363638, 0.0, 0.0, 0.0, 0.42000000000000004, 0.0, 0.0, 0.0, 0.0, 0.0, 0.0, 0.34727260000000004, 0.0, 0.0, 0.0, 0.0, 0.0, 0.0, 0.0, 0.0, 0.0, 0.0, 0.0, 0.0, 0.0], "timestamp": [0.10394331099814735, 0.16153487100382335, 0.16056155899423175, 0.3386170209996635, 0.20170675999543164, 0.1612644389970228, 0.5364634839934297, 0.5765860480023548, 0.4969510359951528, 0.4619434420019388, 0.41570175299420953, 0.6139538800052833, 0.6872278569935588, 0.731794641003944, 0.7781947339972248, 0.8140001129941083, 1.6496551669988548, 0.8553768989950186, 0.9176072559930617, 1.0503603529941756, 1.0142559810046805, 1.098223669003346, 0.9747073269973043, 1.144119660006254, 1.2185788039932959, 1.263924181999755, 1.6080581319984049, 1.3501853799971286, 1.2973410720005631, 1.4222275960055413, 1.505010142995161, 1.4640776599990204, 1.5563327340059914, 1.7034269839932676, 1.7565621329995338, 1.8175414849974914, 1.817009805003181, 2.1350087949977024, 1.8915219299960881, 1.9633869859972037, 1.9981326400011312, 2.1777247989957687, 2.0611864529928425, 2.1000740809977287, 2.281728813002701, 2.2279178089956986, 2.4970648500020616, 2.4100761339941528, 2.374895925997407, 2.341327647998696, 2.447249160002684, 2.541798703998211, 2.608632553005009, 2.6443050279922318, 2.6813322770030936, 2.679103717993712, 2.772167745002662, 2.842027869002777, 3.125921187995118, 2.888281856998219, 2.959819562995108, 2.9259511169948382, 3.0059104539977852, 3.0848691419960232, 3.2086744629923487, 3.655031471993425, 3.17305368000234, 3.2553096009942237, 3.3264249920030124, 3.373264356996515, 3.455033974998514, 3.4985311399941565, 3.4157215019949945, 3.5742179439985193, 3.618323328992119, 3.7920414050022373, 3.699732506996952, 3.73807470400061, 3.852597531003994, 3.962272292992566, 3.892586226997082, 4.0061982729966985, 3.934634589997586, 4.049253075994784, 4.1174172500032, 4.165361409002799, 4.282083593003335, 4.164807184992242, 4.247003803000553, 4.324118623000686, 4.380667356002959, 4.5587973359943135, 4.428173972002696, 4.598258344994974, 4.518914725995273, 4.476246894002543, 4.634623081001337, 4.674564889995963, 4.706633455993142, 4.747546016005799], "final_accuracy": ["accuracy", 0.5]}