{"trial_id": [0, 1, 2, 3, 4, 5, 6, 7, 8, 9, 10, 11, 12, 13, 14, 15, 16, 17, 18, 19, 20, 21, 22, 23, 24, 25, 26, 27, 28, 29, 30, 31, 32, 33, 34, 35, 36, 37, 38, 39, 40, 41, 42, 43, 44, 45, 46, 47, 48, 49, 50, 51, 52, 53, 54, 55, 56, 57, 58, 59, 60, 61, 62, 63, 64, 65, 66, 67, 68, 69, 70, 71, 72, 73, 74, 75, 76, 77, 78, 79, 80, 81, 82, 83, 84, 85, 86, 87, 88, 89, 90, 91, 92, 93, 94, 95, 96, 97, 98, 99], "cv_accuracy": [0.0, 0.0, 0.0, 0.0, 0.0, 0.3072726, 0.0, 0.0, 0.0, 0.5963638, 0.0, 0.0, 0.5363638, 0.0, 0.0, 0.0, 0.0, 0.0, 0.0, 0.36, 0.0, 0.0, 0.43999999999999995, 0.0, 0.0, 0.0, 0.0, 0.3672726, 0.0, 0.0, 0.0, 0.0, 0.0, 0.0, 0.0, 0.5163637999999999, 0.5, 0.0, 0.0, 0.0, 0.0, 0.0, 0.0, 0.0, 0.0, 0.0, 0.421818, 0.0, 0.4418182, 0.0, 0.0, 0.0, 0.34727260000000004, 0.0, 0.0, 0.0, 0.0, 0.0, 0.0, 0.0, 0.5563638, 0.0, 0.45818180000000003, 0.0, 0.0, 0.0, 0.0, 0.0, 0.0, 0.0, 0.5018182, 0.0, 0.0, 0.0, 0.47818179999999993, 0.0, 0.34727260000000004, 0.0, 0.0, 0.0, 0.0, 0.0, 0.0, 0.0, 0.4563638, 0.0, 0.5963638, 0.0, 0.0, 0.0, 0.0, 0.5163637999999999, 0.0, 0.0, 0.0, 0.6127274, 0.5945456, 0.0, 0.0, 0.0], "timestamp": [0.10548216600727756, 0.10600590200920124, 0.3029046200099401, 0.10659981200296897, 0.22841701000288595, 0.268372744001681, 0.44273339200299233, 0.44694193500617985, 0.4463455360091757, 1.2164261500001885, 0.3822800990019459, 0.3825147070019739, 0.9835146140103461, 0.733094916009577, 0.690588032011874, 0.6495758980017854, 0.595767421007622, 0.7955818519985769, 0.8511658780043945, 0.8977251770120347, 0.9343609650095459, 1.0281475770025281, 1.1378263580118073, 1.177943950999179, 1.0961561540025286, 1.2581871920119738, 1.3070876420097193, 1.6039608140126802, 1.3755998630076647, 1.4507694480125792, 1.4156442520034034, 1.499824726008228, 1.5415983950078953, 1.6498601850034902, 1.6993849520076765, 2.0261237060040003, 1.786783308009035, 1.746727877005469, 1.8452870650071418, 1.8874519680102821, 1.9321407170064049, 2.0701094570104033, 1.9852953939989675, 2.1132901680102805, 2.159292133001145, 2.202098065012251, 2.4932725070102606, 2.2646836200001417, 2.319481317012105, 2.320001445012167, 2.3986198700004024, 2.4372302270057844, 2.543155988008948, 2.6404095300094923, 2.591220267000608, 2.721978184999898, 2.6774342600110685, 2.7735822460090276, 2.8295028480060864, 2.874881796000409, 3.5213807040126994, 2.92457346500305, 3.0235800520022167, 2.9779963350010803, 3.0799580570019316, 3.0794215870118933, 3.163120520010125, 3.219583819009131, 3.26016347600671, 3.3257490230025724, 3.6096015090006404, 3.3629599810083164, 3.4657967390085105, 3.4248273910052376, 3.6544858060078695, 3.567478884011507, 3.744855996003025, 3.7089696770126466, 3.8090992380020907, 3.8518459420010913, 3.8945852650067536, 3.933891538006719, 4.033863724005641, 3.9895027190068504, 4.1376788780034985, 4.094591594010126, 4.2767812100064475, 4.177761079001357, 4.237681704005809, 4.316085498998291, 4.376066842, 4.576898693005205, 4.417064470006153, 4.478203710008529, 4.529750241999864, 4.6468735870003, 4.684249383004499, 4.610168928003986, 4.72611272901122, 4.762925600007293], "final_accuracy": ["accuracy", 0.6538461538461539]}