{"trial_id": [0, 1, 2, 3, 4, 5, 6, 7, 8, 9, 10, 11, 12, 13, 14, 15, 16, 17, 18, 19, 20, 21, 22, 23, 24, 25, 26, 27, 28, 29, 30, 31, 32, 33, 34, 35, 36, 37, 38, 39, 40, 41, 42, 43, 44, 45, 46, 47, 48, 49, 50, 51, 52, 53, 54, 55, 56, 57, 58, 59, 60, 61, 62, 63, 64, 65, 66, 67, 68, 69, 70, 71, 72, 73, 74, 75, 76, 77, 78, 79, 80, 81, 82, 83, 84, 85, 86, 87, 88, 89, 90, 91, 92, 93, 94, 95, 96, 97, 98, 99], "cv_accuracy": [0.0, 0.0, 0.0, 0.54, 0.0, 0.0, 0.0, 0.0, 0.0, 0.0, 0.0, 0.0, 0.0, 0.0, 0.0, 0.0, 0.0, 0.05818179999999999, 0.0, 0.0, 0.0, 0.0, 0.0, 0.0, 0.0, 0.6781818, 0.0, 0.0, 0.6763638000000001, 0.0, 0.0, 0.0, 0.0, 0.0, 0.0, 0.0, 0.0, 0.0, 0.0, 0.0, 0.0, 0.0, 0.0, 0.47818179999999993, 0.0, 0.6945456, 0.0, 0.0, 0.0, 0.0, 0.6963638, 0.0, 0.6563637999999999, 0.7127274, 0.6945456, 0.5945456, 0.0, 0.0, 0.7127274, 0.7127274, 0.0, 0.6745455999999999, 0.0, 0.0, 0.0, 0.0, 0.0, 0.0, 0.0, 0.0, 0.0, 0.0, 0.0, 0.4018182, 0.0, 0.0, 0.0, 0.6163638, 0.0, 0.0, 0.6763636, 0.0, 0.0, 0.0, 0.0, 0.0, 0.0, 0.0, 0.0, 0.0, 0.0, 0.0, 0.0, 0.0, 0.0, 0.7127274, 0.0, 0.0, 0.0, 0.0], "timestamp": [0.22605165200366173, 0.10657231199729722, 0.2694142050022492, 0.32837144000222906, 0.10594932500680443, 0.10613449900120031, 0.4417699769983301, 0.48135220300173387, 0.47995518799871206, 0.5597864699957427, 0.39532300300197676, 0.6098630449996563, 0.6740829280024627, 0.7233172690030187, 0.8039743279950926, 0.7236934520042269, 0.8037946630065562, 0.8932882230001269, 0.9549436710076407, 1.0884400829963852, 1.045554953001556, 1.0039929979975568, 1.0896202959993389, 1.171716495999135, 1.2314768060023198, 2.1093817180080805, 1.2855663109949091, 1.3368850529950578, 1.4250098860065918, 1.378039360002731, 1.4741736290015979, 1.5277497750066686, 1.5805100169964135, 1.615597092997632, 1.6643188720045146, 1.7146672200033208, 1.7676704049954424, 1.8649227190035162, 1.821981561006396, 1.904335227998672, 1.9546076679980615, 2.007889183005318, 2.0627584290050436, 2.2048267259960994, 2.1090402620029636, 2.3942042069975287, 2.2525934250006685, 2.305701297998894, 2.429028277998441, 2.351325491996249, 2.8621623649960384, 2.4898514710075688, 2.5598443790077, 2.6151402100076666, 3.467828043998452, 2.693934323004214, 2.6155050230008783, 2.7623209419980412, 2.9857893230073387, 2.925819333002437, 2.815999885002384, 2.985272994003026, 3.062541195002268, 3.1054174570017494, 3.170857877994422, 3.3054243180085905, 3.3463629110046895, 3.2704230270028347, 3.2327074950007955, 3.407728890000726, 3.5585997930029407, 3.558293769005104, 3.5580436029995326, 3.515472017999855, 3.693343699997058, 3.756604302005144, 3.81258084300498, 4.520687784999609, 3.853442385006929, 3.8964507119962946, 3.934212613006821, 3.994442044000607, 4.057593277000706, 4.057842659007292, 4.188352594006574, 4.139044074006961, 4.234981191999395, 4.34643787900859, 4.306310066996957, 4.346869968998362, 4.43944390300021, 4.4757746499963105, 4.619232989003649, 4.659028526002658, 4.582535633002408, 4.870300597001915, 4.708789705997333, 4.746207706004498, 4.78939774200262, 4.82279388900497], "final_accuracy": ["accuracy", 0.4230769230769231]}