{"trial_id": [0, 1, 2, 3, 4, 5, 6, 7, 8, 9, 10, 11, 12, 13, 14, 15, 16, 17, 18, 19, 20, 21, 22, 23, 24, 25, 26, 27, 28, 29, 30, 31, 32, 33, 34, 35, 36, 37, 38, 39, 40, 41, 42, 43, 44, 45, 46, 47, 48, 49, 50, 51, 52, 53, 54, 55, 56, 57, 58, 59, 60, 61, 62, 63, 64, 65, 66, 67, 68, 69, 70, 71, 72, 73, 74, 75, 76, 77, 78, 79, 80, 81, 82, 83, 84, 85, 86, 87, 88, 89, 90, 91, 92, 93, 94, 95, 96, 97, 98, 99], "cv_accuracy": [0.0, 0.0, 0.0, 0.0, 0.615385, 0.6000002, 0.6923078, 0.0, 0.0, 0.523077, 0.5538464000000001, 0.0, 0.5384616, 0.0, 0.0, 0.0, 0.0, 0.569231, 0.6000004, 0.4153846, 0.0, 0.0, 0.4923078, 0.0, 0.0, 0.0, 0.0, 0.0, 0.0, 0.0, 0.0, 0.0, 0.0, 0.0, 0.0, 0.0, 0.0, 0.0, 0.0, 0.0, 0.0, 0.0, 0.0, 0.0, 0.0, 0.5692312, 0.0, 0.0, 0.3846152, 0.0, 0.0, 0.0, 0.6000004, 0.29230740000000005, 0.0, 0.646154, 0.0, 0.47692320000000005, 0.0, 0.0, 0.0, 0.0, 0.0, 0.5384616, 0.0, 0.0, 0.0, 0.0, 0.0, 0.0, 0.0, 0.0, 0.0, 0.0, 0.29230740000000005, 0.0, 0.29230740000000005, 0.0, 0.0, 0.0, 0.0, 0.0, 0.0, 0.0, 0.0, 0.0, 0.0, 0.0, 0.0, 0.0, 0.0, 0.0, 0.0, 0.0, 0.5076926, 0.0, 0.3230766, 0.4153846, 0.569231, 0.0], "timestamp": [0.11849966499721631, 0.11735769700317178, 0.2126269080035854, 0.29655648600601126, 0.7065101640037028, 0.2533503230079077, 1.3880855620082002, 0.3859730020049028, 0.4322461440024199, 1.009897430005367, 0.48005906099569984, 0.5575257199961925, 0.648029686009977, 0.6083883420069469, 0.7522049020044506, 0.8408935510087758, 0.8002408580068732, 0.9145793479983695, 1.1610309530078666, 1.0522538149962202, 0.9649621190037578, 1.1131976680044318, 1.2830033130012453, 1.245455012001912, 1.2063351020042319, 1.3469712049991358, 1.4420799470099155, 1.5728784579987405, 1.5313429329980863, 1.4823020089970669, 1.6285658910055645, 1.6622753889969317, 1.7604358719981974, 1.7163582390057854, 1.809456308998051, 1.8475688339967746, 1.9557132320042, 1.9037681019981392, 1.996171211998444, 2.040681817001314, 2.1358866119990125, 2.0866733080038102, 2.1847586430085357, 2.278313545000856, 2.242110916005913, 2.3232039360009367, 2.3687091669999063, 2.420588969005621, 2.603040089001297, 2.483131447006599, 2.5232230980036547, 2.5571728229988366, 2.8015232710022246, 2.6546927940071328, 2.7127762269956293, 3.3059807600075146, 2.753316549002193, 3.1567393020086456, 2.855077590997098, 2.9145587579987478, 2.9601941980072297, 3.0085857110098004, 3.0673069180047605, 3.121624735009391, 3.2038940240017837, 3.2484497030091006, 3.348251692004851, 3.4075590419961372, 3.4077609840023797, 3.4711022289993707, 3.512266756995814, 3.572703016005107, 3.6091714009962743, 3.755898239003727, 3.801656655006809, 3.6748916979995556, 3.675227982006618, 3.884439879009733, 3.845291620003991, 4.030792499004747, 3.945107450999785, 3.994192391008255, 4.075777785998071, 4.165039368002908, 4.120999735008809, 4.220380027007195, 4.313202354009263, 4.274573239003075, 4.357697319006547, 4.3942834839981515, 4.435575483003049, 4.486807164998027, 4.582803690005676, 4.545498740000767, 4.671899031003704, 4.633849104997353, 4.721950617007678, 4.757289607005077, 4.841215029009618, 4.795826425004634], "final_accuracy": ["accuracy", 0.3076923076923077]}