{"trial_id": [0, 1, 2, 3, 4, 5, 6, 7, 8, 9, 10, 11, 12, 13, 14, 15, 16, 17, 18, 19, 20, 21, 22, 23, 24, 25, 26, 27, 28, 29, 30, 31, 32, 33, 34, 35, 36, 37, 38, 39, 40, 41, 42, 43, 44, 45, 46, 47, 48, 49, 50, 51, 52, 53, 54, 55, 56, 57, 58, 59, 60, 61, 62, 63, 64, 65, 66, 67, 68, 69, 70, 71, 72, 73, 74, 75, 76, 77, 78, 79, 80, 81, 82, 83, 84, 85, 86, 87, 88, 89, 90, 91, 92, 93, 94, 95, 96, 97, 98, 99], "cv_accuracy": [0.0, 0.0, 0.0, 0.0, 0.0, 0.5846158, 0.0, 0.0, 0.0, 0.7692309999999999, 0.7230772, 0.0, 0.6615388, 0.0, 0.0, 0.6461542, 0.0, 0.0, 0.2923076, 0.0, 0.0, 0.0, 0.0, 0.0, 0.0, 0.6307696, 0.0, 0.5538462, 0.0, 0.5846156, 0.5846158, 0.0, 0.6461542, 0.0, 0.0, 0.0, 0.0, 0.0, 0.0, 0.0, 0.0, 0.0, 0.6615388, 0.0, 0.6615388, 0.0, 0.307692, 0.0, 0.0, 0.0, 0.0, 0.0, 0.0, 0.0, 0.0, 0.0, 0.5538462, 0.0, 0.0, 0.6461542, 0.0, 0.0, 0.0, 0.0, 0.0, 0.0, 0.0, 0.0, 0.0, 0.6615388, 0.5846158, 0.0, 0.0, 0.0, 0.3230768, 0.6615388, 0.0, 0.0, 0.0, 0.0, 0.0, 0.6615388, 0.0, 0.6461542, 0.0, 0.0, 0.0, 0.7076925999999999, 0.6615388, 0.1384614, 0.0, 0.7538463999999999, 0.0, 0.0, 0.0, 0.0, 0.307692, 0.7692309999999999, 0.0, 0.0], "timestamp": [0.10231161100091413, 0.10195401700912043, 0.22717130300588906, 0.1794090490002418, 0.2638114709989168, 0.3061870829988038, 0.4319084190065041, 0.470936708006775, 0.3893908640020527, 0.9586890909995418, 0.9591121959965676, 0.47123823199945036, 0.6930231620062841, 0.5985637600097107, 0.6461001630086685, 0.8019458930066321, 0.7632964770018589, 0.8935726960044121, 0.8524034410074819, 1.0742215890059015, 1.0304409640084486, 1.1210213370068232, 1.1217932480067248, 1.2315123559965286, 1.2715855190035654, 1.4056790379981976, 1.3152479580021463, 1.6769943899998907, 1.3629919230006635, 1.5299939539982006, 2.1173029220080934, 1.4824206159973983, 1.6181954010098707, 1.5730281900032423, 1.726311592006823, 1.7718536550091812, 1.814836366000236, 1.8555840300105046, 1.9172743880044436, 1.9679316749970894, 2.006216955007403, 2.0567115710000508, 2.2161316510027973, 2.1577081349969376, 2.6961201060039457, 2.2529660560103366, 2.302511168003548, 2.3576873749989318, 2.411458741000388, 2.5006564280047314, 2.4585897189972457, 2.5458865850087022, 2.600067167004454, 2.6573661570000695, 2.7402945990033913, 2.788516608008649, 2.8324886210029945, 2.8813601919973735, 2.9852783960086526, 3.164644414006034, 2.9443964759993833, 3.033026435005013, 3.064087140999618, 3.1105204680061433, 3.215581023003324, 3.258177235009498, 3.350585658001364, 3.302802429010626, 3.39211165800225, 3.689140672009671, 3.4592947680066573, 3.505580914003076, 3.5486619690054795, 3.5987615150079364, 3.6329347580031026, 3.967758066006354, 3.786532079000608, 3.751069741003448, 3.831642498000292, 3.8803187910089036, 3.917884561000392, 4.367303876002552, 4.0358166950027226, 4.237043638000614, 4.0953859590081265, 4.096230816008756, 4.168607248997432, 4.764031562997843, 4.421970734008937, 4.63611026100989, 4.295633186004125, 4.679149632007466, 4.422571205999702, 4.530390383006306, 4.719764736000798, 4.579319229000248, 4.794745657010935, 5.006136930998764, 4.848079269009759, 4.882078021008056], "final_accuracy": ["accuracy", 0.38461538461538464]}