{"trial_id": [0, 1, 2, 3, 4, 5, 6, 7, 8, 9, 10, 11, 12, 13, 14, 15, 16, 17, 18, 19, 20, 21, 22, 23, 24, 25, 26, 27, 28, 29, 30, 31, 32, 33, 34, 35, 36, 37, 38, 39, 40, 41, 42, 43, 44, 45, 46, 47, 48, 49, 50, 51, 52, 53, 54, 55, 56, 57, 58, 59, 60, 61, 62, 63, 64, 65, 66, 67, 68, 69, 70, 71, 72, 73, 74, 75, 76, 77, 78, 79, 80, 81, 82, 83, 84, 85, 86, 87, 88, 89, 90, 91, 92, 93, 94, 95, 96, 97, 98, 99], "cv_accuracy": [0.0, 0.0, 0.569231, 0.5384618, 0.0, 0.5538462, 0.6000004, 0.0, 0.5692311999999999, 0.0, 0.0, 0.0, 0.0, 0.0, 0.0, 0.0, 0.0, 0.523077, 0.0, 0.0, 0.0, 0.0, 0.0, 0.6000002, 0.0, 0.0, 0.0, 0.6000002, 0.0, 0.0, 0.0, 0.569231, 0.0, 0.6153850000000001, 0.6000002, 0.0, 0.0, 0.5846158, 0.0, 0.5538464000000001, 0.5846158, 0.0, 0.6000002, 0.0, 0.46153840000000007, 0.0, 0.5846156, 0.0, 0.0, 0.0, 0.6769234, 0.0, 0.0, 0.6000004, 0.0, 0.0, 0.4923076, 0.0, 0.0, 0.0, 0.569231, 0.6000002, 0.0, 0.0, 0.0, 0.0, 0.0, 0.0, 0.0, 0.6000004, 0.0, 0.0, 0.0, 0.0, 0.0, 0.6153848, 0.0, 0.0, 0.0, 0.0, 0.0, 0.0, 0.0, 0.5846158, 0.46153840000000007, 0.6000003999999999, 0.0, 0.43076919999999996, 0.0, 0.0, 0.5846158, 0.5846156, 0.0, 0.0, 0.0, 0.0, 0.0, 0.5692311999999999, 0.0, 0.0], "timestamp": [0.1883214450062951, 0.10113733299658634, 0.23779913000180386, 0.2757721109956037, 0.09997382899746299, 0.31295434800267685, 0.6606175320048351, 0.3841656839940697, 0.4412057769950479, 0.5212742449948564, 0.5485521800001152, 0.4829975809989264, 0.6156319610017817, 0.7528750869969372, 0.8018240319943288, 0.8392999969946686, 0.7120596710010432, 0.885179295000853, 0.926712464002776, 1.022243351006182, 0.9816564250068041, 1.1185851600021124, 1.0776435029983986, 1.257442271002219, 1.1564684769982705, 1.217328044003807, 1.3017151179956272, 1.5482318569993367, 1.363144935996388, 1.3628627370053437, 1.4583587429951876, 1.590732244992978, 1.5013793959951727, 2.0204835180047667, 1.8648720509954728, 1.668604922000668, 1.7102132580039324, 1.8304059980000602, 1.7579354170011356, 1.907651272995281, 2.149790541996481, 1.94715257200005, 2.1902719820063794, 2.070827447998454, 2.3458745529933367, 2.1100578299956396, 2.386465584000689, 2.266765941007179, 2.3072469110047678, 2.4348683069983963, 2.694167102003121, 2.5218916830053786, 2.59704360399337, 2.768922838004073, 2.5565288689977024, 2.6417820890055737, 2.9309885039983783, 2.885294398001861, 2.768094345999998, 2.846802090993151, 2.97705861000577, 3.5024179780011764, 3.100819857994793, 3.0999504100036575, 3.047223264002241, 3.1763149670005077, 3.2070266189984977, 3.2751233489980223, 3.4514091610035393, 3.3810773199948017, 3.4208960630057845, 3.3248083229991607, 3.541012931993464, 3.5854174790001707, 3.6976383620058186, 4.029363943001954, 3.651305057996069, 3.733725507001509, 3.781346700998256, 3.8161711930006277, 3.887123285996495, 3.981553742007236, 3.9370979679952143, 4.132425374002196, 4.271400369994808, 4.772425702001783, 4.093226113996934, 4.167675523000071, 4.21804971799429, 4.335849526993115, 4.453793481006869, 4.3800034540035995, 4.420236613004818, 4.50448949499696, 4.580828110003495, 4.621295246994123, 4.659966192994034, 4.7406766890053404, 4.691314391006017, 4.810668214006], "final_accuracy": ["accuracy", 0.7692307692307693]}