{"trial_id": [0, 1, 2, 3, 4, 5, 6, 7, 8, 9, 10, 11, 12, 13, 14, 15, 16, 17, 18, 19, 20, 21, 22, 23, 24, 25, 26, 27, 28, 29, 30, 31, 32, 33, 34, 35, 36, 37, 38, 39, 40, 41, 42, 43, 44, 45, 46, 47, 48, 49, 50, 51, 52, 53, 54, 55, 56, 57, 58, 59, 60, 61, 62, 63, 64, 65, 66, 67, 68, 69, 70, 71, 72, 73, 74, 75, 76, 77, 78, 79, 80, 81, 82, 83, 84, 85, 86, 87, 88, 89, 90, 91, 92, 93, 94, 95, 96, 97, 98, 99], "cv_accuracy": [0.6615388, 0.6615388, 0.0, 0.0, 0.6615388, 0.0, 0.0, 0.0, 0.0, 0.0, 0.6307695999999999, 0.0, 0.0, 0.7076924, 0.0, 0.0, 0.0, 0.0, 0.6615388, 0.0, 0.0, 0.6615388, 0.0, 0.0, 0.0, 0.0, 0.0, 0.0, 0.6000004, 0.0, 0.0, 0.0, 0.6615388, 0.0, 0.0, 0.0, 0.0, 0.7230772, 0.0, 0.0, 0.0, 0.0, 0.0, 0.0, 0.7538464, 0.0, 0.4923076, 0.0, 0.0, 0.6307696, 0.0, 0.7384618000000001, 0.6461542, 0.7384618000000001, 0.6307696, 0.0, 0.0, 0.6923079999999999, 0.0, 0.0, 0.0, 0.0, 0.0, 0.6461542, 0.0, 0.7230772, 0.0, 0.6461542, 0.0, 0.6307696, 0.0, 0.6615388, 0.0, 0.6461542, 0.0, 0.0, 0.0, 0.0, 0.0, 0.0, 0.0, 0.0, 0.0, 0.0, 0.0, 0.0, 0.0, 0.0, 0.0, 0.0, 0.0, 0.0, 0.6000002, 0.6461542, 0.0, 0.0, 0.0, 0.0, 0.0, 0.0], "timestamp": [0.3111869679996744, 0.5502053820091533, 0.16495304100681096, 0.10811801100498997, 0.2487331870070193, 0.16407055300078355, 0.3708883590006735, 0.4601962950109737, 0.50178472600237, 0.4169513490051031, 0.7879907650058158, 0.6054944930074271, 0.6489554040017538, 1.0458271160023287, 0.6915699630044401, 0.7431268570071552, 0.8403958220005734, 0.883402075007325, 1.2879900350089883, 0.947864447007305, 0.9932257270120317, 1.6225550189992646, 1.0863204500055872, 1.1597227989987005, 1.1991598210006487, 1.3355157600017264, 1.2495124300039606, 1.4036410010012332, 1.4437239810067695, 1.4926393900095718, 1.5788632960029645, 1.5431051300110994, 1.9309734980051871, 1.6832547820085892, 1.730843483004719, 1.7894904790009605, 1.8311918780091219, 2.0277015950123314, 1.8844409490120597, 1.9305578589992365, 2.067931238998426, 2.110212452011183, 2.1677574070054106, 2.2250147349986946, 2.3088583150092745, 2.270184111999697, 2.759189692005748, 2.36354967400257, 2.4075745310110506, 2.466511097998591, 2.5200053459993796, 2.701914615012356, 2.6475191290082876, 3.345944745000452, 2.799965638012509, 2.606859115010593, 2.8455916610109853, 3.08664949600643, 2.902128685003845, 2.9616426580032567, 2.9999273710127454, 3.0427810630062595, 3.1398995500057936, 3.245671222000965, 3.2012035730003845, 4.075725125003373, 3.290460507007083, 3.4051149010047084, 3.4504287250019843, 3.490598326010513, 3.530748331002542, 3.7472728630091297, 3.6130940660077613, 3.8026218010054436, 3.7030106790043646, 3.6587782660062658, 3.9085228180047125, 3.863804061009432, 3.9467503880005097, 3.9865228080016095, 4.038102652004454, 4.137901164998766, 4.222904638008913, 4.181847359999665, 4.260855867003556, 4.3596078580012545, 4.316694787004963, 4.421918379011913, 4.511043917998904, 4.546816433008644, 4.468834728002548, 4.635355733000324, 4.600282490006066, 4.751507503999164, 4.7061145000043325, 4.824477974005276, 4.785855176000041, 4.8930708410043735, 4.861796944998787, 4.935927933998755], "final_accuracy": ["accuracy", 0.38461538461538464]}