{"trial_id": [0, 1, 2, 3, 4, 5, 6, 7, 8, 9, 10, 11, 12, 13, 14, 15, 16, 17, 18, 19, 20, 21, 22, 23, 24, 25, 26, 27, 28, 29, 30, 31, 32, 33, 34, 35, 36, 37, 38, 39, 40, 41, 42, 43, 44, 45, 46, 47, 48, 49, 50, 51, 52, 53, 54, 55, 56, 57, 58, 59, 60, 61, 62, 63, 64, 65, 66, 67, 68, 69, 70, 71, 72, 73, 74, 75, 76, 77, 78, 79, 80, 81, 82, 83, 84, 85, 86, 87, 88, 89, 90, 91, 92, 93, 94, 95, 96, 97, 98, 99], "cv_accuracy": [0.0, 0.7127274, 0.7127274000000001, 0.47818179999999993, 0.0, 0.0, 0.0, 0.5763638, 0.0, 0.7127274, 0.0, 0.0, 0.7127274, 0.0, 0.0, 0.0, 0.0, 0.0, 0.0, 0.7145456, 0.0, 0.0, 0.6345456, 0.0, 0.0, 0.0, 0.45999999999999996, 0.0, 0.0, 0.0, 0.6945456, 0.0, 0.0, 0.0, 0.0, 0.0, 0.0, 0.6945456, 0.0, 0.6545456, 0.0, 0.0, 0.0, 0.0, 0.0, 0.0, 0.0, 0.6163638, 0.0, 0.0, 0.0, 0.0, 0.0, 0.0, 0.0, 0.0, 0.0, 0.20909080000000002, 0.0, 0.7127274, 0.7127274, 0.0, 0.0, 0.7127274, 0.0, 0.0, 0.0, 0.0, 0.0, 0.0, 0.0, 0.7145456, 0.0, 0.0, 0.0, 0.0, 0.7127274, 0.0, 0.0, 0.7127274, 0.0, 0.6363638, 0.6945456, 0.0, 0.0, 0.0, 0.7127274, 0.0, 0.7327274000000001, 0.0, 0.0, 0.0, 0.0, 0.0, 0.7127274, 0.0, 0.4036364, 0.0, 0.0, 0.0], "timestamp": [0.11371883199899457, 0.29809753099107184, 0.3686593939928571, 0.25627330799761694, 0.16711708799994085, 0.16794136998942122, 0.41817639699729625, 0.4982199059886625, 0.45847814599983394, 0.5856927079876186, 0.5366097989899572, 0.6503595019894419, 1.2575359959882917, 0.702627708989894, 0.7791669609869132, 0.7421402049949393, 0.8263021359889535, 0.8902339099877281, 0.9435993499937467, 1.3519719509931747, 0.9856310729956022, 1.1133389819879085, 1.2064502499997616, 1.1634137589862803, 1.0647760839929106, 1.3008542099996703, 1.4847528849932132, 1.4408604719938012, 1.4068883979925886, 1.5319633429899113, 1.6413713439978892, 1.5901316749950638, 1.7283875509892823, 1.6827114519983297, 1.7685031019937014, 1.8090186329936842, 1.8711396929866169, 2.0681672020000406, 1.9235436779999873, 2.1153812809934607, 2.010867231991142, 1.9710356019932078, 2.155372859997442, 2.1997881469869753, 2.286293063996709, 2.2447058509860653, 2.336454034986673, 2.3853038329980336, 2.4246114129928173, 2.4694839989970205, 2.5115138409892097, 2.5600911259971326, 2.607364183990285, 2.662365725991549, 2.7025267709977925, 2.7434429949935293, 2.7794710689922795, 2.839430975000141, 2.8802276739879744, 3.2280539009952918, 3.337851594988024, 2.963455842997064, 3.075663708994398, 3.5182238559937105, 3.008019731991226, 3.1804967549978755, 3.1374898449867032, 3.2785156369936885, 3.3840130739990855, 3.4319520609860774, 3.4731597359932493, 3.7719806649984093, 3.7222128879948286, 3.5826828699937323, 3.626482440988184, 3.676825419999659, 3.7724895989958895, 3.848220837986446, 3.8927377219952177, 4.159482257993659, 3.9588982869900065, 4.233234364990494, 4.113873458991293, 4.018991934994119, 4.06507555799908, 4.193896583994501, 4.550989379000384, 4.289964398994925, 4.700634962995537, 4.446392743993783, 4.363971403989126, 4.3634439049928915, 4.487575210994692, 4.606327951987623, 4.897569757988094, 4.651316725998186, 4.739250514990999, 4.781049097000505, 4.822425617996487, 4.861479497994878], "final_accuracy": ["accuracy", 0.38461538461538464]}