{"trial_id": [0, 1, 2, 3, 4, 5, 6, 7, 8, 9, 10, 11, 12, 13, 14, 15, 16, 17, 18, 19, 20, 21, 22, 23, 24, 25, 26, 27, 28, 29, 30, 31, 32, 33, 34, 35, 36, 37, 38, 39, 40, 41, 42, 43, 44, 45, 46, 47, 48, 49, 50, 51, 52, 53, 54, 55, 56, 57, 58, 59, 60, 61, 62, 63, 64, 65, 66, 67, 68, 69, 70, 71, 72, 73, 74, 75, 76, 77, 78, 79, 80, 81, 82, 83, 84, 85, 86, 87, 88, 89, 90, 91, 92, 93, 94, 95, 96, 97, 98, 99], "cv_accuracy": [0.0, 0.0, 0.0, 0.0, 0.6163638, 0.0, 0.0, 0.0, 0.0, 0.0, 0.43454560000000003, 0.5745456, 0.0, 0.0, 0.0, 0.0, 0.0, 0.0, 0.0, 0.49454560000000003, 0.0, 0.0, 0.0, 0.0, 0.0, 0.0, 0.0, 0.0, 0.0, 0.0, 0.6527274000000001, 0.0, 0.0, 0.0, 0.0, 0.49818179999999995, 0.0, 0.0, 0.0, 0.0, 0.0, 0.0, 0.0, 0.0, 0.0, 0.0, 0.0, 0.0, 0.0, 0.0, 0.0, 0.0, 0.0, 0.5145455999999999, 0.6327274, 0.0, 0.0, 0.5981820000000001, 0.0, 0.6327274, 0.0, 0.0, 0.0, 0.5563638, 0.0563636, 0.0, 0.0, 0.0, 0.0, 0.0, 0.5781820000000001, 0.0, 0.0, 0.0, 0.0, 0.47818179999999993, 0.0, 0.49636379999999997, 0.0, 0.0, 0.5963638, 0.0, 0.5163637999999999, 0.0, 0.0, 0.0, 0.0, 0.0, 0.0, 0.0, 0.0, 0.0, 0.0, 0.0, 0.49818179999999995, 0.4036364, 0.0, 0.5963638, 0.0, 0.0], "timestamp": [0.2473943199875066, 0.21039558098709676, 0.16977604199200869, 0.2905317789991386, 0.3631098240002757, 0.11778410499391612, 0.41279825298988726, 0.45159551899996586, 0.45218059499165975, 0.5251624749944312, 1.0486719339969568, 0.978059740999015, 0.6605613360006828, 0.7311763839970808, 0.6608962280006381, 0.6124692039884394, 0.8201295749895507, 0.9122760709869908, 0.9125855780002894, 0.8707707919966197, 1.093829551988165, 1.1394342989951838, 1.2508146799955284, 1.2155820019979728, 1.1742717909946805, 1.3077248439949472, 1.3575267359992722, 1.4006543409923324, 1.6283968819916481, 1.4372275119967526, 1.7231799139990471, 1.4994678009970812, 1.5522946579876589, 1.5973065689904615, 1.6847418979887152, 1.9120570329978364, 1.7784995889960555, 1.8648284429946216, 1.8210949359927326, 1.9550873309926828, 1.993676713987952, 2.0520021699921926, 2.0917297979904106, 2.137822705000872, 2.1810254189913394, 2.221740367996972, 2.263172743987525, 2.3570388959924458, 2.3186745759885525, 2.394300307991216, 2.4489763129968196, 2.526502113993047, 2.4898254299914697, 2.849633359001018, 2.7363053659937577, 2.591070808994118, 2.649550507994718, 2.7847598179941997, 2.693475435997243, 3.22667258499132, 2.8945870289899176, 2.9345425279898336, 2.9762962109962245, 3.0302510549954604, 3.4365320669894572, 3.104165168988402, 3.1048194879986113, 3.1853371359902667, 3.2729570379888173, 3.3554711530014174, 3.5693605869892053, 3.433243508989108, 3.3989695419877535, 3.503368674995727, 3.623307304995251, 3.7098839609971037, 3.786568293988239, 3.752246047995868, 3.663280027991277, 3.849374737998005, 3.9969392439961666, 3.9068701849901117, 4.53026287999819, 4.045734816987533, 3.9588264279882424, 4.085870517999865, 4.140977931994712, 4.240876526993816, 4.1998539219930535, 4.290679827987333, 4.331644197998685, 4.384712285987916, 4.487818351000897, 4.448763976994087, 4.576891004995559, 4.576184434001334, 4.653174327992019, 4.785005473997444, 4.701218015994527, 4.739280141991912], "final_accuracy": ["accuracy", 0.6538461538461539]}