{"2":0.403689861297607,"4":0.43011212348938,"3":0.402748584747314,"5":0.414544582366943,"1":0.405338525772095}
