{"1": 8.39978551864624, "2": 8.449082612991333, "3": 8.407736778259277, "4": 8.035337209701538, "5": 8.080894947052002}