{"trial_id": [0, 1, 2, 3, 4, 5, 6, 7, 8, 9, 10, 11, 12, 13, 14, 15, 16, 17, 18, 19, 20, 21, 22, 23, 24, 25, 26, 27, 28, 29, 30, 31, 32, 33, 34, 35, 36, 37, 38, 39, 40, 41, 42, 43, 44, 45, 46, 47, 48, 49, 50, 51, 52, 53, 54, 55, 56, 57, 58, 59, 60, 61, 62, 63, 64, 65, 66, 67, 68, 69, 70, 71, 72, 73, 74, 75, 76, 77, 78, 79, 80, 81, 82, 83, 84, 85, 86, 87, 88, 89, 90, 91, 92, 93, 94, 95, 96, 97, 98, 99], "cv_accuracy": [0.0, 0.0, 0.0, 0.0, 0.652381, 0.0, 0.0, 0.0, 0.7190476, 0.0, 0.0, 0.0, 0.0, 0.0, 0.0, 0.0, 0.0, 0.0, 0.0, 0.0, 0.0, 0.0, 0.0, 0.0, 0.0, 0.0, 0.0, 0.0, 0.0, 0.0, 0.609524, 0.0, 0.0, 0.0, 0.0, 0.6714286, 0.0, 0.7190478, 0.0, 0.0, 0.0, 0.0, 0.0, 0.0, 0.0, 0.0, 0.0, 0.0, 0.0, 0.0, 0.0, 0.8047618, 0.0, 0.0, 0.0, 0.609524, 0.0, 0.8380951999999999, 0.0, 0.0, 0.7428573999999999, 0.0, 0.0, 0.0, 0.0, 0.0, 0.0, 0.7761904000000001, 0.0, 0.0, 0.0, 0.0, 0.0, 0.0, 0.0, 0.0, 0.0, 0.0, 0.0, 0.0, 0.0, 0.0, 0.6904763999999999, 0.0, 0.0, 0.0, 0.0, 0.0, 0.0, 0.8047618, 0.0, 0.0, 0.0, 0.0, 0.0, 0.0, 0.0, 0.0, 0.0, 0.0], "timestamp": [0.19939552900905255, 0.1075070650113048, 0.19678772499901243, 0.10882053700333927, 0.33338807700783946, 0.1991103480104357, 0.4351892940030666, 0.5102138360089157, 0.6102121320000151, 0.46955469000386074, 0.39178469200851396, 0.5594108730001608, 0.6741125520056812, 0.8906157780002104, 0.7148398340068525, 0.7503590889973566, 0.7973718310095137, 0.8423253259970807, 0.9530343540100148, 1.0291201259969966, 0.9963861940050265, 1.0715358390007168, 1.117249355011154, 1.1610549180040834, 1.2262111419986468, 1.3123235850071069, 1.2708628490072442, 1.3513031720067374, 1.399130386998877, 1.4393024169985438, 1.5590061560069444, 1.5153739090019371, 1.6358365120104281, 1.59258854300424, 1.7182630059978692, 1.6773981660080608, 1.7985518780042185, 2.031225622005877, 1.8428680280048866, 1.8819342460046755, 1.9244969900028082, 1.923811939006555, 2.0797660920070484, 2.1230769679968944, 2.123978702002205, 2.2449588940071408, 2.2008904730028007, 2.312411286009592, 2.3619474489969434, 2.4095362220105017, 2.4458447939978214, 2.543726861011237, 2.4856162979995133, 2.590305959005491, 2.640511461009737, 2.775178167008562, 2.6945178150053835, 2.737235999011318, 2.8269411619985476, 2.8736027450067922, 2.9455285010044463, 2.985474326997064, 3.060762335007894, 3.0272250270063523, 3.1079874069982907, 3.1497026610013563, 3.2238457260100404, 3.677262498997152, 3.262652135003009, 3.3050239560107, 3.39118784799939, 3.350115225010086, 3.5054620779992547, 3.469018417003099, 3.5533936610008823, 3.59665833300096, 3.636451742000645, 3.789265302999411, 3.7446505650004838, 3.828124908002792, 3.881351504009217, 3.9878222800034564, 4.159594782002387, 3.946954041006393, 4.06836741999723, 4.023151144006988, 4.118658111008699, 4.228643791997456, 4.2684783060103655, 4.628687642005389, 4.309754317000625, 4.394942013997934, 4.3585082680074265, 4.474844958996982, 4.511500936001539, 4.551995034998981, 4.67078276500979, 4.5933557100070175, 4.707511575004901, 4.741044374997728], "final_accuracy": ["accuracy", 0.875]}