{"trial_id": [0, 1, 2, 3, 4, 5, 6, 7, 8, 9, 10, 11, 12, 13, 14, 15, 16, 17, 18, 19, 20, 21, 22, 23, 24, 25, 26, 27, 28, 29, 30, 31, 32, 33, 34, 35, 36, 37, 38, 39, 40, 41, 42, 43, 44, 45, 46, 47, 48, 49, 50, 51, 52, 53, 54, 55, 56, 57, 58, 59, 60, 61, 62, 63, 64, 65, 66, 67, 68, 69, 70, 71, 72, 73, 74, 75, 76, 77, 78, 79, 80, 81, 82, 83, 84, 85, 86, 87, 88, 89, 90, 91, 92, 93, 94, 95, 96, 97, 98, 99], "cv_accuracy": [0.0, 0.8047619999999999, 0.0, 0.0, 0.0, 0.0, 0.0, 0.0, 0.0, 0.0, 0.0, 0.5333334, 0.0, 0.0, 0.0, 0.8142858000000001, 0.0, 0.8142858000000001, 0.0, 0.0, 0.0, 0.0, 0.0, 0.0, 0.0, 0.0, 0.0, 0.0, 0.0, 0.0, 0.0, 0.0, 0.0, 0.0, 0.0, 0.0, 0.0, 0.0, 0.0, 0.0, 0.0, 0.0, 0.0, 0.0, 0.0, 0.7428572, 0.0, 0.0, 0.0, 0.0, 0.0, 0.0, 0.0, 0.0, 0.8047619999999999, 0.0, 0.0, 0.704762, 0.0, 0.0, 0.0, 0.0, 0.0, 0.0, 0.0, 0.0, 0.0, 0.6000002, 0.5571432, 0.0, 0.0, 0.0, 0.0, 0.0, 0.0, 0.0, 0.0, 0.0, 0.0, 0.0, 0.0, 0.0, 0.0, 0.0, 0.0, 0.0, 0.0, 0.0, 0.0, 0.6857144, 0.0, 0.0, 0.0, 0.0, 0.0, 0.0, 0.41904779999999997, 0.0, 0.0, 0.0], "timestamp": [0.11769628099864349, 0.32907983599579893, 0.2811190899956273, 0.16785410899319686, 0.1186660050007049, 0.2068193619925296, 0.5658184419880854, 0.4417812219908228, 0.48278648300038185, 0.5219799369951943, 0.39826588598953094, 0.8453116029995726, 0.6463849790015956, 0.7341191519954009, 0.772649285994703, 0.8845806929894025, 0.6995170570007758, 1.1710987769911299, 0.9886170459940331, 1.0306504119944293, 0.9360633850010345, 1.1319881429953966, 1.088754861993948, 1.2156954789970769, 1.2691077119961847, 1.3111941979877884, 1.3714269639895065, 1.4545564139989438, 1.4136602109938394, 1.493536704001599, 1.554197095989366, 1.5549667890009005, 1.653799955995055, 1.701899516992853, 1.7780344569910085, 1.7026987569988705, 1.8706570039939834, 1.830614793987479, 1.9266096349892905, 2.049012428993592, 2.008137912998791, 1.970432501999312, 2.1043889969878364, 2.1479636180010857, 2.2055440159892896, 2.3561174380010925, 2.2550432629941497, 2.2543407269986346, 2.3914099039975554, 2.355337305998546, 2.468974644987611, 2.5624018969974713, 2.5162787799927173, 2.62841664798907, 2.717184783992707, 2.6692083480011206, 2.7453338709892705, 2.99499143299181, 2.7970387839886826, 2.871175526001025, 2.9129443379933946, 3.0765635169955203, 2.9538493279978866, 3.0393711469951086, 3.1614197039889405, 3.2392608929949347, 3.2007591939909616, 3.279101530992193, 3.602221371998894, 3.3226881079899613, 3.4350586609944003, 3.4785224179940997, 3.399808206988382, 3.517525374991237, 3.5585244959947886, 3.8010699419974117, 3.6834900690009817, 3.7246466599899577, 3.724817691996577, 3.8900541699986206, 3.849066294991644, 3.97717634998844, 4.105226453000796, 4.173910976998741, 4.065412059993832, 4.1362571789941285, 4.029483138991054, 4.2478701770014595, 4.420306142987101, 4.673921555993729, 4.381856241001515, 4.344231721988763, 4.303443590993993, 4.490825603992562, 4.589213268991443, 4.625997697992716, 4.750693910988048, 4.546496675990056, 4.714425358994049, 4.787610503000906], "final_accuracy": ["accuracy", 0.75]}