{"trial_id": [0, 1, 2, 3, 4, 5, 6, 7, 8, 9, 10, 11, 12, 13, 14, 15, 16, 17, 18, 19, 20, 21, 22, 23, 24, 25, 26, 27, 28, 29, 30, 31, 32, 33, 34, 35, 36, 37, 38, 39, 40, 41, 42, 43, 44, 45, 46, 47, 48, 49, 50, 51, 52, 53, 54, 55, 56, 57, 58, 59, 60, 61, 62, 63, 64, 65, 66, 67, 68, 69, 70, 71, 72, 73, 74, 75, 76, 77, 78, 79, 80, 81, 82, 83, 84, 85, 86, 87, 88, 89, 90, 91, 92, 93, 94, 95, 96, 97, 98, 99], "cv_accuracy": [0.8300000000000001, 0.0, 0.0, 0.0, 0.0, 0.0, 0.0, 0.0, 0.0, 0.0, 0.0, 0.0, 0.0, 0.0, 0.0, 0.0, 0.0, 0.0, 0.0, 0.0, 0.96, 0.0, 0.0, 0.0, 0.0, 0.9199999999999999, 0.0, 0.0, 0.0, 0.0, 0.0, 0.0, 0.9199999999999999, 0.0, 0.0, 0.0, 0.0, 0.0, 0.0, 0.0, 0.0, 0.0, 0.0, 0.0, 0.0, 0.58, 0.0, 0.0, 0.0, 0.0, 0.0, 0.0, 0.0, 0.0, 0.0, 0.0, 0.0, 0.0, 0.0, 0.0, 0.9199999999999999, 0.0, 0.0, 0.0, 0.0, 0.0, 0.0, 0.0, 0.0, 0.0, 0.0, 0.0, 0.0, 0.0, 0.0, 0.0, 0.0, 0.0, 0.0, 0.0, 0.9199999999999999, 0.0, 0.0, 0.0, 0.0, 0.0, 0.0, 0.9199999999999999, 0.0, 0.0, 0.0, 0.0, 0.0, 0.0, 0.0, 0.0, 0.0, 0.0, 0.96, 0.0], "timestamp": [0.41137813199020457, 0.11356839998916257, 0.1123169429920381, 0.1628077729983488, 0.23918893399240915, 0.16313243699551094, 0.4917812019994017, 0.45246318499266636, 0.571268418992986, 0.49126205198990647, 0.3687432659935439, 0.6550623749935767, 0.694582026990247, 0.8119682459946489, 0.772516764991451, 0.736876057999325, 0.7374622779898345, 0.9728002060001018, 0.9374625989876222, 1.0954798359889537, 1.1650774459994864, 1.0592903409997234, 0.9365132179955253, 1.2254956830001902, 1.2649374259926844, 1.5496742239920422, 1.34428264098824, 1.2640340849902714, 1.4052217110001948, 1.5944085819937754, 1.510551740997471, 1.4697424240002874, 1.689233360986691, 1.6409018779959297, 1.7471639909927035, 1.7850984879914904, 1.825936687993817, 1.8693778559972998, 1.9098115300002974, 1.9600682929885807, 2.0176697930000955, 2.0568566669971915, 2.1089711829990847, 2.1430297449987847, 2.178120274998946, 2.2941320949903456, 2.339420919000986, 2.2502207809884567, 2.4239750169945182, 2.4245541489945026, 2.381041775995982, 2.51844681998773, 2.563606087991502, 2.611660195994773, 2.649179108993849, 2.6969284389924724, 2.695752077997895, 2.789494559998275, 2.8328540539951064, 2.884888458997011, 3.0104736289940774, 2.9318693069944857, 2.966946549990098, 3.1051199099892983, 3.0628146459930576, 3.155951583990827, 3.2414252729940927, 3.2059491939871805, 3.2807955969910836, 3.3350579859979916, 3.3803135249909246, 3.425856728994404, 3.4756527909921715, 3.5147664369869744, 3.5562588600005256, 3.6115788419992896, 3.654095456993673, 3.7067248479870614, 3.7494178310007555, 3.7899261040001875, 4.0787378559907665, 3.8466061179933604, 3.8904414309945423, 3.9434893329889746, 3.9864566379983444, 3.9858692249981686, 4.122167870998965, 4.188048618991161, 4.18891341399285, 4.308083195996005, 4.268900762996054, 4.354013757998473, 4.414189054994495, 4.506183827994391, 4.464236138999695, 4.585932717993273, 4.547051244997419, 4.619880555997952, 4.709179631987354, 4.669895214989083], "final_accuracy": ["accuracy", 0.4375]}