{"trial_id": [0, 1, 2, 3, 4, 5, 6, 7, 8, 9, 10, 11, 12, 13, 14, 15, 16, 17, 18, 19, 20, 21, 22, 23, 24, 25, 26, 27, 28, 29, 30, 31, 32, 33, 34, 35, 36, 37, 38, 39, 40, 41, 42, 43, 44, 45, 46, 47, 48, 49, 50, 51, 52, 53, 54, 55, 56, 57, 58, 59, 60, 61, 62, 63, 64, 65, 66, 67, 68, 69, 70, 71, 72, 73, 74, 75, 76, 77, 78, 79, 80, 81, 82, 83, 84, 85, 86, 87, 88, 89, 90, 91, 92, 93, 94, 95, 96, 97, 98, 99], "cv_accuracy": [0.0, 0.0, 0.7142858000000001, 0.0, 0.0, 0.24285699999999996, 0.0, 0.5761902, 0.0, 0.0, 0.0, 0.0, 0.0, 0.0, 0.0, 0.0, 0.0, 0.0, 0.7714285999999999, 0.0, 0.0, 0.0, 0.0, 0.0, 0.0, 0.0, 0.0, 0.0, 0.0, 0.0, 0.0, 0.0, 0.0, 0.0, 0.7095239999999999, 0.0, 0.0, 0.7714285999999999, 0.7714285999999999, 0.7714285999999999, 0.0, 0.0, 0.0, 0.4904762, 0.0, 0.0, 0.0, 0.5619046, 0.0, 0.0, 0.5809524, 0.0, 0.8142856, 0.5333332000000001, 0.0, 0.0, 0.6190477999999999, 0.0, 0.0, 0.0, 0.0, 0.0, 0.0, 0.0, 0.0, 0.0, 0.0, 0.0, 0.0, 0.0, 0.0, 0.0, 0.0, 0.0, 0.0, 0.0, 0.0, 0.0, 0.0, 0.0, 0.0, 0.0, 0.0, 0.0, 0.0, 0.0, 0.0, 0.0, 0.0, 0.0, 0.0, 0.0, 0.0, 0.8095238, 0.7714285999999999, 0.0, 0.0, 0.0, 0.0, 0.0], "timestamp": [0.14891438699851278, 0.10282479799934663, 0.27654704499582294, 0.23427888700098265, 0.19295876800606493, 0.5170719239977188, 0.3482643769966671, 0.5900495530077023, 0.4261861599952681, 0.3896477749949554, 0.4730906830081949, 0.6350668249942828, 0.717635787994368, 0.6342843290040037, 0.757054538000375, 0.7936090680013876, 0.8608856979990378, 0.9111770809977315, 1.0659616170014488, 0.961060939996969, 0.998589652008377, 0.9982074160070624, 1.1430636599980062, 1.194338201006758, 1.2972292350023054, 1.2979032029979862, 1.3769439989991952, 1.2448702429974219, 1.4229105319973314, 1.4820045759988716, 1.5289767880021827, 1.6522970990044996, 1.5691168250050396, 1.6092549549939577, 2.250567630995647, 1.725464199000271, 1.7753720150067238, 1.8441034510033205, 1.8919355980033288, 2.0210548949980875, 1.9331223629997112, 1.9680427639978006, 2.0986482669977704, 2.181063632000587, 2.1417888330033747, 2.2081563039973844, 2.2929353619983885, 2.7869200029963395, 2.4325399000081234, 2.432962631995906, 2.5263243280060124, 2.3872821499971906, 2.6993865260010352, 2.7318771720019868, 2.6026856700045755, 2.654430833994411, 2.8821130730066216, 2.84636269499606, 2.920342386001721, 2.9998247159965103, 2.9606734859989956, 3.063890385994455, 3.1219185770023614, 3.122194181996747, 3.194211644004099, 3.2830542140000034, 3.2429257220064756, 3.3423729040077887, 3.409910910006147, 3.4492970059945947, 3.448389433004195, 3.555290504998993, 3.4774948749982286, 3.6061711340007605, 3.891894162996323, 3.803697106006439, 3.7580381150037283, 3.680237656997633, 3.6810184399946593, 3.852612672999385, 4.044863121001981, 4.003187680995325, 3.966325853994931, 4.088901452996652, 4.172529365998344, 4.132008098997176, 4.2885463050042745, 4.441048823995516, 4.247639381996123, 4.332422241001041, 4.374907738005277, 4.4132893060013885, 4.518495217998861, 4.830554610001855, 4.782693037996069, 4.619222548994003, 4.6582138020021375, 4.567137334001018, 4.708162151000579, 4.745022685005097], "final_accuracy": ["accuracy", 0.875]}