{"trial_id": [0, 1, 2, 3, 4, 5, 6, 7, 8, 9, 10, 11, 12, 13, 14, 15, 16, 17, 18, 19, 20, 21, 22, 23, 24, 25, 26, 27, 28, 29, 30, 31, 32, 33, 34, 35, 36, 37, 38, 39, 40, 41, 42, 43, 44, 45, 46, 47, 48, 49, 50, 51, 52, 53, 54, 55, 56, 57, 58, 59, 60, 61, 62, 63, 64, 65, 66, 67, 68, 69, 70, 71, 72, 73, 74, 75, 76, 77, 78, 79, 80, 81, 82, 83, 84, 85, 86, 87, 88, 89, 90, 91, 92, 93, 94, 95, 96, 97, 98, 99], "cv_accuracy": [0.9199999999999999, 0.0, 0.0, 0.0, 0.0, 0.0, 0.0, 0.0, 0.0, 0.0, 0.0, 0.9199999999999999, 0.0, 0.0, 0.0, 0.0, 0.0, 0.0, 0.0, 0.0, 0.0, 0.0, 0.0, 0.9199999999999999, 0.0, 0.0, 0.0, 0.0, 0.0, 0.0, 0.0, 0.0, 0.0, 0.0, 0.0, 0.0, 0.0, 0.0, 0.9199999999999999, 0.0, 0.0, 0.0, 0.0, 0.0, 0.0, 0.0, 0.0, 0.0, 0.0, 0.0, 0.96, 0.0, 0.0, 0.0, 0.0, 0.0, 0.8400000000000001, 0.0, 0.0, 0.0, 0.0, 0.0, 0.0, 0.0, 0.0, 0.0, 0.0, 0.9199999999999999, 0.0, 0.0, 0.0, 0.0, 0.0, 0.0, 0.0, 0.0, 0.0, 0.0, 0.0, 0.0, 0.0, 0.0, 0.0, 0.0, 0.0, 0.0, 0.0, 0.0, 0.0, 0.0, 0.9199999999999999, 0.8699999999999999, 0.0, 0.0, 0.0, 0.8800000000000001, 0.0, 0.0, 0.0, 0.9199999999999999], "timestamp": [0.5676697390008485, 0.19651903399790172, 0.19471661999705248, 0.19709600300120655, 0.15140884200809523, 0.10564803100714926, 0.4056575919967145, 0.4441399710049154, 0.5210147220059298, 0.445008308000979, 0.3583732140104985, 0.6474929890100611, 0.8098121079965495, 0.6901040020020446, 0.7601519330055453, 0.6903201600071043, 0.8509481100045377, 0.934288579999702, 0.980016802001046, 1.0187439380097203, 1.0175691120093688, 1.0872753529984038, 1.0866293290018803, 1.4128723140020156, 1.3395741029962664, 1.3794351600081427, 1.2574095320014749, 1.3043829340022057, 1.2199480440031039, 1.5379854990023887, 1.496515281003667, 1.5810375980072422, 1.5821238790085772, 1.6896550039964495, 1.5819189120084047, 1.7735134219983593, 1.8575581250042887, 1.9437112910090946, 2.0096992290054914, 1.9013804080022965, 1.8176077910029562, 2.052267457009293, 2.096797610996873, 2.136085089005064, 2.1823731530021178, 2.1824688390042866, 2.282893901996431, 2.3261072730092565, 2.378093962004641, 2.418850799003849, 2.5724080720101483, 2.418496355006937, 2.529898717009928, 2.5719876360089984, 2.6634635730006266, 2.663851078003063, 2.7429116800049087, 2.814329273009207, 2.896554342005402, 2.857788734996575, 2.9441583980078576, 3.0270465210051043, 2.9830738150049, 3.0957489970023744, 3.13468882800953, 3.174238708001212, 3.232805075997021, 3.327677257999312, 3.2330347480019554, 3.458801682005287, 3.420342048004386, 3.380673193008988, 3.5123008380032843, 3.5579170609998982, 3.6066183619986987, 3.6599512560060248, 3.7375652030023048, 3.700417644009576, 3.795535634009866, 3.843417080002837, 3.888445110002067, 3.9440922390058404, 4.021306604001438, 3.9792294060025597, 4.070620539001538, 4.121003806998488, 4.16504310000164, 4.229568964001373, 4.229309825997916, 4.309917007005424, 4.616556635010056, 4.431399820998195, 4.370892065009684, 4.476757135009393, 4.516813744005049, 4.762145255997893, 4.57323708399781, 4.668500893996679, 4.698819621000439, 4.790100729005644], "final_accuracy": ["accuracy", 0.4375]}