{"trial_id": [0, 1, 2, 3, 4, 5, 6, 7, 8, 9, 10, 11, 12, 13, 14, 15, 16, 17, 18, 19, 20, 21, 22, 23, 24, 25, 26, 27, 28, 29, 30, 31, 32, 33, 34, 35, 36, 37, 38, 39, 40, 41, 42, 43, 44, 45, 46, 47, 48, 49, 50, 51, 52, 53, 54, 55, 56, 57, 58, 59, 60, 61, 62, 63, 64, 65, 66, 67, 68, 69, 70, 71, 72, 73, 74, 75, 76, 77, 78, 79, 80, 81, 82, 83, 84, 85, 86, 87, 88, 89, 90, 91, 92, 93, 94, 95, 96, 97, 98, 99], "cv_accuracy": [0.0, 0.0, 0.0, 0.06666659999999999, 0.0, 0.0, 0.0, 0.0, 0.0, 0.0, 0.0, 0.0, 0.0, 0.0, 0.8380951999999999, 0.0, 0.0333334, 0.0, 0.7761906, 0.0, 0.0, 0.0, 0.0, 0.0, 0.0, 0.0, 0.0, 0.06666659999999999, 0.0, 0.0, 0.6571429999999999, 0.8095238, 0.0, 0.0, 0.0, 0.0, 0.8666666, 0.0, 0.0, 0.0, 0.0, 0.0, 0.0, 0.0, 0.0, 0.0, 0.0, 0.0, 0.0, 0.0, 0.0, 0.0, 0.0, 0.0, 0.8047618, 0.0, 0.6, 0.0, 0.0, 0.0, 0.0, 0.0, 0.0, 0.7476191999999999, 0.0, 0.0, 0.0, 0.0, 0.0, 0.06666659999999999, 0.0, 0.0, 0.0, 0.0, 0.0, 0.7761906, 0.7428572, 0.0, 0.0, 0.0, 0.9, 0.0, 0.1571428, 0.0, 0.0, 0.0, 0.0, 0.0, 0.0, 0.0, 0.06666659999999999, 0.0, 0.0, 0.0, 0.0, 0.0, 0.0, 0.0, 0.0, 0.0], "timestamp": [0.14113664098840673, 0.22516604598786216, 0.1404704549931921, 0.22486427098920103, 0.09932842999114655, 0.22538663398881909, 0.47682690298825037, 0.3987756169954082, 0.39958449600089807, 0.5164446330018109, 0.5916940699971747, 0.5160984129906865, 0.7919848739984445, 0.718406486994354, 0.8331687600002624, 0.7608976289920975, 0.8934414489922347, 0.6823646319971886, 1.1213752329931594, 0.9590341209986946, 1.0357212989911204, 0.9949543319962686, 1.0350828779919539, 1.1683427009993466, 1.2325740509986645, 1.2689898449898465, 1.3487697249947814, 1.3079079969902523, 1.3972621399880154, 1.4411950239882572, 1.5451787399942987, 1.937510124000255, 1.51005428499775, 1.5873004979948746, 1.6371159849950345, 1.6815526009886526, 2.2135607519885525, 1.7505756759928772, 1.786916888988344, 1.8410061999893514, 1.8801903229905292, 2.032603069994366, 1.9909950430010213, 2.0827734249905916, 2.123746621000464, 2.1726084940019064, 2.2584437069890555, 2.3044819999922765, 2.345996681993711, 2.39343346998794, 2.4424409169878345, 2.4868506740021985, 2.5327446719893487, 2.576851951991557, 2.6816034369985573, 2.6297991369938245, 2.7261320959951263, 2.769255492996308, 2.8141492149879923, 2.8540328439994482, 2.909939641991514, 2.964913366988185, 3.0079888269974617, 3.502198652990046, 3.106418190000113, 3.066042356993421, 3.1541543469938915, 3.212589754999499, 3.2506288169970503, 3.319170356000541, 3.351553900996805, 3.3185943059943384, 3.543877424992388, 3.4595984409970697, 3.646445848993608, 3.74000690599496, 3.5997681159933563, 3.704349559993716, 3.740505655994639, 3.817827587001375, 4.328672256000573, 3.8819595690001734, 4.613267699998687, 3.986585669001215, 4.0321474359952845, 3.944882037991192, 4.084579349990236, 4.153207444993313, 4.192023810988758, 4.241342417997657, 4.286916803001077, 4.435562528989976, 4.392457455993281, 4.482030585990287, 4.5291274929913925, 4.567932031000964, 4.662627019992215, 4.698252189991763, 4.737333158002002, 4.774287651991472], "final_accuracy": ["accuracy", 0.0]}