{"trial_id": [0, 1, 2, 3, 4, 5, 6, 7, 8, 9, 10, 11, 12, 13, 14, 15, 16, 17, 18, 19, 20, 21, 22, 23, 24, 25, 26, 27, 28, 29, 30, 31, 32, 33, 34, 35, 36, 37, 38, 39, 40, 41, 42, 43, 44, 45, 46, 47, 48, 49, 50, 51, 52, 53, 54, 55, 56, 57, 58, 59, 60, 61, 62, 63, 64, 65, 66, 67, 68, 69, 70, 71, 72, 73, 74, 75, 76, 77, 78, 79, 80, 81, 82, 83, 84, 85, 86, 87, 88, 89, 90, 91, 92, 93, 94, 95, 96, 97, 98, 99], "cv_accuracy": [0.0, 0.0, 0.0, 0.7714285999999999, 0.0, 0.0, 0.0, 0.7714285999999999, 0.0, 0.0, 0.0, 0.7714285999999999, 0.0, 0.0, 0.0, 0.7142858000000001, 0.0, 0.0, 0.8428570000000001, 0.0, 0.0, 0.0, 0.7428572, 0.0, 0.0666668, 0.0, 0.0, 0.0666668, 0.0, 0.0, 0.0, 0.0, 0.0, 0.0, 0.0, 0.0, 0.0, 0.0, 0.0, 0.0, 0.0, 0.0, 0.0, 0.0, 0.0, 0.0, 0.0, 0.7714285999999999, 0.7428572, 0.0, 0.0, 0.3571428, 0.0, 0.0, 0.7714285999999999, 0.7714285999999999, 0.0, 0.0, 0.0, 0.7714285999999999, 0.6238096, 0.0, 0.752381, 0.0, 0.0, 0.0, 0.0, 0.0, 0.0, 0.0, 0.0, 0.0, 0.0, 0.0, 0.7714285999999999, 0.0, 0.0, 0.0, 0.0, 0.0, 0.0, 0.0, 0.8428570000000001, 0.0, 0.0, 0.0, 0.0, 0.0, 0.0, 0.0, 0.34285699999999997, 0.0, 0.0, 0.0, 0.0, 0.0, 0.0, 0.6238096, 0.0666668, 0.0], "timestamp": [0.10777163899911102, 0.23078165999322664, 0.10662648099241778, 0.3354754989995854, 0.10750302599626593, 0.23027134100266267, 0.43382851999194827, 0.5568635999952676, 0.4330384729983052, 0.39425061899237335, 0.5100208829971962, 1.3455066070018802, 0.6420471960009309, 0.6834414409968304, 0.7215086939977482, 0.8014988039940363, 0.7624647170014214, 0.8913853870035382, 1.5194219419936417, 0.9330696050019469, 1.0114109629939776, 0.9721553589915857, 1.2331055819959147, 1.1860793319938239, 1.1444378969899844, 1.1050624459894607, 1.3894080570025835, 1.3100252559961518, 1.4324532829923555, 1.4697517759923358, 1.6282008429989219, 1.5890928449953208, 1.6290866539929993, 1.7511281009938102, 1.7125798979977844, 1.7961552969936747, 1.8610637910023797, 1.9437107809935696, 1.8615318419906544, 2.024460585991619, 1.9837888049951289, 2.071014221990481, 2.180214096995769, 2.1447855079895817, 2.2251694860024145, 2.265161283998168, 2.3048952059907606, 2.5279531499982113, 2.896998921991326, 2.3905610729998443, 2.433250367990695, 3.0847649089992046, 2.472811975996592, 2.5942542419943493, 2.808091204991797, 2.6435795659926953, 2.69945310500043, 2.7614735629904317, 2.849140616002842, 3.55990046999068, 3.683154675003607, 2.9766304590011714, 3.393628894002177, 3.025168697000481, 3.143536678995588, 3.190719928999897, 3.2590918420028174, 3.3131183279911056, 3.353776317992015, 3.4705853659979766, 3.522560565994354, 3.597464221995324, 3.559356792990002, 3.752153195993742, 4.034222781003336, 3.847675184995751, 3.9254208560014376, 3.8006723309954396, 3.8897118979948573, 3.993493412999669, 4.080060135995154, 4.126234426992596, 4.883772275992669, 4.167525807002676, 4.229020726997987, 4.267604067994398, 4.313567417993909, 4.3962301519932225, 4.36044696198951, 4.464958753000246, 4.5638483299990185, 4.51612837400171, 4.634979495996959, 4.604723908996675, 4.705493209999986, 4.753616389003582, 4.838747631991282, 4.992228923991206, 4.800483989994973, 4.918941259995336], "final_accuracy": ["accuracy", 0.75]}