{"trial_id": [0, 1, 2, 3, 4, 5, 6, 7, 8, 9, 10, 11, 12, 13, 14, 15, 16, 17, 18, 19, 20, 21, 22, 23, 24, 25, 26, 27, 28, 29, 30, 31, 32, 33, 34, 35, 36, 37, 38, 39, 40, 41, 42, 43, 44, 45, 46, 47, 48, 49, 50, 51, 52, 53, 54, 55, 56, 57, 58, 59, 60, 61, 62, 63, 64, 65, 66, 67, 68, 69, 70, 71, 72, 73, 74, 75, 76, 77, 78, 79, 80, 81, 82, 83, 84, 85, 86, 87, 88, 89, 90, 91, 92, 93, 94, 95, 96, 97, 98, 99], "cv_accuracy": [0.0, 0.295238, 0.8047619999999999, 0.8047619999999999, 0.33809500000000003, 0.0, 0.0, 0.0, 0.0, 0.0, 0.0, 0.0, 0.0, 0.0, 0.7761904000000001, 0.0, 0.0, 0.0, 0.8047619999999999, 0.0, 0.0, 0.0, 0.7809526, 0.0, 0.0, 0.0, 0.8047619999999999, 0.0, 0.0, 0.0, 0.0, 0.0, 0.0, 0.0, 0.7761906, 0.0, 0.0, 0.0, 0.8047619999999999, 0.0, 0.0, 0.0, 0.0, 0.0, 0.0, 0.8047619999999999, 0.0, 0.0, 0.0, 0.0, 0.0, 0.0, 0.8047619999999999, 0.0, 0.0, 0.0, 0.8047619999999999, 0.6190477999999999, 0.0, 0.0, 0.0, 0.0, 0.0, 0.0, 0.0, 0.0, 0.0, 0.7761906, 0.8047619999999999, 0.0666668, 0.7476192, 0.0, 0.0, 0.8047619999999999, 0.0, 0.4714286, 0.0, 0.0, 0.0, 0.0, 0.0, 0.0, 0.0, 0.0, 0.0, 0.0, 0.0, 0.0, 0.8047619999999999, 0.0, 0.0666668, 0.0, 0.0666668, 0.0, 0.0, 0.0, 0.0, 0.0, 0.8047619999999999, 0.0], "timestamp": [0.10563960700528696, 0.2270031520019984, 1.1698947760014562, 0.43007074200431816, 0.22608057800971437, 0.1583876450022217, 0.33636300200305413, 0.3713077760039596, 0.5174031130009098, 0.4728857860027347, 0.62198414800514, 0.5760036330029834, 0.6742958039976656, 0.7175673650053795, 0.7756312800047453, 0.8197509550082032, 0.8678458500071429, 0.92051451500447, 0.9739513410022482, 1.017924697996932, 1.0608978890086291, 1.1093997540010605, 1.46664129900455, 1.2197472850093618, 1.2641079309978522, 1.3024963839998236, 1.5906995510013076, 1.3787090810074005, 1.42598871300288, 1.5470514839980751, 1.506205621000845, 1.6586960520071443, 1.7079869500012137, 1.7512285069969948, 1.886567579000257, 1.7937482630077284, 1.833889685003669, 1.9371123340097256, 1.9961885770026129, 2.0315143339976203, 2.1142404270067345, 2.0764267010090407, 2.1648240060021635, 2.2169391350034857, 2.2804212409973843, 2.5009385520097567, 2.358777009008918, 2.3204740090004634, 2.4036179009999614, 2.457499683005153, 2.5652984400076093, 2.603568409002037, 2.6466224050091114, 2.6841283820103854, 2.7358853409969015, 2.776452156002051, 3.053354339004727, 3.5998259620100725, 2.9017919120087754, 2.8545366059988737, 2.9511911809968296, 2.951802214010968, 3.093309889009106, 3.140675590009778, 3.2355269940017024, 3.1907483710092492, 3.2989043170091463, 3.351632404010161, 3.441398120005033, 3.3988044550060295, 3.7490540290018544, 3.5078435629984597, 3.5606240229972173, 3.706691965009668, 3.645471315001487, 4.175297749010497, 3.8488636990077794, 3.808171847005724, 3.890638287004549, 3.952258855002583, 3.987793545005843, 4.051323848005268, 4.092368933997932, 4.09260460799851, 4.235804456009646, 4.234955731997616, 4.340013793000253, 4.3820882130094105, 4.815398406004533, 4.381846560005215, 4.526536842007772, 4.479797334002797, 4.5885920870059635, 4.6701729940105, 4.627969054010464, 4.726963125998736, 4.768401809997158, 4.854647863001446, 4.933472228003666, 4.889558445996954], "final_accuracy": ["accuracy", 0.75]}