{"trial_id": [0, 1, 2, 3, 4, 5, 6, 7, 8, 9, 10, 11, 12, 13, 14, 15, 16, 17, 18, 19, 20, 21, 22, 23, 24, 25, 26, 27, 28, 29, 30, 31, 32, 33, 34, 35, 36, 37, 38, 39, 40, 41, 42, 43, 44, 45, 46, 47, 48, 49, 50, 51, 52, 53, 54, 55, 56, 57, 58, 59, 60, 61, 62, 63, 64, 65, 66, 67, 68, 69, 70, 71, 72, 73, 74, 75, 76, 77, 78, 79, 80, 81, 82, 83, 84, 85, 86, 87, 88, 89, 90, 91, 92, 93, 94, 95, 96, 97, 98, 99], "cv_accuracy": [0.0, 0.0, 0.0, 0.0, 0.0, 0.0, 0.0, 0.7714285999999999, 0.0, 0.0, 0.0, 0.0, 0.0, 0.7714285999999999, 0.0, 0.0, 0.0, 0.0, 0.0, 0.0, 0.0, 0.0, 0.0, 0.0, 0.0, 0.0, 0.0, 0.0, 0.0, 0.7714285999999999, 0.0, 0.7714285999999999, 0.0, 0.7714285999999999, 0.0, 0.0, 0.7428572, 0.0, 0.0, 0.7142858000000001, 0.0, 0.0, 0.0, 0.0, 0.7714285999999999, 0.0, 0.0, 0.0, 0.0, 0.0, 0.0, 0.0, 0.0, 0.7714285999999999, 0.0, 0.27619040000000006, 0.0, 0.0, 0.7714285999999999, 0.0, 0.7714285999999999, 0.0, 0.0, 0.0, 0.0, 0.0, 0.0, 0.0, 0.0, 0.0, 0.0, 0.0, 0.0, 0.0, 0.0, 0.7428572, 0.0, 0.0, 0.0, 0.0, 0.0, 0.0, 0.0, 0.0, 0.0, 0.0, 0.0, 0.0, 0.0, 0.0, 0.8999998, 0.0, 0.0, 0.0, 0.0, 0.0, 0.0, 0.0, 0.6238096, 0.0], "timestamp": [0.16006654399097897, 0.19958891600253992, 0.10741976999270264, 0.19990311800211202, 0.30855307399178855, 0.1609780519938795, 0.44610194700362626, 0.9225045319908531, 0.5362297009996837, 0.49499134698999114, 0.39802214100200217, 0.5703912059980212, 0.6304705149959773, 0.8140934510010993, 0.6918878040014533, 0.7317258949915413, 0.7704682409967063, 0.8623074839997571, 0.9700690360041335, 1.0086982709908625, 1.0497772200033069, 1.0846366199984914, 1.1365165519964648, 1.1942386239970801, 1.2459463349950965, 1.2844593600020744, 1.3294749039923772, 1.3610447239916539, 1.4074187929945765, 1.4783665119903162, 1.5271604099980323, 1.6624378229898866, 1.6200441069959197, 1.697915741999168, 1.5803705400030594, 1.754623469998478, 2.3749810610024724, 1.8201240670023253, 1.857264114994905, 2.0568287369969767, 1.9027556469955016, 1.9520217410026817, 2.0562809650000418, 2.0166244249994634, 2.549901995997061, 2.155304271989735, 2.41506396800105, 2.268305940000573, 2.226020262998645, 2.3208949090039823, 2.4691124130040407, 2.50988146099553, 2.6001499830017565, 2.798404588989797, 2.6515382380021038, 2.8459077089937637, 2.7166606959945057, 2.756856295003672, 2.9547566839901265, 2.9124965499941027, 3.134249629001715, 3.0004045910027344, 3.0436274179955944, 3.085402700002305, 3.1910856739996234, 3.227601983002387, 3.281239085001289, 3.3220586069946876, 3.365034246991854, 3.4182025689951843, 3.503896800990333, 3.473821281993878, 3.5576193339948077, 3.5929927669931203, 3.624851314991247, 3.915304253998329, 3.74828364799032, 3.703547287994297, 3.835623114995542, 3.836195026000496, 3.79328476099181, 3.9889285300014308, 4.025049356991076, 4.079596829993534, 4.19736851399648, 4.122419027000433, 4.12160461700114, 4.319241967998096, 4.277169552995474, 4.360492918000091, 4.761625608996837, 4.439974155990058, 4.395899597002426, 4.5182117039948935, 4.56049607800378, 4.6010413490002975, 4.631662479994702, 4.668351631000405, 4.815039380991948, 4.727929315995425], "final_accuracy": ["accuracy", 0.75]}