{"trial_id": [0, 1, 2, 3, 4, 5, 6, 7, 8, 9, 10, 11, 12, 13, 14, 15, 16, 17, 18, 19, 20, 21, 22, 23, 24, 25, 26, 27, 28, 29, 30, 31, 32, 33, 34, 35, 36, 37, 38, 39, 40, 41, 42, 43, 44, 45, 46, 47, 48, 49, 50, 51, 52, 53, 54, 55, 56, 57, 58, 59, 60, 61, 62, 63, 64, 65, 66, 67, 68, 69, 70, 71, 72, 73, 74, 75, 76, 77, 78, 79, 80, 81, 82, 83, 84, 85, 86, 87, 88, 89, 90, 91, 92, 93, 94, 95, 96, 97, 98, 99], "cv_accuracy": [0.0, 0.0, 0.0, 0.0, 0.9199999999999999, 0.0, 0.0, 0.17, 0.0, 0.0, 0.0, 0.0, 0.0, 0.0, 0.0, 0.9199999999999999, 0.0, 0.0, 0.0, 0.0, 0.0, 0.0, 0.0, 0.0, 0.0, 0.9199999999999999, 0.0, 0.0, 0.0, 0.0, 0.0, 0.96, 0.0, 0.0, 0.0, 0.0, 0.0, 0.0, 0.7100000000000001, 0.0, 0.8400000000000001, 0.9199999999999999, 0.9199999999999999, 0.0, 0.0, 0.0, 0.0, 0.0, 0.0, 0.0, 0.0, 0.0, 0.0, 0.0, 0.0, 0.0, 0.0, 0.75, 0.0, 0.51, 0.9199999999999999, 0.0, 0.0, 0.0, 0.0, 0.0, 0.0, 0.0, 0.0, 0.9199999999999999, 0.0, 0.0, 0.0, 0.0, 0.0, 0.0, 0.0, 0.0, 0.0, 0.0, 0.0, 0.0, 0.0, 0.0, 0.0, 0.0, 0.96, 0.0, 0.21000000000000002, 0.0, 0.0, 0.0, 0.0, 0.0, 0.0, 0.0, 0.0, 0.0, 0.0, 0.0], "timestamp": [0.28971450100652874, 0.12479568300477695, 0.12430828700598795, 0.12519836200226564, 0.34903795400168747, 0.12456884799757972, 0.4794249730039155, 0.662635989006958, 0.5166284709994216, 0.44303300300089177, 0.5505249209963949, 0.5921053259953624, 0.7180763259966625, 0.7550089279975509, 0.7171133939991705, 1.1311729239969281, 0.8286808910052059, 0.9023716869996861, 0.9615920130017912, 0.9617903540056432, 1.0730040110065602, 0.9612453620065935, 1.186768191997544, 1.2445533480058657, 1.3345649580005556, 1.4842271439993056, 1.2876187240035506, 1.3713611970015336, 1.4306517920049373, 1.5256931930052815, 1.5695963009929983, 1.7092091079975944, 1.613609224994434, 1.670616165996762, 1.763340770994546, 1.7640910759946564, 1.8425132629927248, 1.8810993910010438, 2.00640204299998, 1.943886584995198, 2.0410613529966213, 2.4724227440019604, 2.1298867620062083, 2.0420967300015036, 2.1894017940066988, 2.2916856149968226, 2.2537317459937185, 2.292902344997856, 2.3682674360024976, 2.427717587997904, 2.609628200996667, 2.570914811993134, 2.650560049005435, 2.5322737060050713, 2.7089716759946896, 2.7389560400042683, 2.8384643759927712, 2.8844198190054158, 2.803173951993813, 3.170190752003691, 3.0945738409936894, 2.945706037004129, 3.0538362780062016, 3.0149247410008684, 3.0953463850019034, 3.221337177004898, 3.332485224993434, 3.2967152780038305, 3.424548554001376, 3.5070580339961452, 3.381475836999016, 3.4628097910026554, 3.613202813998214, 3.5737424310063943, 3.657702191005228, 3.693764925992582, 3.7363141870009713, 3.77196296400507, 3.8841479160037125, 3.8488035119953565, 3.9307089679932687, 3.970673314004671, 4.045590861001983, 4.010491584995179, 4.159906209999463, 4.118639569001971, 4.4605623060051585, 4.207224457000848, 4.293140169000253, 4.252819397996063, 4.380948053993052, 4.380213626995101, 4.494445989999804, 4.542497596004978, 4.590745070992853, 4.651361918004113, 4.682014488993445, 4.717737134997151, 4.7180645299959, 4.780182490998413], "final_accuracy": ["accuracy", 0.4375]}