{"trial_id": [0, 1, 2, 3, 4, 5, 6, 7, 8, 9, 10, 11, 12, 13, 14, 15, 16, 17, 18, 19, 20, 21, 22, 23, 24, 25, 26, 27, 28, 29, 30, 31, 32, 33, 34, 35, 36, 37, 38, 39, 40, 41, 42, 43, 44, 45, 46, 47, 48, 49, 50, 51, 52, 53, 54, 55, 56, 57, 58, 59, 60, 61, 62, 63, 64, 65, 66, 67, 68, 69, 70, 71, 72, 73, 74, 75, 76, 77, 78, 79, 80, 81, 82, 83, 84, 85, 86, 87, 88, 89, 90, 91, 92, 93, 94, 95, 96, 97, 98, 99], "cv_accuracy": [0.0, 0.0, 0.0, 0.0, 0.0, 0.0, 0.0, 0.0, 0.0, 0.0, 0.0, 0.0, 0.0, 0.0, 0.6857144, 0.0, 0.0, 0.0, 0.0, 0.8047619999999999, 0.0, 0.0, 0.0, 0.0, 0.0, 0.0, 0.8047619999999999, 0.0, 0.0, 0.0, 0.0, 0.0, 0.0, 0.0, 0.0, 0.0, 0.0, 0.6666668, 0.8809524, 0.0, 0.0, 0.0, 0.0, 0.7761906, 0.0, 0.0, 0.0, 0.8047619999999999, 0.0, 0.0, 0.0, 0.0, 0.0, 0.0, 0.0, 0.7761906, 0.0, 0.8047619999999999, 0.0, 0.0, 0.0, 0.0, 0.8047619999999999, 0.0, 0.7190478, 0.0, 0.0, 0.0, 0.0, 0.0, 0.0, 0.0, 0.8095238, 0.0, 0.0, 0.0, 0.0, 0.0, 0.0, 0.0, 0.0, 0.0, 0.0, 0.8047619999999999, 0.0, 0.0, 0.6857142, 0.8047619999999999, 0.0, 0.0, 0.0, 0.0, 0.4714286, 0.0, 0.0, 0.0, 0.0, 0.0, 0.41904779999999997, 0.0], "timestamp": [0.10789115200168453, 0.15832376899197698, 0.15936800200142898, 0.15802846300357487, 0.15958622099424247, 0.15893136599333957, 0.5331302590057021, 0.5319906109943986, 0.6111474030039972, 0.4536383740050951, 0.4045240090053994, 0.45411576599872205, 0.7003446629969403, 0.7793644180055708, 0.8177211139991414, 0.8551770289923297, 0.8965665370051283, 0.7408842669974547, 0.9758850399957737, 1.2004861169989454, 1.0255075379973277, 1.0617595499934396, 1.0247480499965604, 1.1387859160022344, 1.2566890140005853, 1.3839801680005621, 1.6886051619949285, 1.3424921480036573, 1.3032347319967812, 1.4436556729924632, 1.498304562002886, 1.5467389169934904, 1.5469383549934719, 1.6303336449927883, 1.6882898570038378, 1.778517806000309, 1.834363960995688, 1.8725589550012955, 2.0717588499974227, 1.9342558689968428, 1.9705874799983576, 2.019366110005649, 2.156613743005437, 2.118215191003401, 2.2556172990007326, 2.2143727560032858, 2.299371945002349, 2.445230999001069, 2.403740077992552, 2.361488221999025, 2.499884007993387, 2.5322252579935594, 2.5715921450027963, 2.636325586005114, 2.6823443479952402, 2.73567020399787, 2.8160919240035582, 3.05848299000354, 2.7721430899982806, 2.8756838559929747, 2.919101147999754, 2.978170221991604, 3.4570827099960297, 3.019909794005798, 3.163712541994755, 3.1186317870015046, 3.2191664050042164, 3.2608762239979114, 3.302831277003861, 3.364936943005887, 3.4077942360017914, 3.503700083005242, 3.6951586460054386, 3.54833611700451, 3.613297750998754, 3.655228485004045, 3.745955022997805, 3.7881544120027684, 3.8365068860002793, 3.900632022996433, 3.9384325480059488, 3.935761820001062, 4.029666450005607, 4.0290039730025455, 4.124748614005512, 4.18456121100462, 4.3616150799934985, 4.2292619479994755, 4.317325481999433, 4.27267146500526, 4.402273476996925, 4.466446375998203, 4.688811302999966, 4.519516054002452, 4.563190868997481, 4.643619886992383, 4.606983641002444, 4.730372435005847, 4.813673405005829, 4.772755101002986], "final_accuracy": ["accuracy", 0.875]}