{"trial_id": [0, 1, 2, 3, 4, 5, 6, 7, 8, 9, 10, 11, 12, 13, 14, 15, 16, 17, 18, 19, 20, 21, 22, 23, 24, 25, 26, 27, 28, 29, 30, 31, 32, 33, 34, 35, 36, 37, 38, 39, 40, 41, 42, 43, 44, 45, 46, 47, 48, 49, 50, 51, 52, 53, 54, 55, 56, 57, 58, 59, 60, 61, 62, 63, 64, 65, 66, 67, 68, 69, 70, 71, 72, 73, 74, 75, 76, 77, 78, 79, 80, 81, 82, 83, 84, 85, 86, 87, 88, 89, 90, 91, 92, 93, 94, 95, 96, 97, 98, 99], "cv_accuracy": [0.0, 0.0, 0.0, 0.0, 0.8047618, 0.0, 0.0, 0.0, 0.0, 0.0, 0.0, 0.0, 0.0, 0.0, 0.0, 0.0, 0.0, 0.0, 0.0, 0.2952382, 0.8714286, 0.0, 0.0, 0.0, 0.0, 0.0, 0.0, 0.0, 0.0, 0.6380954, 0.0, 0.0, 0.0, 0.0, 0.0, 0.8047618, 0.31904760000000004, 0.0, 0.0, 0.0, 0.8095238, 0.0, 0.0, 0.8380951999999999, 0.0, 0.0, 0.0, 0.0, 0.0, 0.0, 0.6380952, 0.0, 0.0, 0.0, 0.0, 0.0, 0.0, 0.0, 0.0, 0.8047618, 0.0, 0.0, 0.0, 0.6619048, 0.0, 0.8380951999999999, 0.4952382, 0.0, 0.0, 0.0, 0.0, 0.0, 0.0, 0.0, 0.0, 0.0, 0.0, 0.0, 0.0, 0.0, 0.0, 0.0, 0.0, 0.0, 0.0, 0.0, 0.0, 0.0, 0.0, 0.8047618, 0.0, 0.0, 0.0, 0.0, 0.0, 0.0, 0.7761906, 0.0, 0.0, 0.0], "timestamp": [0.2813908910029568, 0.19044366200978402, 0.14901645900681615, 0.1877764930104604, 0.3558007680112496, 0.10181225200358313, 0.43552179500693455, 0.4361733550031204, 0.5135092370037455, 0.3967127170035383, 0.5587777260079747, 0.636434077998274, 0.6786208730045473, 0.7567698070051847, 0.7975473630067427, 0.7187493270030245, 0.8362117720098468, 0.9167471020045923, 0.9610823940020055, 1.0409532470075646, 1.5885368440067396, 1.081403730000602, 1.0029024010000285, 1.1562531790114008, 1.2014761900063604, 1.321614081010921, 1.247656908002682, 1.24725498900807, 1.3975549419992603, 1.6816472630016506, 1.4949950550071662, 1.4952740320004523, 1.44643900700612, 1.6362472610053374, 1.746826091010007, 1.979491580001195, 1.8282703250006307, 1.7893521460064221, 1.873910396010615, 1.9202250100061065, 2.167660674007493, 2.029942191002192, 2.0305135730013717, 2.2692675230064197, 2.1263075020106044, 2.224479896001867, 2.3646599680068903, 2.3155859649996273, 2.4126353110041237, 2.4449246330041206, 2.7332010440004524, 2.5040062820044113, 2.5505424279981526, 2.605064201998175, 2.6942210320121376, 2.64924404300109, 2.783187862005434, 2.8268859020026866, 2.887090193005861, 3.0193003750027856, 2.9767060320009477, 2.9380649860104313, 3.0637642100045923, 3.11704466601077, 3.164762606000295, 3.891626816999633, 3.2221587460080627, 3.253310821004561, 3.297342607009341, 3.352297889010515, 3.4077221540064784, 3.540519727001083, 3.460046334002982, 3.4965427970018936, 3.5890152110077906, 3.654484874001355, 3.700075624001329, 3.7351592820050428, 3.839218000008259, 3.788166801998159, 3.938255968998419, 4.01976807200117, 3.9780402809992665, 4.054787089000456, 4.113439193999511, 4.165981628000736, 4.254127207008423, 4.2150734320021, 4.293214203004027, 4.570595491997665, 4.352446465010871, 4.4040776129986625, 4.4549573289987165, 4.489930235999054, 4.534805287999916, 4.623607335000997, 4.678899449005257, 4.752012555007241, 4.718292542005656, 4.788845849005156], "final_accuracy": ["accuracy", 0.5]}