{"5":2.07599401473999,"3":1.91576957702637,"1":1.99858808517456,"2":2.09287214279175,"4":2.05640316009521}
