{"3":0.210526315789474,"2":0.421052631578947,"1":0.157894736842105,"4":0.368421052631579}
