{"3":5.29290962219238,"2":6.03127074241638,"1":5.47979784011841,"4":5.31488299369812}
