{"1": 13.723912477493286, "2": 12.644691467285156, "3": 12.789152145385742, "4": 12.564762115478516, "5": 13.628378868103027}