{"3":0.384615384615385,"1":0.153846153846154,"2":0.423076923076923,"4":0.153846153846154}
