{"3":1.27725338935852,"1":0.490175724029541,"2":0.643204689025879,"4":0.718605518341064}
