{"trial_id": [0, 1, 2, 3, 4, 5, 6, 7, 8, 9, 10, 11, 12, 13, 14, 15, 16, 17, 18, 19, 20, 21, 22, 23, 24, 25, 26, 27, 28, 29, 30, 31, 32, 33, 34, 35, 36, 37, 38, 39, 40, 41, 42, 43, 44, 45, 46, 47, 48, 49, 50, 51, 52, 53, 54, 55, 56, 57, 58, 59, 60, 61, 62, 63, 64, 65, 66, 67, 68, 69, 70, 71, 72, 73, 74, 75, 76, 77, 78, 79, 80, 81, 82, 83, 84, 85, 86, 87, 88, 89, 90, 91, 92, 93, 94, 95, 96, 97, 98, 99], "cv_accuracy": [0.0, 0.255128, 0.6974362, 0.0, 0.0, 0.0, 0.9525642000000001, 0.873077, 0.0, 0.0, 0.0, 0.0, 0.0, 0.0, 0.0, 0.0, 0.0, 0.0, 0.0, 0.0, 0.0, 0.8551284000000001, 0.0, 0.0, 0.0, 0.7769231999999999, 0.0, 0.0, 0.0, 0.0, 0.0, 0.0, 0.0, 0.0, 0.0, 0.0, 0.0, 0.0, 0.0, 0.0, 0.0, 0.0, 0.0, 0.0, 0.0, 0.0, 0.0, 0.0, 0.475641, 0.42948700000000006, 0.5435896, 0.921795, 0.7282054, 0.0, 0.0, 0.0, 0.0, 0.0, 0.8551284000000001, 0.0, 0.0, 0.11153840000000001, 0.0, 0.0, 0.0, 0.8397437999999999, 0.0, 0.8551284000000001, 0.0, 0.0, 0.0, 0.8551284000000001, 0.0, 0.0, 0.0, 0.0, 0.0, 0.0, 0.0, 0.0, 0.0, 0.0, 0.0, 0.6038464, 0.0, 0.8551284000000001, 0.0, 0.0, 0.0, 0.0, 0.0, 0.8551284000000001, 0.4897438, 0.0, 0.0, 0.0, 0.0, 0.0, 0.0, 0.0], "timestamp": [0.2060965050040977, 0.25678536100895144, 0.37921603000722826, 0.11303132900502533, 0.11251722699671518, 0.2983848180010682, 1.0059073629963677, 0.7722417850018246, 0.38007512100739405, 0.5129969310073648, 0.4656908659962937, 0.6258568220073357, 0.5836182580096647, 0.6670460809982615, 0.7153128380014095, 0.8240278940065764, 0.8638549750030506, 0.9065245060046436, 0.9550661149987718, 1.046546939003747, 1.1093079459969886, 1.7185961180075537, 1.109654831001535, 1.20806973100116, 1.2572842060035327, 1.8350354050053284, 1.3608365109976148, 1.3140846640017116, 1.4205615780083463, 1.462421008007368, 1.5190733110066503, 1.565651088996674, 1.6761785179987783, 1.6312363229953917, 1.7536674160073744, 1.7918319730088115, 1.8997168290079571, 1.9519835990067804, 1.997419645995251, 2.0597563619958237, 1.9980658989952644, 2.065831519998028, 2.1671748329972615, 2.2687699100060854, 2.394065856002271, 2.3146063220046926, 2.315268076999928, 2.2297689850092866, 2.450280931996531, 2.8562007500004256, 2.569885154007352, 3.086887940997258, 2.8065513750043465, 2.5244856670033187, 2.606175355002051, 2.683915353001794, 2.7686548570054583, 2.7255397499975516, 3.1881494959961856, 2.9314811539952643, 3.028562414008775, 3.2736402520095, 2.9830662160093198, 3.133250796003267, 3.2268777419958496, 3.3952244429965504, 3.3286987360042986, 3.3957027529977495, 3.5110307860013563, 3.573670804995345, 3.4773091249953723, 3.7928374920011265, 3.633794774999842, 3.7068675449991133, 3.7459998010017443, 3.6760390590061434, 3.8324621399951866, 3.902313561004121, 4.01847997099685, 3.9404187769978307, 3.938562652008841, 4.095262688002549, 4.052441738997004, 4.392827085001045, 4.170630498003447, 4.212548493000213, 4.340340990995173, 4.289233019997482, 4.243240081996191, 4.444040779999341, 4.485559747001389, 4.866609210002935, 4.633555808002711, 4.520134311009315, 4.597711235008319, 4.716349626003648, 4.751095469007851, 4.680412843008526, 4.829162784008076, 4.797660533004091], "final_accuracy": ["accuracy", 0.7142857142857143]}