{"trial_id": [0, 1, 2, 3, 4, 5, 6, 7, 8, 9, 10, 11, 12, 13, 14, 15, 16, 17, 18, 19, 20, 21, 22, 23, 24, 25, 26, 27, 28, 29, 30, 31, 32, 33, 34, 35, 36, 37, 38, 39, 40, 41, 42, 43, 44, 45, 46, 47, 48, 49, 50, 51, 52, 53, 54, 55, 56, 57, 58, 59, 60, 61, 62, 63, 64, 65, 66, 67, 68, 69, 70, 71, 72, 73, 74, 75, 76, 77, 78, 79, 80, 81, 82, 83, 84, 85, 86, 87, 88, 89, 90, 91, 92, 93, 94, 95, 96, 97, 98, 99], "cv_accuracy": [0.0, 0.0, 0.0, 0.0, 0.0, 0.0, 0.0, 0.0, 0.0, 0.921795, 0.0, 0.0, 0.9358976, 0.8076924, 0.0, 0.0, 0.0, 0.6500001999999999, 0.0, 0.0, 0.0, 0.0, 0.0, 0.0, 0.0, 0.0, 0.0, 0.0, 0.0, 0.0, 0.8076924, 0.0, 0.8076924, 0.0, 0.9692308000000001, 0.0, 0.0, 0.0, 0.0, 0.0, 0.0, 0.0, 0.0, 0.0, 0.8589746, 0.0, 0.0, 0.0, 0.8743589999999999, 0.0, 0.0, 0.0, 0.0, 0.0, 0.0, 0.0, 0.0, 0.8076924, 0.0, 0.0, 0.0, 0.0, 0.0, 0.0, 0.0, 0.0, 0.0, 0.0, 0.0, 0.0, 0.0, 0.0, 0.0, 0.0, 0.0, 0.8076924, 0.0, 0.0, 0.0, 0.0, 0.0, 0.0, 0.6320514, 0.0, 0.0, 0.0, 0.0, 0.6653848, 0.41538439999999993, 0.0, 0.7307694, 0.0, 0.0, 0.0, 0.0, 0.0, 0.0, 0.7000002000000001, 0.0, 0.0], "timestamp": [0.10449225599586498, 0.10392110400425736, 0.29729750999831595, 0.10357286500220653, 0.10416089100181125, 0.10315476900723297, 0.5687473559955833, 0.4073158889950719, 0.5307519750058418, 0.8449059260019567, 0.4501462019979954, 0.44874127399816643, 1.0931088039942551, 0.8019590549956774, 0.6944975539954612, 0.7533311379957013, 0.6511812120006653, 1.3991203979967395, 0.8809629379975377, 0.9594792910065735, 1.0067725380067714, 1.1348668330028886, 1.0484389680059394, 1.1909306640009163, 1.2382429510034854, 1.2785304090066347, 1.366989789006766, 1.3294854319974547, 1.449259393993998, 1.5059157960058656, 1.778034678005497, 1.6095173060020898, 1.6690992179937894, 1.5668154320010217, 2.011479627995868, 1.7038341110019246, 1.8175001089985017, 1.8624847150058486, 1.959636158993817, 1.8979961940058274, 2.1347006120049627, 2.0957940939988475, 2.1831093060027342, 2.0582272010069573, 2.4650593739934266, 2.247533685003873, 2.294389610993676, 2.405527645998518, 2.368539928997052, 2.3372490720066708, 2.5040385059983237, 2.563265782999224, 2.6858122870035004, 2.64715723900008, 2.5626846319937613, 2.7851015479973285, 2.746137529000407, 3.2073953640065156, 2.842419840002549, 2.9303832940058783, 2.8834796019946225, 2.993559157999698, 2.9929860639967956, 3.0885311239981093, 3.12875885500398, 3.1668325070058927, 3.2724962850043084, 3.2720408760069404, 3.3962008359958418, 3.47766072700324, 3.4386254169949098, 3.360893927005236, 3.6882685979944654, 3.5439475970051717, 3.5966926380060613, 4.01853912200022, 3.6889890059974277, 3.5963948129938217, 3.7786643430008553, 3.8341567140014376, 3.8723022649937775, 3.9260240989970043, 4.155873411000357, 3.9765105249971384, 4.075026862003142, 4.074412337999092, 4.211009329999797, 4.4247669850010425, 4.866332732999581, 4.319365945993923, 4.805033027994796, 4.27070134600217, 4.371271384996362, 4.461449362002895, 4.507153668993851, 4.572876228005043, 4.621314844000153, 4.751385790004861, 4.660581197007559, 4.719398094995995], "final_accuracy": ["accuracy", 0.6666666666666666]}