{"trial_id": [0, 1, 2, 3, 4, 5, 6, 7, 8, 9, 10, 11, 12, 13, 14, 15, 16, 17, 18, 19, 20, 21, 22, 23, 24, 25, 26, 27, 28, 29, 30, 31, 32, 33, 34, 35, 36, 37, 38, 39, 40, 41, 42, 43, 44, 45, 46, 47, 48, 49, 50, 51, 52, 53, 54, 55, 56, 57, 58, 59, 60, 61, 62, 63, 64, 65, 66, 67, 68, 69, 70, 71, 72, 73, 74, 75, 76, 77, 78, 79, 80, 81, 82, 83, 84, 85, 86, 87, 88, 89, 90, 91, 92, 93, 94, 95, 96, 97, 98, 99], "cv_accuracy": [0.7923078, 0.8256410000000001, 0.0, 0.0, 0.0, 0.9679487999999999, 0.824359, 0.0, 0.28974340000000004, 0.0, 0.0, 0.0, 0.0, 0.0, 0.0, 0.0, 0.0, 0.824359, 0.0, 0.0, 0.0, 0.0, 0.0, 0.0, 0.0, 0.0, 0.0, 0.8423078, 0.0, 0.0, 0.0, 0.0, 0.0, 0.0, 0.0, 0.0, 0.0, 0.8717948, 0.0, 0.0, 0.0, 0.6653848, 0.0, 0.0, 0.0, 0.0, 0.0, 0.0, 0.0, 0.0, 0.0, 0.0, 0.0, 0.0, 0.0, 0.0, 0.0, 0.6320514, 0.8397435999999999, 0.0, 0.0, 0.0, 0.0, 0.8397435999999999, 0.0, 0.0, 0.6525642, 0.0, 0.0, 0.0, 0.0, 0.0, 0.0, 0.0, 0.0, 0.0, 0.0, 0.0, 0.0, 0.0, 0.0, 0.0, 0.0, 0.8397435999999999, 0.0, 0.0, 0.0, 0.0628204, 0.0, 0.8871794, 0.0, 0.0, 0.0, 0.0, 0.8397435999999999, 0.0, 0.0, 0.0, 0.0, 0.0], "timestamp": [0.29332514401176013, 0.21986577000643592, 0.09702920001291204, 0.14682619700033683, 0.14642628000001423, 0.4402865520096384, 0.576124361003167, 0.3927066280011786, 0.4969215090095531, 0.3462035850097891, 0.5321190850081621, 0.620265826000832, 0.6783440290018916, 0.6788252990081673, 0.8614778020128142, 0.7772222860075999, 0.8215335960121593, 1.2526877010095632, 0.9605499240133213, 0.9211270020023221, 1.1002202840027167, 1.0590394620085135, 1.0168751180026447, 1.194265580008505, 1.1518183980078902, 1.2919371810130542, 1.3429408640076872, 1.8192832190106856, 1.396726971011958, 1.437312826004927, 1.4997214970062487, 1.5393478550104192, 1.585892840012093, 1.6766420690109953, 1.6318275470111985, 1.77335372500238, 1.7358102510042954, 2.343317132006632, 1.8664504860062152, 1.9073048510035733, 1.962774163010181, 2.62190324900439, 2.0111866200022632, 2.0982588150072843, 2.0566234500001883, 2.160508787012077, 2.2095261990034487, 2.255461909007863, 2.294172587004141, 2.3996875940065365, 2.4463111630029744, 2.535727633003262, 2.4909321580053074, 2.5763570710114436, 2.6758255980093963, 2.721592361005605, 2.76854564101086, 3.0749436460027937, 2.876787122004316, 2.8304185980086913, 2.9257589020126034, 2.9649757200095337, 3.0088595770066604, 3.262262788004591, 3.1218644160107942, 3.202078625006834, 3.587188170000445, 3.1678821200039238, 3.3020238669996615, 3.358165136000025, 3.446096039013355, 3.3587509430071805, 3.5008925550064305, 3.539300805001403, 3.634389946004376, 3.832034613005817, 3.6798136260040337, 3.7873090930079343, 3.740983577008592, 3.8314962600125, 3.9039384570060065, 3.943426105004619, 4.015090743007022, 4.307654484000523, 4.073221208003815, 4.203730217006523, 4.0739059440093115, 4.256328848001431, 4.169153896000353, 4.642503446011688, 4.349726352011203, 4.445241837005597, 4.409829273005016, 4.493407820002176, 4.603292031009914, 4.547786327006179, 4.757644296012586, 4.681497369005228, 4.719414812003379, 4.79070259501168], "final_accuracy": ["accuracy", 0.6666666666666666]}