{"trial_id": [0, 1, 2, 3, 4, 5, 6, 7, 8, 9, 10, 11, 12, 13, 14, 15, 16, 17, 18, 19, 20, 21, 22, 23, 24, 25, 26, 27, 28, 29, 30, 31, 32, 33, 34, 35, 36, 37, 38, 39, 40, 41, 42, 43, 44, 45, 46, 47, 48, 49, 50, 51, 52, 53, 54, 55, 56, 57, 58, 59, 60, 61, 62, 63, 64, 65, 66, 67, 68, 69, 70, 71, 72, 73, 74, 75, 76, 77, 78, 79, 80, 81, 82, 83, 84, 85, 86, 87, 88, 89, 90, 91, 92, 93, 94, 95, 96, 97, 98, 99], "cv_accuracy": [0.0, 0.0, 0.0, 0.0, 0.0, 0.0, 0.8269232000000001, 0.0, 0.6205128, 0.9051284, 0.0, 0.8423077999999998, 0.0, 0.0, 0.0, 0.0, 0.0, 0.8410256, 0.0, 0.5564104, 0.31794859999999997, 0.0, 0.0, 0.0, 0.0, 0.0, 0.0, 0.8423077999999998, 0.0, 0.8423077999999998, 0.6846154, 0.0, 0.0, 0.0, 0.0, 0.0, 0.0, 0.0, 0.0, 0.0, 0.0, 0.0, 0.0, 0.0, 0.0, 0.0, 0.0, 0.0, 0.0, 0.0, 0.0, 0.0, 0.0, 0.8423077999999998, 0.0, 0.0, 0.0, 0.0, 0.0, 0.8423077999999998, 0.0, 0.0, 0.0, 0.0, 0.0, 0.0, 0.0, 0.0, 0.8423077999999998, 0.0, 0.6538462, 0.8423077999999998, 0.8423077999999998, 0.0, 0.0, 0.0, 0.0, 0.0, 0.0, 0.0, 0.8269231999999999, 0.0, 0.0, 0.0, 0.0, 0.8423077999999998, 0.0, 0.0, 0.0, 0.8423077999999998, 0.0, 0.0, 0.0, 0.0, 0.0, 0.0, 0.0, 0.0, 0.0, 0.0], "timestamp": [0.10043415099789854, 0.15441919599834364, 0.15470461899531074, 0.3243990649934858, 0.2305320149898762, 0.15506081099738367, 0.8328988369903527, 0.4116359619947616, 0.5092352219944587, 0.6040427269908832, 0.45928298599028494, 0.545272606992512, 0.6551981679949677, 0.706996334993164, 0.7903141400020104, 0.7072794799896656, 0.8775606220006011, 1.101874879997922, 0.9529176310024923, 1.1011580560007133, 1.3384734869905515, 1.0474741219950374, 1.0067515519913286, 1.185910915999557, 1.2413928379974095, 1.2855882829899201, 1.4144273069978226, 1.3754503169911914, 1.4535113589954562, 1.9636560989893042, 1.7230177579913288, 1.587810040990007, 1.6640286439942429, 1.6287877049908275, 1.5444252019951819, 1.7869187719916226, 1.8222338359919377, 1.9142288339935476, 1.866720890000579, 2.0048870729951886, 2.10428666799271, 2.067842517993995, 2.1035911289945943, 2.186160942990682, 2.2758849899983034, 2.2399145039962605, 2.46754228399368, 2.3888316550001036, 2.3457415250013582, 2.427632626000559, 2.565095019992441, 2.516808847998618, 2.62436020700261, 3.002993375994265, 2.706061956996564, 2.659476861997973, 2.7530284639942693, 2.8019830449920846, 2.872603227995569, 3.088849264997407, 2.913138663992868, 2.9574730500025908, 3.0432300779939396, 3.146864109992748, 3.187309114000527, 3.2274322619923623, 3.3148415759933414, 3.2720427109888988, 3.5982705679925857, 3.3992316700023366, 3.5345536509994417, 3.8375908829912078, 3.4930241989932256, 3.452015091999783, 3.6413019640021957, 3.6937712359940633, 3.734563742997125, 3.7743182869890006, 3.923170009002206, 3.8795237750018714, 4.014803341997322, 4.054113623002195, 3.973929075989872, 4.116998653989867, 4.173741361999419, 4.3590409259923035, 4.254342991989688, 4.293800653991639, 4.2126461589941755, 4.4128256760013755, 4.456668490995071, 4.534064644001774, 4.573649593992741, 4.495519703996251, 4.635912358993664, 4.689873912997427, 4.766050842998084, 4.803290917989216, 4.803077928998391, 4.729384266000125], "final_accuracy": ["accuracy", 0.5714285714285714]}