{"trial_id": [0, 1, 2, 3, 4, 5, 6, 7, 8, 9, 10, 11, 12, 13, 14, 15, 16, 17, 18, 19, 20, 21, 22, 23, 24, 25, 26, 27, 28, 29, 30, 31, 32, 33, 34, 35, 36, 37, 38, 39, 40, 41, 42, 43, 44, 45, 46, 47, 48, 49, 50, 51, 52, 53, 54, 55, 56, 57, 58, 59, 60, 61, 62, 63, 64, 65, 66, 67, 68, 69, 70, 71, 72, 73, 74, 75, 76, 77, 78, 79, 80, 81, 82, 83, 84, 85, 86, 87, 88, 89, 90, 91, 92, 93, 94, 95, 96, 97, 98, 99], "cv_accuracy": [0.7628206000000001, 0.5564104000000001, 0.0, 0.0, 0.0, 0.0, 0.0, 0.0, 0.0, 0.0, 0.0, 0.8256410000000001, 0.0, 0.0, 0.0, 0.0, 0.0, 0.0, 0.0, 0.0, 0.0, 0.0, 0.0, 0.0, 0.0, 0.0, 0.0, 0.0, 0.6846156, 0.0, 0.0, 0.0, 0.0, 0.0, 0.0, 0.0, 0.0, 0.0, 0.0, 0.0, 0.0, 0.8423077999999998, 0.0, 0.0, 0.0, 0.0, 0.8576924, 0.8576924, 0.0, 0.0, 0.0, 0.0, 0.0, 0.8423077999999998, 0.0, 0.8269231999999999, 0.0, 0.0, 0.0, 0.0, 0.9051284, 0.0, 0.8256410000000001, 0.0, 0.0, 0.0, 0.0, 0.0, 0.0, 0.6564102, 0.8423077999999998, 0.0, 0.0, 0.0, 0.0, 0.0, 0.0, 0.0, 0.0, 0.0, 0.0, 0.0, 0.0, 0.0, 0.0, 0.0, 0.0, 0.0, 0.0, 0.0, 0.0, 0.0, 0.0, 0.0, 0.0, 0.0, 0.0, 0.0, 0.0, 0.0], "timestamp": [0.5023100429971237, 0.5390776529966388, 0.19882091799809132, 0.10726609099947382, 0.10824624799715821, 0.19771579699590802, 0.3728479630080983, 0.4141546190076042, 0.4627090900030453, 0.32310317699739244, 0.6001041380077368, 0.6958270610048203, 0.6466318260063417, 0.695461934999912, 0.7750073520001024, 0.8160431270080153, 0.8864902100031031, 0.9286821230052738, 0.9804994050064124, 1.09894934600743, 1.0575229050009511, 1.0189887190063018, 1.1637964410037966, 1.2046089740033494, 1.295007599008386, 1.3731800800014753, 1.2938081640022574, 1.2557370499998797, 1.7447486379969632, 1.4526787680078996, 1.6324477110028965, 1.5495485860010376, 1.549942687008297, 1.5070476190012414, 1.7013650640001288, 1.7939331170055084, 1.9046322829963174, 1.8273451029963326, 1.8654609380027978, 1.980415323007037, 2.0246469889971195, 2.411135849004495, 2.117122654002742, 2.1507713600003626, 2.0733647239976563, 2.223725183008355, 2.6928393990092445, 2.3701992980059003, 2.328541545997723, 2.2799586080072913, 2.457333173995721, 2.516193055998883, 2.5667413369956193, 2.6569498000026215, 2.615443365997635, 2.7344721039989963, 2.7860011200100416, 2.8371832289994927, 2.8923542499978794, 2.9348063960060244, 3.2387925570074003, 2.9696240769990254, 3.6228490479988977, 3.0464115630020387, 3.095855143998051, 3.1834893290069886, 3.0962648990098387, 3.2895076499989955, 3.340118617998087, 3.3799349129985785, 3.678491890997975, 3.439493655998376, 3.489819056005217, 3.583286836001207, 3.5432791430066573, 3.7185740130080376, 3.768356333996053, 3.825834372008103, 3.8970813769992674, 3.8251796399999876, 4.007700921007199, 3.9595749209984206, 4.044533656007843, 4.146211393002886, 4.185909731997526, 4.098358500006725, 4.2379979880061, 4.328550493999501, 4.284315113007324, 4.3758549930062145, 4.467377054999815, 4.424300451006275, 4.51958552999713, 4.563505116006127, 4.60787833800714, 4.655191491008736, 4.69627109200519, 4.733441328004119, 4.774127775002853, 4.809645172004821], "final_accuracy": ["accuracy", 0.3333333333333333]}