{"trial_id": [0, 1, 2, 3, 4, 5, 6, 7, 8, 9, 10, 11, 12, 13, 14, 15, 16, 17, 18, 19, 20, 21, 22, 23, 24, 25, 26, 27, 28, 29, 30, 31, 32, 33, 34, 35, 36, 37, 38, 39, 40, 41, 42, 43, 44, 45, 46, 47, 48, 49, 50, 51, 52, 53, 54, 55, 56, 57, 58, 59, 60, 61, 62, 63, 64, 65, 66, 67, 68, 69, 70, 71, 72, 73, 74, 75, 76, 77, 78, 79, 80, 81, 82, 83, 84, 85, 86, 87, 88, 89, 90, 91, 92, 93, 94, 95, 96, 97, 98, 99], "cv_accuracy": [0.0, 0.0, 0.0, 0.920513, 0.0, 0.0, 0.0, 0.0, 0.7282054, 0.0, 0.0, 0.0, 0.0, 0.4961536000000001, 0.0, 0.0, 0.9371796, 0.0, 0.0, 0.8551284000000001, 0.0, 0.0, 0.0, 0.0, 0.0, 0.0, 0.0, 0.0, 0.0, 0.0, 0.0, 0.0, 0.0, 0.0, 0.8397437999999999, 0.8871796, 0.0, 0.0, 0.0, 0.8551284000000001, 0.0, 0.0, 0.0, 0.0, 0.0, 0.0, 0.0, 0.8551284000000001, 0.0, 0.0, 0.0, 0.0, 0.0, 0.0, 0.0, 0.0, 0.0, 0.0, 0.0, 0.7307694, 0.0, 0.0, 0.0, 0.7282054, 0.0, 0.0, 0.0, 0.8551284000000001, 0.0, 0.0, 0.0, 0.0, 0.0, 0.0, 0.8102566, 0.0, 0.0, 0.0, 0.0, 0.0, 0.0, 0.0, 0.0, 0.0, 0.0, 0.0, 0.8397437999999999, 0.8576924, 0.0, 0.0, 0.0, 0.8243592, 0.8551284000000001, 0.2397434, 0.2243588, 0.0, 0.8576924, 0.0, 0.0, 0.0], "timestamp": [0.09798518299066927, 0.09863979199144524, 0.0973226249916479, 0.9702342389937257, 0.09777833300177008, 0.2630760059983004, 0.4319436810037587, 0.3929098359949421, 0.8568478279921692, 0.35065096800099127, 0.4789321169955656, 0.564841660001548, 0.6024969610007247, 0.7702898220013594, 0.6413064299995312, 0.8063259499904234, 2.6636941799952183, 0.7161298369901488, 0.9215499459969578, 1.3006812410021666, 1.0140942400030326, 1.0507924529956654, 1.112203825992765, 1.199140882003121, 1.1694024899916258, 1.2488801639992744, 1.347485065998626, 1.4485925810004119, 1.402108729002066, 1.496081769990269, 1.543623833989841, 1.5873999250034103, 1.6428310019982746, 1.6867086440033745, 2.140946443003486, 2.8826841589907417, 1.7439496259903535, 1.8320933759969193, 1.7982520349905826, 2.3587248510011705, 1.9755454429978272, 1.9186363229964627, 2.045595392002724, 2.099560182003188, 2.2075128229917027, 2.2991917500039563, 2.263434476000839, 2.4228861599985976, 2.5099800049938494, 2.4225338160031242, 2.5474681079940638, 2.702872228997876, 2.621944940998219, 2.784976770999492, 2.7436741449928377, 2.8513162119925255, 2.969096257991623, 2.9321500259975437, 3.0126594079920324, 3.052734575001523, 3.1614918779960135, 3.125934680996579, 3.2403326609928627, 3.575429185992107, 3.2861667919933097, 3.2119867319997866, 3.3689482979971217, 4.831581281003309, 3.5003876769915223, 3.4533238009898923, 3.414091108003049, 3.6197361160011496, 3.664175707992399, 3.7067720259947237, 3.779354173995671, 3.8230002999916906, 3.863828988993191, 3.9060495290032122, 3.947845946997404, 4.104300733000855, 4.064547464993666, 4.0264929279946955, 4.183672290993854, 4.1456898729957175, 4.310443555994425, 4.266969332995359, 4.394983537989901, 4.434059318999061, 4.350019584991969, 4.513321537000593, 4.559797103996971, 4.728970131996903, 4.630703148999601, 4.672120711999014, 5.007731596997473, 4.729717059992254, 5.046781832992565, 4.875949280001805, 4.975286867993418, 4.928081559992279], "final_accuracy": ["accuracy", 0.5238095238095238]}