{"trial_id": [0, 1, 2, 3, 4, 5, 6, 7, 8, 9, 10, 11, 12, 13, 14, 15, 16, 17, 18, 19, 20, 21, 22, 23, 24, 25, 26, 27, 28, 29, 30, 31, 32, 33, 34, 35, 36, 37, 38, 39, 40, 41, 42, 43, 44, 45, 46, 47, 48, 49, 50, 51, 52, 53, 54, 55, 56, 57, 58, 59, 60, 61, 62, 63, 64, 65, 66, 67, 68, 69, 70, 71, 72, 73, 74, 75, 76, 77, 78, 79, 80, 81, 82, 83, 84, 85, 86, 87, 88, 89, 90, 91, 92, 93, 94, 95, 96, 97, 98, 99], "cv_accuracy": [0.0, 0.0, 0.0, 0.0, 0.0, 0.0, 0.0, 0.0, 0.0, 0.8397435999999999, 0.0, 0.8397435999999999, 0.0, 0.0, 0.0, 0.0, 0.0, 0.0, 0.8397435999999999, 0.0, 0.0, 0.9346154, 0.0, 0.37051280000000003, 0.0, 0.0, 0.0, 0.0, 0.0, 0.0, 0.0, 0.8397435999999999, 0.0, 0.7923078, 0.0, 0.0, 0.0, 0.0961538, 0.0, 0.0, 0.0, 0.0, 0.8256410000000001, 0.0, 0.0, 0.0, 0.0, 0.0, 0.0, 0.0, 0.8397435999999999, 0.0, 0.0, 0.47948699999999994, 0.0, 0.0, 0.0, 0.824359, 0.0, 0.7615386, 0.0, 0.0, 0.0, 0.0, 0.0, 0.0, 0.0, 0.0, 0.0, 0.0, 0.0, 0.0, 0.0, 0.0, 0.0, 0.0, 0.0, 0.0, 0.5846154, 0.0, 0.0, 0.0, 0.8397435999999999, 0.0, 0.0, 0.0, 0.8397435999999999, 0.0, 0.0, 0.0, 0.0, 0.0, 0.0, 0.0, 0.0, 0.0, 0.0, 0.8397435999999999, 0.8256410000000001, 0.0], "timestamp": [0.22629142100049648, 0.26163088298926596, 0.2651993849867722, 0.14585720098693855, 0.09404235599504318, 0.14608053999836557, 0.39158394499099813, 0.4829902749916073, 0.48269620099745225, 0.7679555770009756, 0.4421964529901743, 0.5765039440011606, 0.6401393089909106, 0.6895168339979136, 0.808909646992106, 0.6899172650009859, 0.8538609469978837, 0.9135786879924126, 1.0923013290012022, 0.9640308009984437, 0.9646089739981107, 1.498893522992148, 1.0421147859888151, 1.375478921996546, 1.2078262519935379, 1.16745231099776, 1.2510898629989242, 1.2912000899959821, 1.454732668993529, 1.3763136839988874, 1.545454480990884, 1.5875176089903107, 1.6987551179918228, 2.239566163989366, 1.6558972239872674, 1.7412421099870699, 1.799977749993559, 2.060610739994445, 1.8591978209879017, 1.901254393000272, 1.9408554189867573, 2.0054266469960567, 2.185045259000617, 2.14388955499453, 2.1006493009917904, 2.2838460249913624, 2.3327110879909014, 2.3664983679918805, 2.4425100599910365, 2.4115742969879648, 2.569613371990272, 2.5121888729918282, 2.6030487709940644, 2.742610479996074, 2.69029073099955, 2.6026715799962403, 2.7835624699946493, 3.8124409949959954, 2.843991991991061, 3.2295884319901234, 2.8894139909971273, 2.9428959919896442, 2.986828955996316, 3.042496811991441, 3.085874550990411, 3.1392196169908857, 3.187281890990562, 3.278847629990196, 3.2784237960004248, 3.3794060020009056, 3.4355603529984364, 3.43490547798865, 3.561406349996105, 3.518795185998897, 3.617364727993845, 3.7094518919911934, 3.667908178991638, 3.755918301991187, 3.856300793995615, 3.895167209993815, 3.980848901992431, 3.9414835989882704, 4.516209668989177, 4.04410148099123, 4.085838656988926, 4.124600569994072, 4.4290461399941705, 4.166427563992329, 4.232626813987736, 4.281257320995792, 4.31682151799032, 4.368989231996238, 4.472783585995785, 4.591503502000705, 4.558741423999891, 4.630844901999808, 4.6890950099914335, 4.736731158991461, 4.807325108995428, 4.774091847997624], "final_accuracy": ["accuracy", 0.6190476190476191]}