{"trial_id": [0, 1, 2, 3, 4, 5, 6, 7, 8, 9, 10, 11, 12, 13, 14, 15, 16, 17, 18, 19, 20, 21, 22, 23, 24, 25, 26, 27, 28, 29, 30, 31, 32, 33, 34, 35, 36, 37, 38, 39, 40, 41, 42, 43, 44, 45, 46, 47, 48, 49, 50, 51, 52, 53, 54, 55, 56, 57, 58, 59, 60, 61, 62, 63, 64, 65, 66, 67, 68, 69, 70, 71, 72, 73, 74, 75, 76, 77, 78, 79, 80, 81, 82, 83, 84, 85, 86, 87, 88, 89, 90, 91, 92, 93, 94, 95, 96, 97, 98, 99], "cv_accuracy": [0.0, 0.8076924, 0.0, 0.0, 0.0, 0.0, 0.8076924, 0.7910258, 0.0, 0.0, 0.9358974, 0.7282054, 0.0, 0.0, 0.0, 0.0, 0.0, 0.0, 0.8410257999999999, 0.0, 0.0, 0.0, 0.0, 0.0, 0.0, 0.0, 0.0, 0.0, 0.0, 0.0, 0.0, 0.0, 0.0, 0.0, 0.0, 0.0, 0.0, 0.0, 0.0, 0.0, 0.0, 0.0, 0.0, 0.0, 0.0, 0.0, 0.0, 0.0, 0.0, 0.0, 0.0, 0.8076924, 0.0, 0.0, 0.0, 0.0, 0.524359, 0.0, 0.0, 0.0, 0.0, 0.0, 0.0, 0.0, 0.0, 0.0, 0.0, 0.0, 0.7615386, 0.0, 0.0, 0.0, 0.0, 0.0, 0.0, 0.0, 0.0, 0.0, 0.0, 0.0, 0.0, 0.0, 0.0, 0.0, 0.0, 0.0, 0.0, 0.22435900000000003, 0.0, 0.0, 0.0, 0.8397435999999999, 0.0, 0.0, 0.0, 0.0, 0.0, 0.0, 0.0, 0.0], "timestamp": [0.11141628099721856, 0.34622004500124604, 0.11216658000194002, 0.1594951500010211, 0.1597062869986985, 0.15991673900862224, 0.610257388005266, 0.4963604020013008, 0.4054434629942989, 0.4548151970084291, 1.297984186996473, 0.9617536180012394, 0.5681720230059, 0.7065032079990488, 0.6523588810086949, 0.7707138609985122, 0.7716409010026837, 0.7712850639945827, 4.946181024002726, 1.0474916670063976, 1.0073066280019702, 0.9191674949979642, 1.1110431580018485, 1.1528935899987118, 1.2394783750060014, 1.1919822850031778, 1.3408112809993327, 1.3808812350034714, 1.4187901300028898, 1.4616458730015438, 1.5390122600074392, 1.650684344000183, 1.6900814660039032, 1.6123859960061964, 1.572573213998112, 1.8908165930042742, 1.7725390900013736, 1.8482107860036194, 1.9289805290027289, 1.8098987099947408, 2.084450480004307, 2.12691750000522, 2.048752771996078, 2.1752220839989604, 2.0069467139983317, 2.2432954520045314, 2.363318197996705, 2.2834498709999025, 2.324164000005112, 2.41395291799563, 2.5224517890019342, 2.6621274549979717, 2.5647962280054344, 2.48110468199593, 2.6115305940038525, 2.7187447839969536, 4.325648097001249, 2.7621642739977688, 2.8146298060019035, 2.8507019730022876, 2.907800628003315, 2.945161077004741, 3.060468645999208, 2.999435588004417, 3.1466708090010798, 3.0972318510030163, 3.186532170002465, 3.3022671649960103, 3.7653311370086158, 3.3405339059972903, 3.257326480001211, 3.4502635200042278, 3.5105100350046996, 3.4082812260021456, 3.615959650996956, 3.565157265999005, 3.6658791999943787, 3.7150146460044198, 3.8076007689960534, 3.808226156994351, 3.8980723050044617, 3.990880166995339, 4.087476240994874, 3.953716575008002, 4.03965709800832, 4.182865098002367, 4.142788469005609, 4.242326773004606, 4.278522214997793, 4.409962827005074, 4.365772589997505, 4.851145524997264, 4.4907092610083055, 4.569994530000258, 4.615512942997157, 4.527876392006874, 4.769224575007684, 4.689407418001792, 4.728869925995241, 4.803912036004476], "final_accuracy": ["accuracy", 0.7619047619047619]}