{"trial_id": [0, 1, 2, 3, 4, 5, 6, 7, 8, 9, 10, 11, 12, 13, 14, 15, 16, 17, 18, 19, 20, 21, 22, 23, 24, 25, 26, 27, 28, 29, 30, 31, 32, 33, 34, 35, 36, 37, 38, 39, 40, 41, 42, 43, 44, 45, 46, 47, 48, 49, 50, 51, 52, 53, 54, 55, 56, 57, 58, 59, 60, 61, 62, 63, 64, 65, 66, 67, 68, 69, 70, 71, 72, 73, 74, 75, 76, 77, 78, 79, 80, 81, 82, 83, 84, 85, 86, 87, 88, 89, 90, 91, 92, 93, 94, 95, 96, 97, 98, 99], "cv_accuracy": [0.0, 0.0, 0.0, 0.0, 0.0, 0.8423077999999998, 0.5730770000000001, 0.0, 0.8423077999999998, 0.0, 0.0, 0.8423077999999998, 0.0, 0.0, 0.0, 0.0, 0.571795, 0.8256410000000001, 0.0, 0.0, 0.0, 0.0, 0.0, 0.0, 0.0, 0.0, 0.0, 0.8423077999999998, 0.8423077999999998, 0.0, 0.8423077999999998, 0.0, 0.0, 0.0, 0.8423077999999998, 0.0, 0.0, 0.0, 0.0, 0.0, 0.0, 0.0, 0.0, 0.0, 0.28589739999999997, 0.0, 0.0, 0.0, 0.0, 0.0, 0.9064104000000001, 0.0, 0.0, 0.0, 0.0, 0.0, 0.0, 0.0, 0.0, 0.8423077999999998, 0.0, 0.0, 0.0, 0.0, 0.0, 0.9051284, 0.8423077999999998, 0.0, 0.0, 0.3333334, 0.0, 0.0, 0.0, 0.0, 0.0, 0.0, 0.9064104000000001, 0.0, 0.0, 0.0, 0.0, 0.873077, 0.0, 0.0, 0.0, 0.0, 0.0, 0.9064104000000001, 0.0, 0.0, 0.0, 0.0, 0.33333320000000005, 0.0, 0.0, 0.0, 0.0, 0.0, 0.7794873999999999, 0.8423077999999998], "timestamp": [0.10843063201173209, 0.19982140199863352, 0.2478983590117423, 0.10746477601060178, 0.2987405809981283, 0.5665392310038442, 0.37252882700704504, 0.37161430100968573, 0.9636177260108525, 0.4535484320076648, 0.49974757300515193, 0.7028071460081264, 0.6144386660016607, 0.6596162040077616, 0.741799951007124, 0.8092503810039489, 1.3191977860115003, 1.415364219006733, 0.9144294860016089, 0.8663179209979717, 1.0095964280044427, 1.0700374660082161, 1.1201523800118593, 1.172607191008865, 1.2149844160012435, 1.2770554210001137, 1.3627347860019654, 1.7203036800055997, 1.532721092007705, 1.4853186380059924, 1.6162198880047072, 1.568049579000217, 1.672212343008141, 1.7725594689982245, 2.151505540998187, 1.8153345120081212, 1.856214033003198, 1.9156587480101734, 1.9616007400036324, 2.01661731400236, 2.064423921998241, 2.104524111011415, 2.198334442000487, 2.230981326007168, 2.3828510380117223, 2.341125159000512, 2.30054680199828, 2.43058274500072, 2.5206506030081073, 2.4660526939987903, 3.235351151000941, 2.5779717000114033, 2.626560190998134, 2.714182948009693, 2.668150160010555, 2.7568765270116273, 2.8132826600049157, 2.8627796470100293, 2.9015688710060203, 3.055398515003617, 2.958354911999777, 3.018921387003502, 3.1492238560022088, 3.1007802540116245, 3.1917343649984105, 4.155639122007415, 3.3443842429987853, 3.308746485010488, 3.396323485998437, 3.4863734590035165, 3.4400690650072647, 3.591368773006252, 3.545911031003925, 3.631979344005231, 3.676490158002707, 3.716354444011813, 3.9692600710113766, 3.794950310999411, 3.9200879330019234, 3.877379893005127, 3.837638520009932, 4.3823851740016835, 4.030618121003499, 4.070951857007458, 4.071463291009422, 4.20577065400721, 4.263178282009903, 4.94079770600365, 4.301152596002794, 4.3478022960043745, 4.4300184630119475, 4.485219389011036, 4.709158059005858, 4.540765377008938, 4.5409576750098495, 4.541356403002283, 4.6678713760047685, 4.793689103011275, 4.864600072003668, 4.755016719005653], "final_accuracy": ["accuracy", 0.5238095238095238]}