{"trial_id": [0, 1, 2, 3, 4, 5, 6, 7, 8, 9, 10, 11, 12, 13, 14, 15, 16, 17, 18, 19, 20, 21, 22, 23, 24, 25, 26, 27, 28, 29, 30, 31, 32, 33, 34, 35, 36, 37, 38, 39, 40, 41, 42, 43, 44, 45, 46, 47, 48, 49, 50, 51, 52, 53, 54, 55, 56, 57, 58, 59, 60, 61, 62, 63, 64, 65, 66, 67, 68, 69, 70, 71, 72, 73, 74, 75, 76, 77, 78, 79, 80, 81, 82, 83, 84, 85, 86, 87, 88, 89, 90, 91, 92, 93, 94, 95, 96, 97, 98, 99], "cv_accuracy": [0.9051284, 0.8551284000000001, 0.0, 0.0, 0.0, 0.0, 0.0, 0.619231, 0.0, 0.0, 0.0, 0.0, 0.0, 0.0, 0.0, 0.0, 0.0, 0.8551284000000001, 0.0, 0.0, 0.0, 0.8884616, 0.3987178, 0.0, 0.0, 0.0, 0.0, 0.0, 0.0, 0.0, 0.0, 0.0, 0.0, 0.0, 0.0, 0.8397437999999999, 0.0, 0.0, 0.0, 0.8551284000000001, 0.0, 0.8551284000000001, 0.0, 0.0, 0.7935899999999999, 0.8551284000000001, 0.0, 0.0, 0.0, 0.0, 0.0, 0.0, 0.920513, 0.0, 0.255128, 0.0, 0.0, 0.0, 0.0, 0.0, 0.0, 0.0, 0.0, 0.0, 0.0, 0.0, 0.0, 0.5987180000000001, 0.0, 0.0, 0.0, 0.0, 0.8551284000000001, 0.4961536000000001, 0.0, 0.0, 0.0, 0.0961538, 0.8551284000000001, 0.0, 0.0, 0.8551284000000001, 0.0, 0.0, 0.0, 0.8884616, 0.0, 0.0, 0.0, 0.0, 0.8551284000000001, 0.0, 0.0, 0.0, 0.0, 0.0, 0.0, 0.0, 0.8551284000000001, 0.0], "timestamp": [0.3544983769970713, 0.7168724530056352, 0.11137395400146488, 0.24222240199742373, 0.11298623400216457, 0.11217031900014263, 0.6008664819964906, 0.47647557899472304, 0.4109988220006926, 0.31392815300205257, 0.524851292007952, 0.5563568380021024, 0.6397857760020997, 0.7571050469996408, 0.8443353420007043, 0.8006843909970485, 0.884912413006532, 1.1027998740028124, 0.9672997010056861, 0.967593385008513, 1.037422303998028, 2.2926953550049802, 1.6685441000008723, 1.2241290579986526, 1.1772912710002856, 1.2701494500070112, 1.2705737369979033, 1.385159529003431, 1.4283549480023794, 1.4794008050084813, 1.5186005790019408, 1.587654618997476, 1.6239036210026825, 1.7681062189949444, 1.7140534589998424, 1.9166038240073249, 1.8269074620038737, 1.8725840039987816, 1.9173304950090824, 2.093222309995326, 2.0384763650072273, 2.2220415610063355, 2.143746197994915, 2.1432089029985946, 2.7230823160061846, 2.4805933500028914, 2.422778485008166, 2.379467981008929, 2.343784220996895, 2.544915739999851, 2.5763444309995975, 2.676441995005007, 3.5697343710053246, 2.633825134005747, 3.2405479779990856, 2.7837479489971884, 2.8404366390022915, 2.8814615870069247, 2.9274541930062696, 2.9893452569958754, 3.048423369997181, 3.0845199460018193, 3.122135708996211, 3.1867571269976906, 3.328332250006497, 3.366567026998382, 3.2852276430057827, 3.6522508740017656, 3.4488808949972736, 3.5278566049964866, 3.6119297690020176, 3.486774229008006, 4.29762572600157, 4.036715277004987, 3.7364060770050855, 3.788511163002113, 3.8277551619976293, 3.91750980100187, 4.100761205001618, 3.918287856999086, 3.9960200659988914, 4.33692374000384, 4.159520461995271, 4.159911003996967, 4.236807665001834, 4.5740642250020755, 4.426368009997532, 4.387341804002062, 4.425920962996315, 4.52529510599561, 4.621643468999537, 4.703428652006551, 4.668029702996137, 4.667585429997416, 4.7996127320075175, 4.840793809999013, 4.886450029996922, 4.958628095002496, 4.993890026002191, 4.924707601996488], "final_accuracy": ["accuracy", 0.8571428571428571]}