{"trial_id": [0, 1, 2, 3, 4, 5, 6, 7, 8, 9, 10, 11, 12, 13, 14, 15, 16, 17, 18, 19, 20, 21, 22, 23, 24, 25, 26, 27, 28, 29, 30, 31, 32, 33, 34, 35, 36, 37, 38, 39, 40, 41, 42, 43, 44, 45, 46, 47, 48, 49, 50, 51, 52, 53, 54, 55, 56, 57, 58, 59, 60, 61, 62, 63, 64, 65, 66, 67, 68, 69, 70, 71, 72, 73, 74, 75, 76, 77, 78, 79, 80, 81, 82, 83, 84, 85, 86, 87, 88, 89, 90, 91, 92, 93, 94, 95, 96, 97, 98, 99], "cv_accuracy": [0.0, 0.0, 0.0, 0.0, 0.0, 0.0, 0.0, 0.0, 0.0, 0.0, 0.0, 0.0, 0.0, 0.0, 0.8076924, 0.0, 0.0, 0.0, 0.0, 0.0, 0.0, 0.0, 0.0, 0.9358974, 0.0, 0.0, 0.0, 0.0, 0.0, 0.0, 0.0, 0.6641028, 0.8076924, 0.0, 0.0, 0.0, 0.0, 0.0, 0.0, 0.0, 0.0, 0.8076924, 0.0, 0.0, 0.0, 0.8076924, 0.0, 0.0, 0.0, 0.0, 0.9358974, 0.0, 0.0, 0.0, 0.0, 0.0, 0.6794874, 0.0, 0.0, 0.0, 0.0, 0.0, 0.0, 0.0, 0.7269232, 0.0, 0.0, 0.0, 0.0, 0.0, 0.0, 0.0, 0.0, 0.0, 0.0, 0.0, 0.920513, 0.0, 0.0, 0.0, 0.0, 0.7910258, 0.0, 0.7769231999999999, 0.0, 0.0, 0.0, 0.0, 0.0, 0.0, 0.0, 0.0, 0.0, 0.0, 0.0, 0.0, 0.0, 0.0, 0.0, 0.0], "timestamp": [0.16410930799611378, 0.1635754199960502, 0.31749372399644926, 0.16309255700616632, 0.16385007700591814, 0.11082958399492782, 0.4491163850034354, 0.5698865900048986, 0.6114930500043556, 0.4890636009949958, 0.48946755500219297, 0.40781432400399353, 0.6807174120040145, 0.7223816939949756, 0.9904786190018058, 0.7217946919990936, 0.8052297919930425, 0.8424190950026968, 0.9916709169920068, 0.9168691789964214, 1.1070341970043955, 0.9572429669933626, 0.9929981280001812, 1.6146711369947297, 1.3262484529986978, 1.2434875790058868, 1.2431849279964808, 1.3616925630049082, 1.1878081220056629, 1.4328979330020957, 1.5303148649982177, 1.529948916999274, 1.6656048150034621, 1.486472838994814, 1.7152676959958626, 1.7682309380033985, 1.855999816005351, 1.8155913329974283, 1.9027095799974632, 1.947449843006325, 1.9970560660003684, 2.138567885005614, 2.0999509770044824, 2.0625997750030365, 2.1809883120004088, 2.686751899003866, 2.23638521200337, 2.3865579789999174, 2.3089042009960394, 2.3086959249922074, 2.9679628390003927, 2.436309636992519, 2.5158681299944874, 2.5975973309978144, 2.5151416290027555, 2.6379637780046323, 2.927583409997169, 2.830628985000658, 2.761636612005532, 2.8015399599971715, 2.8741664569970453, 3.0704050850035856, 3.1096251559938537, 3.0299449939921033, 3.2564630449924152, 3.1674499889923027, 3.167641845997423, 3.4058349700062536, 3.357529165004962, 3.316643063997617, 3.405670199994347, 3.528583320992766, 3.491169261993491, 3.5899594810034614, 3.5903828979935497, 3.779970443996717, 3.8786726690013893, 3.7390016169956652, 3.699387069995282, 3.878160181993735, 3.8262922879948746, 3.980584581004223, 4.012500231998274, 4.220789476996288, 4.0626373429986415, 4.161180779003189, 4.12165238900343, 4.341021607993753, 4.2612750550033525, 4.301677800001926, 4.436591168996529, 4.394028605995118, 4.4959226780047175, 4.537122420995729, 4.578910615004133, 4.619258261998766, 4.6670411939994665, 4.702784547000192, 4.7462315279990435, 4.77937937900424], "final_accuracy": ["accuracy", 0.8095238095238095]}