{"trial_id": [0, 1, 2, 3, 4, 5, 6, 7, 8, 9, 10, 11, 12, 13, 14, 15, 16, 17, 18, 19, 20, 21, 22, 23, 24, 25, 26, 27, 28, 29, 30, 31, 32, 33, 34, 35, 36, 37, 38, 39, 40, 41, 42, 43, 44, 45, 46, 47, 48, 49, 50, 51, 52, 53, 54, 55, 56, 57, 58, 59, 60, 61, 62, 63, 64, 65, 66, 67, 68, 69, 70, 71, 72, 73, 74, 75, 76, 77, 78, 79, 80, 81, 82, 83, 84, 85, 86, 87, 88, 89, 90, 91, 92, 93, 94, 95, 96, 97, 98, 99], "cv_accuracy": [0.0, 0.0, 0.0, 0.0, 0.0, 0.0, 0.8397435999999999, 0.0, 0.0, 0.0, 0.0, 0.0961538, 0.9679487999999999, 0.8397435999999999, 0.0, 0.8256410000000001, 0.0, 0.8256410000000001, 0.0, 0.0, 0.0, 0.0, 0.0, 0.8397435999999999, 0.0, 0.0, 0.0, 0.0, 0.0, 0.0, 0.0, 0.0, 0.0, 0.746154, 0.0, 0.0, 0.621795, 0.0, 0.0, 0.0, 0.8397435999999999, 0.0, 0.0, 0.0, 0.0, 0.0, 0.0, 0.0, 0.0, 0.0, 0.0, 0.824359, 0.0, 0.0, 0.0, 0.0, 0.8256410000000001, 0.8397435999999999, 0.8910257999999999, 0.6051284, 0.9346154, 0.0, 0.0, 0.0, 0.8397435999999999, 0.0, 0.0, 0.0, 0.0, 0.8397435999999999, 0.0, 0.0, 0.0, 0.0, 0.0, 0.0, 0.0, 0.0, 0.8397435999999999, 0.0, 0.0, 0.0, 0.0, 0.0, 0.0, 0.8397435999999999, 0.0, 0.0, 0.0, 0.0, 0.9346154, 0.0, 0.0, 0.0, 0.8397435999999999, 0.0, 0.8397435999999999, 0.8397435999999999, 0.0, 0.0], "timestamp": [0.2140440389921423, 0.21294785699865315, 0.32734050799626857, 0.12159294499724638, 0.28919321799185127, 0.12281593099760357, 0.7073957849934231, 0.4265117239992833, 0.4648581549990922, 0.4257658510032343, 0.4622499910037732, 0.5936784719960997, 1.2564466930052731, 0.7833694419969106, 0.6611824970023008, 0.7460290210001403, 0.821377101005055, 0.9000805399991805, 0.9737814840045758, 1.0508483570010867, 1.0155253400007496, 0.9437553969910368, 1.135413661992061, 1.415172237000661, 1.2099343369918643, 1.255951756000286, 1.179364462994272, 1.375348011002643, 1.5362250000034692, 1.4544152489979751, 1.5788479869952425, 1.4963838499970734, 1.6981367519911146, 1.9348782259912696, 1.6611128499935148, 1.743113745993469, 1.8274462999979733, 1.784044353000354, 1.9752275200007716, 1.896647721005138, 2.1209811540029477, 2.014020481001353, 2.054356166991056, 2.1663589880045038, 2.2127189099992393, 2.213521515004686, 2.3331584129919065, 2.213609266997082, 2.4013523689936846, 2.4450679069996113, 2.5413814579951577, 2.839899954997236, 2.504546198004391, 2.5054266789957182, 2.6295660969917662, 2.6864213069929974, 2.7834751789923757, 2.7456852390023414, 2.8881488549959613, 3.352265649999026, 3.0382292849972146, 2.9888565729925176, 2.945101852994412, 3.0812733130005654, 3.201477155002067, 3.1484745140041923, 3.392418490999262, 3.271751370994025, 3.2020981520036003, 3.9738350519910455, 3.5236073470005067, 3.4832746799947927, 3.393028967999271, 3.602273910000804, 3.686566178992507, 3.640868975999183, 3.7345699279976543, 3.7339196399989305, 4.168236871002591, 3.8521871300035855, 3.891440056002466, 4.0207813150045695, 3.9399122600007104, 4.085345754996524, 4.084836786001688, 4.515722544005257, 4.167978646000847, 4.259407638994162, 4.381948758004, 4.326662437000778, 4.886415985994972, 4.416682921000756, 4.460948047999409, 4.549897698991117, 4.841280416003428, 4.625175673994818, 4.727379292991827, 4.802317723995657, 4.666341399002704, 4.7713263320038095], "final_accuracy": ["accuracy", 0.6190476190476191]}