{"3":2.06293225288391,"4":2.43691945075989,"1":2.34033870697021,"2":2.72089838981628}
