{"trial_id": [0, 1, 2, 3, 4, 5, 6, 7, 8, 9, 10, 11, 12, 13, 14, 15, 16, 17, 18, 19, 20, 21, 22, 23, 24, 25, 26, 27, 28, 29, 30, 31, 32, 33, 34, 35, 36, 37, 38, 39, 40, 41, 42, 43, 44, 45, 46, 47, 48, 49, 50, 51, 52, 53, 54, 55, 56, 57, 58, 59, 60, 61, 62, 63, 64, 65, 66, 67, 68, 69, 70, 71, 72, 73, 74, 75, 76, 77, 78, 79, 80, 81, 82, 83, 84, 85, 86, 87, 88, 89, 90, 91, 92, 93, 94, 95, 96, 97, 98, 99], "cv_accuracy": [0.0, 0.0, 0.0, 0.2535714, 0.0, 0.0, 0.0, 0.0, 0.0, 0.0, 0.0, 0.0, 0.0, 0.0, 0.0, 0.0, 0.0, 0.0, 0.0, 0.0, 0.0, 0.2785714, 0.0, 0.0, 0.0, 0.0, 0.0, 0.0, 0.0, 0.3071428, 0.0, 0.0, 0.275, 0.0, 0.3607142, 0.0, 0.0, 0.0, 0.0, 0.0, 0.0, 0.0, 0.0, 0.3642856, 0.0, 0.0, 0.0, 0.0, 0.0, 0.0, 0.0, 0.0, 0.25, 0.0, 0.0, 0.0, 0.0, 0.24999980000000002, 0.0, 0.0, 0.0, 0.0, 0.0, 0.0, 0.0, 0.0, 0.0, 0.0, 0.0, 0.0, 0.0, 0.0, 0.2214286, 0.0, 0.0, 0.0, 0.0, 0.0, 0.30714260000000004, 0.0, 0.17142839999999998, 0.3571428, 0.142857, 0.0, 0.0, 0.0, 0.0, 0.0, 0.29999980000000004, 0.0, 0.0, 0.0, 0.0, 0.0, 0.0, 0.0, 0.3892856, 0.0, 0.0, 0.25], "timestamp": [0.10713882400887087, 0.10604563700326253, 0.1993361050117528, 0.3416865110048093, 0.23821100901113823, 0.23597267000877764, 0.44011288799811155, 0.48142848000861704, 0.5187670580053236, 0.4001701060042251, 0.556984912007465, 0.6134131970029557, 0.6748155790119199, 0.8964707200066186, 0.7992632380046416, 0.7611158189974958, 0.7175058600114426, 0.8494104920100654, 0.9518222769984277, 0.9927029850077815, 1.0857178130099783, 1.0412499160011066, 1.1322399780037813, 1.1753397420106921, 1.2730170779977925, 1.2329426770011196, 1.3218859040061943, 1.3672698590089567, 1.413677500007907, 1.4134456790052354, 1.5579194349993486, 1.513877860008506, 1.713185123007861, 1.609953391001909, 1.8927696340106195, 1.6614556330023333, 1.7586889160011197, 1.7973611400084337, 1.8510606960044242, 1.9381393210060196, 1.9939117080066353, 2.038259195003775, 2.0797394260007422, 2.2851244540070184, 2.1349966770067113, 2.177580963005312, 2.2378158400097163, 2.4460766640113434, 2.3223771640041377, 2.3678425180114573, 2.4020494030119153, 2.504091911003343, 2.602057418000186, 2.5560941340081627, 2.7141169410024304, 2.6368335930019384, 2.675388732997817, 2.9833374910085695, 2.7914639090013225, 2.8381416110059945, 2.9086436460056575, 2.948529576009605, 2.8691303140076343, 3.0650864650087897, 3.15086982199864, 3.151640504001989, 3.112779060000321, 3.2338769199996023, 3.274882477999199, 3.3565974730008747, 3.4028648270032136, 3.44261056301184, 3.480235683004139, 3.5172882240003673, 3.558743988003698, 3.6468989650020376, 3.647331757005304, 3.8092148920113686, 3.858414216010715, 3.7263601640006527, 3.7680188750091475, 4.093255517000216, 3.97740324800543, 3.937900028002332, 4.017923341001733, 4.057075529999565, 4.12641134900332, 4.21533632100909, 4.449342385007185, 4.256255295011215, 4.3030315930082, 4.339500884001609, 4.369426149001811, 4.527655914003844, 4.489111008006148, 4.614722555008484, 4.701188095001271, 4.5657500570086995, 4.662706155999331, 4.744094975001644], "final_accuracy": ["accuracy", 0.42857142857142855]}