{"trial_id": [0, 1, 2, 3, 4, 5, 6, 7, 8, 9, 10, 11, 12, 13, 14, 15, 16, 17, 18, 19, 20, 21, 22, 23, 24, 25, 26, 27, 28, 29, 30, 31, 32, 33, 34, 35, 36, 37, 38, 39, 40, 41, 42, 43, 44, 45, 46, 47, 48, 49, 50, 51, 52, 53, 54, 55, 56, 57, 58, 59, 60, 61, 62, 63, 64, 65, 66, 67, 68, 69, 70, 71, 72, 73, 74, 75, 76, 77, 78, 79, 80, 81, 82, 83, 84, 85, 86, 87, 88, 89, 90, 91, 92, 93, 94, 95, 96, 97, 98, 99], "cv_accuracy": [0.0, 0.0, 0.0, 0.0, 0.0, 0.4857142, 0.0, 0.0, 0.0, 0.0, 0.0, 0.0, 0.0, 0.0, 0.0, 0.0, 0.0, 0.0, 0.4571428, 0.0, 0.0, 0.0, 0.0, 0.0, 0.0, 0.0, 0.0, 0.0, 0.0, 0.395238, 0.0, 0.0, 0.0, 0.0, 0.0, 0.0, 0.0, 0.0, 0.0, 0.0, 0.0, 0.0, 0.0, 0.0619048, 0.0, 0.0, 0.0, 0.0, 0.0619048, 0.0, 0.0, 0.0, 0.0, 0.0, 0.0, 0.0, 0.0, 0.0, 0.0, 0.2952382, 0.0, 0.0, 0.0, 0.0, 0.0, 0.0, 0.3476192, 0.0, 0.0, 0.0, 0.0, 0.0, 0.0, 0.0, 0.0, 0.0, 0.0, 0.0, 0.0, 0.0, 0.0, 0.0, 0.0, 0.0, 0.0, 0.4619048, 0.4619048, 0.395238, 0.0, 0.42857120000000004, 0.0, 0.0, 0.0, 0.3952382, 0.0, 0.0, 0.0, 0.0, 0.0, 0.0], "timestamp": [0.23798791800800245, 0.11017381001147442, 0.27685356300207786, 0.20168639899929985, 0.11127991101238877, 0.3557473969995044, 0.44600050000008196, 0.4471193040080834, 0.5559126480075065, 0.5252167920116335, 0.4015238710126141, 0.6237679790065158, 0.6701514340093127, 0.7953704290121095, 0.7569442580133909, 0.833708870006376, 0.7168762090004748, 0.991035049999482, 0.9553025500063086, 1.0346973770065233, 1.1205410290131113, 1.0657568080059718, 0.9143661140115, 1.1853615080035524, 1.228442947001895, 1.228919348999625, 1.3566138200112619, 1.2992718660098035, 1.399824667008943, 1.5976975780067733, 1.55888332700124, 1.4760002620023442, 1.519321932006278, 1.6779368670104304, 1.6398589520103997, 1.7506324499991024, 1.8381816809996963, 1.7974187990039354, 1.8388567910005804, 1.9535783820028882, 1.9204785180045292, 2.024719436012674, 2.077115992011386, 2.2032785350020276, 2.12052644501091, 2.203082059000735, 2.1211102530069184, 2.3103451010101708, 2.486741578002693, 2.4133635950129246, 2.375415703005274, 2.521742989003542, 2.4140124750119867, 2.585567918009474, 2.7706955460016616, 2.731893438001862, 2.651094708009623, 2.7699594060104573, 2.6903815530095017, 3.02253044200188, 2.9470201390067814, 2.9052388350100955, 2.9905408850027015, 3.060314008005662, 3.0607641480019083, 3.1809743590129074, 3.3402310270030284, 3.3031164109997917, 3.22763677900366, 3.3741338630061364, 3.2628580150048947, 3.454844469000818, 3.542734817005112, 3.580905126000289, 3.621928756008856, 3.6220994840114145, 3.501159223000286, 3.7355582900054287, 3.7894672469992656, 3.8668073280132376, 3.7896622289990773, 3.944894316009595, 3.8673746880085673, 4.011765593008022, 4.074575818012818, 4.424641226010863, 4.376862096003606, 4.169730453009834, 4.075341653006035, 4.467404676004662, 4.288343613006873, 4.242154076011502, 4.335442880008486, 4.579771958000492, 4.529506880004192, 4.616852335006115, 4.653024080005707, 4.727726324010291, 4.693769149002037, 4.770535347008263], "final_accuracy": ["accuracy", 0.25]}