{"trial_id": [0, 1, 2, 3, 4, 5, 6, 7, 8, 9, 10, 11, 12, 13, 14, 15, 16, 17, 18, 19, 20, 21, 22, 23, 24, 25, 26, 27, 28, 29, 30, 31, 32, 33, 34, 35, 36, 37, 38, 39, 40, 41, 42, 43, 44, 45, 46, 47, 48, 49, 50, 51, 52, 53, 54, 55, 56, 57, 58, 59, 60, 61, 62, 63, 64, 65, 66, 67, 68, 69, 70, 71, 72, 73, 74, 75, 76, 77, 78, 79, 80, 81, 82, 83, 84, 85, 86, 87, 88, 89, 90, 91, 92, 93, 94, 95, 96, 97, 98, 99], "cv_accuracy": [0.0, 0.0, 0.0, 0.0, 0.31904759999999993, 0.0, 0.0, 0.0, 0.0, 0.0, 0.0, 0.0, 0.0, 0.0, 0.0, 0.0, 0.0, 0.347619, 0.0, 0.0, 0.0, 0.0, 0.0, 0.0, 0.0, 0.0, 0.0, 0.32857159999999996, 0.0, 0.0, 0.095238, 0.0, 0.39047600000000005, 0.3285714, 0.0, 0.0, 0.3285714, 0.3285714, 0.2952382, 0.0, 0.0, 0.0, 0.0, 0.0, 0.0, 0.0, 0.44285739999999996, 0.0, 0.2904764, 0.3952382, 0.0, 0.0, 0.0, 0.0, 0.0, 0.0, 0.0, 0.0, 0.0, 0.0, 0.0, 0.0, 0.0, 0.0, 0.0, 0.0, 0.0, 0.0, 0.0, 0.0, 0.0, 0.0, 0.0, 0.3904764, 0.0, 0.0, 0.0, 0.0, 0.3523808, 0.2571428, 0.31904760000000004, 0.41428580000000004, 0.0, 0.0, 0.0, 0.3619048, 0.3619048, 0.0, 0.0, 0.0, 0.0, 0.0, 0.0, 0.3285712, 0.5095238, 0.0, 0.0, 0.0, 0.3238096, 0.0], "timestamp": [0.24246028999914415, 0.10977970199019182, 0.11108439198869746, 0.19881428399821743, 0.6008726519939955, 0.280461556991213, 0.40618670599360485, 0.44592148798983544, 0.44522630400024354, 0.5204239539889386, 0.3618002759903902, 0.6374776659940835, 0.7603527729952475, 0.7262323030008702, 0.7644107569940388, 0.6822190109960502, 0.8893080859998008, 1.1126548600004753, 0.8896525979944272, 1.0118424099928234, 1.0536122129997239, 0.9703561919886852, 1.2140793829894392, 1.211860262992559, 1.1754627850023098, 1.3345922709995648, 1.2950506170018343, 1.4147571599896764, 1.4625997409893898, 1.4623257880011806, 1.6130306709965225, 1.5445786279888125, 1.6553457150002941, 1.6981794769963017, 1.772139836990391, 1.7367297769960715, 1.8135501719953027, 1.8895500950020505, 2.105709076000494, 1.939619393000612, 1.981700798991369, 2.0598571969894692, 1.9809176290000323, 2.169295243002125, 2.266037816996686, 2.265869925991865, 2.375116569994134, 2.221386391989654, 2.5665876349958126, 2.9513609069981612, 2.4340787639957853, 2.4332288229925325, 2.512278244990739, 2.6163672029942973, 2.7142424449993996, 2.672703887001262, 2.7147244660009164, 2.813538342001266, 2.859537126001669, 2.9126513239898486, 3.0387696499965386, 2.952186331996927, 3.095935298988479, 3.1371700089948718, 3.2360446069942554, 3.235747704995447, 3.19555033899087, 3.319834309993894, 3.4232149359886535, 3.379910885996651, 3.4781614249950508, 3.565374821992009, 3.526057672992465, 3.62042824299715, 3.6620891829952598, 3.7031594809959643, 3.756740312994225, 3.806094084997312, 3.9231974290014477, 4.11175185898901, 3.8814819649996934, 4.0699968690023525, 3.9644100579898804, 4.008058148989221, 4.169961731997319, 4.309165149999899, 4.404187173990067, 4.211073198996019, 4.348663493990898, 4.272786804998759, 4.4403838659927715, 4.439212532990496, 4.549972649998381, 4.594133441001759, 4.8673233589943266, 4.648147422994953, 4.6897060929914005, 4.727692741987994, 4.810640115989372, 4.773477016002289], "final_accuracy": ["accuracy", 0.3333333333333333]}