{"trial_id": [0, 1, 2, 3, 4, 5, 6, 7, 8, 9, 10, 11, 12, 13, 14, 15, 16, 17, 18, 19, 20, 21, 22, 23, 24, 25, 26, 27, 28, 29, 30, 31, 32, 33, 34, 35, 36, 37, 38, 39, 40, 41, 42, 43, 44, 45, 46, 47, 48, 49, 50, 51, 52, 53, 54, 55, 56, 57, 58, 59, 60, 61, 62, 63, 64, 65, 66, 67, 68, 69, 70, 71, 72, 73, 74, 75, 76, 77, 78, 79, 80, 81, 82, 83, 84, 85, 86, 87, 88, 89, 90, 91, 92, 93, 94, 95, 96, 97, 98, 99], "cv_accuracy": [0.0, 0.295238, 0.0, 0.0, 0.0904762, 0.0, 0.0, 0.0, 0.0, 0.0, 0.0, 0.0, 0.0, 0.0, 0.0, 0.0, 0.0, 0.0, 0.0, 0.0, 0.0, 0.3809526, 0.295238, 0.0, 0.4428572, 0.0, 0.0, 0.0, 0.0, 0.0, 0.0, 0.0, 0.31904760000000004, 0.1666666, 0.0, 0.0, 0.0, 0.29047619999999996, 0.0, 0.0, 0.0, 0.0, 0.4476192, 0.0, 0.0, 0.0, 0.0, 0.0, 0.0, 0.3285712, 0.0, 0.0, 0.0, 0.0, 0.0, 0.0, 0.0, 0.0, 0.0, 0.40952399999999994, 0.0, 0.0, 0.0, 0.0, 0.0, 0.0, 0.0, 0.0, 0.2, 0.0, 0.0, 0.0, 0.0, 0.0, 0.0, 0.0, 0.1333334, 0.0, 0.0, 0.0, 0.0, 0.0, 0.21428599999999998, 0.23333339999999997, 0.0, 0.0, 0.0, 0.0, 0.0, 0.0, 0.0, 0.0, 0.0, 0.0, 0.0, 0.0, 0.0, 0.0, 0.0, 0.0], "timestamp": [0.19965834499453194, 0.35413966499618255, 0.10566305300744716, 0.1978033810009947, 0.29239715699804947, 0.10645285500504542, 0.4494930189976003, 0.4498572239972418, 0.5307662810082547, 0.40663381600461435, 0.5722443980048411, 0.6373049060057383, 0.6914055899978848, 0.8112693069997476, 0.8109109299984993, 0.7337793750048149, 0.7727495849976549, 0.9118208730069455, 0.9719574650080176, 1.0142569930030731, 1.1029042680020211, 1.2589794499945128, 1.058149782998953, 1.1571574639965547, 1.598952704007388, 1.2185145340044983, 1.2977519349951763, 1.33838013499917, 1.4008586940035457, 1.4530862490064465, 1.5020452870085137, 1.5015786690055393, 1.6405552649957826, 1.6924519050080562, 1.734286371996859, 1.7826623779983493, 1.829376642999705, 1.9306183019944, 1.8815020170004573, 1.9720357900077943, 2.0131421650003176, 2.0610137740004575, 2.354041988000972, 2.1235728040046524, 2.176265964997583, 2.303691377994255, 2.2202232249983354, 2.2653732909966493, 2.3990568820008775, 2.6832095450081397, 2.4697901220060885, 2.5168792930053314, 2.6413873139972566, 2.554235896008322, 2.5550547860038932, 2.7501550120068714, 2.835872362004011, 2.878141538996715, 2.7982134310004767, 3.1992109080019873, 2.9231313040072564, 2.9963773470080923, 3.083655454000109, 3.0414758940023603, 3.1229431130050216, 3.1238459730084287, 3.2630401460046414, 3.3159862120082835, 3.482557737006573, 3.390042661994812, 3.4352053479960887, 3.3153718410030706, 3.534138047005399, 3.6288476810004795, 3.5884722729970235, 3.671268018995761, 3.7784766480035614, 3.7256175390066346, 3.817360663000727, 3.8714959589997306, 3.9515005790017312, 3.9110953089984832, 4.232120376007515, 4.1839759970025625, 4.017223368995474, 4.105374927006778, 4.145878494004137, 4.071133938006824, 4.288330662006047, 4.348438194007031, 4.349000115995295, 4.466811352001969, 4.422178987006191, 4.467595465001068, 4.56432989500172, 4.619661860007909, 4.6200377350032795, 4.692514898997615, 4.730390376003925, 4.730232757006888], "final_accuracy": ["accuracy", 0.6666666666666666]}