{"trial_id": [0, 1, 2, 3, 4, 5, 6, 7, 8, 9, 10, 11, 12, 13, 14, 15, 16, 17, 18, 19, 20, 21, 22, 23, 24, 25, 26, 27, 28, 29, 30, 31, 32, 33, 34, 35, 36, 37, 38, 39, 40, 41, 42, 43, 44, 45, 46, 47, 48, 49, 50, 51, 52, 53, 54, 55, 56, 57, 58, 59, 60, 61, 62, 63, 64, 65, 66, 67, 68, 69, 70, 71, 72, 73, 74, 75, 76, 77, 78, 79, 80, 81, 82, 83, 84, 85, 86, 87, 88, 89, 90, 91, 92, 93, 94, 95, 96, 97, 98, 99], "cv_accuracy": [0.1333334, 0.0, 0.0, 0.0, 0.0, 0.06666659999999999, 0.0, 0.0, 0.0, 0.0, 0.0, 0.0, 0.39047600000000005, 0.0, 0.0, 0.0, 0.0, 0.0, 0.5428572, 0.0, 0.0, 0.0, 0.0, 0.0, 0.0, 0.06666659999999999, 0.0, 0.0, 0.0, 0.0, 0.0, 0.0, 0.0666668, 0.0, 0.0, 0.0, 0.5095238, 0.0, 0.0, 0.257143, 0.0, 0.0, 0.0, 0.0, 0.0, 0.0, 0.0, 0.3619048, 0.0, 0.0, 0.0, 0.0, 0.0, 0.0, 0.0, 0.0, 0.0, 0.0, 0.06666659999999999, 0.0, 0.0, 0.3952382, 0.0, 0.0, 0.0, 0.0, 0.0, 0.0, 0.0, 0.195238, 0.0, 0.542857, 0.0, 0.0, 0.0, 0.0, 0.0, 0.0, 0.0, 0.0, 0.0, 0.2285714, 0.0, 0.0, 0.0, 0.0, 0.0, 0.2619046, 0.0, 0.0, 0.0, 0.295238, 0.0, 0.3619048, 0.0, 0.0, 0.0, 0.0, 0.0, 0.0], "timestamp": [0.34466855200298596, 0.15783456100325566, 0.10857021699484903, 0.19870827499835286, 0.20148893899749964, 0.15645062600378878, 0.48213675399892963, 0.5621002510015387, 0.4476248340070015, 0.5224253140040673, 0.4060497199970996, 0.6171726750035305, 0.9124342629947932, 0.8054542930040043, 0.7678400849981699, 0.7296028580021812, 0.6888329619978322, 0.8529107670037774, 1.1946225110004889, 1.012275988003239, 1.0512793850066373, 0.9708770230063237, 1.090056478002225, 1.1473904379963642, 1.2486924800032284, 1.294641928994679, 1.3702898479969008, 1.2951747579936637, 1.420575401003589, 1.4685746140021365, 1.5263161360053346, 1.6133789159939624, 1.6547690489969682, 1.5748466340010054, 1.702337176000583, 1.7483126070001163, 2.153837249003118, 1.8611713919963222, 1.8205947590031428, 1.9943699190043844, 1.9144500050024362, 1.9559198890055995, 2.099146032007411, 2.060371518993634, 2.1926066510059172, 2.2749923590017715, 2.233026506000897, 2.389471924994723, 2.3402453900052933, 2.4755966999946395, 2.436079292005161, 2.556683716000407, 2.517388975000358, 2.6197101090074284, 2.6673552190040937, 2.7600416009954643, 2.7208166750060627, 2.8517875550023746, 2.7593896159960423, 2.900596224993933, 2.9513401209987933, 3.1724290370038943, 3.0028239530074643, 3.049397789000068, 3.0961347300035413, 3.134039644006407, 3.221009836997837, 3.2758474699949147, 3.3224895309977, 3.3744187700067414, 3.4139504119957564, 3.9295203350047814, 3.4582811489963206, 3.51145527799963, 3.5616871520032873, 3.614414284005761, 3.6532320359983714, 3.6956712160026655, 3.747426436006208, 3.79948063599295, 3.8505959600006463, 3.8884280670026783, 3.964240718007204, 4.014619538997067, 4.070428696999443, 4.117846337001538, 4.167811726001673, 4.297618512995541, 4.210190490994137, 4.254035250996822, 4.347041624001577, 4.3952379370020935, 4.440189172004466, 4.482355874002678, 4.523992824993911, 4.565856959001394, 4.6064327740023145, 4.6430165280035, 4.680394291004632, 4.713413866003975], "final_accuracy": ["accuracy", 0.5]}