{"trial_id": [0, 1, 2, 3, 4, 5, 6, 7, 8, 9, 10, 11, 12, 13, 14, 15, 16, 17, 18, 19, 20, 21, 22, 23, 24, 25, 26, 27, 28, 29, 30, 31, 32, 33, 34, 35, 36, 37, 38, 39, 40, 41, 42, 43, 44, 45, 46, 47, 48, 49, 50, 51, 52, 53, 54, 55, 56, 57, 58, 59, 60, 61, 62, 63, 64, 65, 66, 67, 68, 69, 70, 71, 72, 73, 74, 75, 76, 77, 78, 79, 80, 81, 82, 83, 84, 85, 86, 87, 88, 89, 90, 91, 92, 93, 94, 95, 96, 97, 98, 99], "cv_accuracy": [0.0, 0.0, 0.4619046, 0.0, 0.0, 0.0, 0.0, 0.0, 0.0, 0.0, 0.0, 0.647619, 0.35714300000000004, 0.0, 0.0, 0.0, 0.2809524, 0.0, 0.0, 0.0, 0.0, 0.0, 0.42857140000000005, 0.0666668, 0.0, 0.3904762, 0.0, 0.3142856, 0.0, 0.0, 0.0, 0.0, 0.4619046, 0.0, 0.0, 0.0, 0.0, 0.0, 0.4476190000000001, 0.0666668, 0.0, 0.0, 0.0, 0.0, 0.0, 0.0, 0.0, 0.0666668, 0.0, 0.0, 0.0, 0.0, 0.0, 0.0, 0.0, 0.0, 0.0, 0.0, 0.0, 0.0, 0.0, 0.0, 0.0, 0.0, 0.0, 0.3952382, 0.0, 0.42857140000000005, 0.0, 0.0, 0.2428572, 0.0, 0.0, 0.0, 0.3666668, 0.0, 0.4476192, 0.0, 0.0, 0.0, 0.0, 0.0, 0.0, 0.0, 0.0, 0.0, 0.0, 0.0, 0.2333332, 0.0, 0.0, 0.0, 0.0, 0.0, 0.0, 0.0, 0.0, 0.0, 0.0, 0.0], "timestamp": [0.23826127899519634, 0.10779685700254049, 0.5919558360037627, 0.10847488700528629, 0.10761289999936707, 0.23797882000508253, 0.5291642179945484, 0.41415597799641546, 0.4895375479973154, 0.41394064600171987, 0.3690694739925675, 0.8882813579984941, 0.7775826650031377, 0.6976676019985462, 0.6982973980047973, 0.6553839730040636, 0.8504177470022114, 0.9352821089996723, 0.9790581069973996, 0.9799319680023473, 0.9796441679936834, 1.137178432996734, 1.3135331439989386, 1.1859613599954173, 1.2722665009932825, 1.3603169410052942, 1.230639785004314, 1.4217647180048516, 1.422312784998212, 1.513501986002666, 1.5125296149926726, 1.5948309740051627, 1.8837174609943759, 1.6703982899925904, 1.7176091190049192, 1.7626838629948907, 1.798589483005344, 1.8001521340047475, 2.0441619490011362, 1.9673822110053152, 2.0840966069954447, 2.1225351269968087, 2.122942617002991, 2.012980511004571, 2.2344125310046365, 2.3180028520000633, 2.279899557994213, 2.3964350419992115, 2.3571438530052546, 2.3957622419984546, 2.518659081993974, 2.5653072410059394, 2.6757501810061513, 2.605979603002197, 2.724717346995021, 2.6056243299972266, 2.799637646006886, 2.848144478004542, 2.891879061004147, 3.0020569180051098, 2.891694562000339, 2.892467173995101, 3.092432538003777, 3.1368024139956106, 3.2235112089983886, 3.262218561998452, 3.2624917189968983, 3.181327512997086, 3.3838216830044985, 3.424654118003673, 3.5584719269972993, 3.5110109359957278, 3.4699808129953453, 3.594885461992817, 3.8713843820005422, 3.6637551930034533, 4.303492539998842, 3.7161387630039826, 3.80621858399536, 3.763980122996145, 3.8721403929957887, 3.9634728350065416, 4.055338413003483, 4.013717474997975, 4.16287206299603, 4.119112490006955, 4.206734723993577, 4.260088110997458, 4.302582017000532, 4.398360067993053, 4.447153091998189, 4.487771107000299, 4.543909483996686, 4.627788044002955, 4.585373872003402, 4.67712345799373, 4.755364526004996, 4.719466655005817, 4.795904935992439, 4.830324654001743], "final_accuracy": ["accuracy", 0.08333333333333333]}