{"trial_id": [0, 1, 2, 3, 4, 5, 6, 7, 8, 9, 10, 11, 12, 13, 14, 15, 16, 17, 18, 19, 20, 21, 22, 23, 24, 25, 26, 27, 28, 29, 30, 31, 32, 33, 34, 35, 36, 37, 38, 39, 40, 41, 42, 43, 44, 45, 46, 47, 48, 49, 50, 51, 52, 53, 54, 55, 56, 57, 58, 59, 60, 61, 62, 63, 64, 65, 66, 67, 68, 69, 70, 71, 72, 73, 74, 75, 76, 77, 78, 79, 80, 81, 82, 83, 84, 85, 86, 87, 88, 89, 90, 91, 92, 93, 94, 95, 96, 97, 98, 99], "cv_accuracy": [0.0, 0.0, 0.0, 0.3642856, 0.0, 0.0, 0.3035714, 0.0, 0.0, 0.0, 0.0, 0.0, 0.0, 0.0, 0.0, 0.2785714, 0.0, 0.0, 0.0, 0.0, 0.0, 0.0, 0.3321428, 0.0, 0.3357142, 0.0, 0.0, 0.3357142, 0.3607142, 0.0, 0.0, 0.0, 0.0, 0.0, 0.2785714, 0.0, 0.0, 0.0, 0.0, 0.0, 0.0, 0.0, 0.0, 0.0, 0.0, 0.0, 0.0, 0.0, 0.0, 0.225, 0.0, 0.3642856, 0.0, 0.3035714, 0.0, 0.0, 0.0, 0.0, 0.0, 0.0, 0.0, 0.0, 0.0, 0.0, 0.0, 0.5035714, 0.41428560000000003, 0.0, 0.0, 0.0, 0.0, 0.0, 0.3642856, 0.0, 0.0, 0.0, 0.0, 0.0, 0.0, 0.0, 0.0, 0.2785714, 0.0, 0.0, 0.0, 0.0, 0.0, 0.2857144, 0.0, 0.0, 0.0, 0.0, 0.275, 0.11428560000000001, 0.0, 0.0, 0.0, 0.11428560000000001, 0.0, 0.0], "timestamp": [0.26654895099636633, 0.10121825100213755, 0.14957089799281675, 0.49899610999273136, 0.23091899299470242, 0.15019519899215084, 0.5460194249899359, 0.45555631098977756, 0.3510622500034515, 0.39104222699825186, 0.39055456999631133, 0.6603978439961793, 0.7025215960020432, 0.7409941579971928, 0.6193039729987504, 0.8280392339947866, 0.788569529002416, 0.8968300359993009, 0.9385958280035993, 1.0175013339903671, 0.9735965259897057, 1.0629104529944016, 1.3404051519901259, 1.1412532239919528, 1.2797838959959336, 1.182723610996618, 1.233162516989978, 1.4207145719992695, 1.6960991919913795, 1.3414243689912837, 1.4596218380029313, 1.5050132960022893, 1.6076925509987632, 1.572715332993539, 1.7714574690035079, 1.651873009002884, 1.7342541999969399, 1.8892985010024859, 1.849532623993582, 1.9326726040017093, 2.0138602619990706, 2.055671377995168, 1.9742052319925278, 2.170836513003451, 2.128013091001776, 2.1706365330028348, 2.2547698069975013, 2.293049025000073, 2.336394347003079, 2.4093050730007235, 2.4537821379926754, 2.857822171994485, 2.531794611000805, 2.5680380099947797, 2.5006428219930967, 2.6409781639958965, 2.6865990669903113, 2.768978819003678, 2.8082501649914775, 2.724428215995431, 2.9112954229931347, 2.959225245998823, 3.0023481840034947, 3.0914857019961346, 3.0469019309966825, 3.643911780003691, 3.24604165799974, 3.1712458599940874, 3.2093145370017737, 3.2927167719899444, 3.3310704570030794, 3.502122160003637, 3.590112053992925, 3.4186899560008897, 3.503151426994009, 3.4644861799897626, 3.64438839298964, 3.777234227003646, 3.818339837001986, 3.725848659989424, 3.8527476349991048, 4.1288105999992695, 3.955158622993622, 3.9172709830017993, 4.014460070000496, 4.056106356991222, 4.089495979002095, 4.430634593998548, 4.189301095000701, 4.253334530003485, 4.299568286995054, 4.33537975299987, 4.380596950999461, 4.430004983994877, 4.523415592993842, 4.569654313992942, 4.570077623997349, 4.642607510992093, 4.681137753999792, 4.715503583996906], "final_accuracy": ["accuracy", 0.5714285714285714]}