{"trial_id": [0, 1, 2, 3, 4, 5, 6, 7, 8, 9, 10, 11, 12, 13, 14, 15, 16, 17, 18, 19, 20, 21, 22, 23, 24, 25, 26, 27, 28, 29, 30, 31, 32, 33, 34, 35, 36, 37, 38, 39, 40, 41, 42, 43, 44, 45, 46, 47, 48, 49, 50, 51, 52, 53, 54, 55, 56, 57, 58, 59, 60, 61, 62, 63, 64, 65, 66, 67, 68, 69, 70, 71, 72, 73, 74, 75, 76, 77, 78, 79, 80, 81, 82, 83, 84, 85, 86, 87, 88, 89, 90, 91, 92, 93, 94, 95, 96, 97, 98, 99], "cv_accuracy": [0.0, 0.41428580000000004, 0.0, 0.0, 0.0, 0.0, 0.0, 0.0, 0.0, 0.0, 0.0, 0.0, 0.0, 0.3809522, 0.3, 0.0, 0.0, 0.26190480000000005, 0.0, 0.0, 0.0, 0.0, 0.295238, 0.0, 0.0, 0.0, 0.0, 0.0, 0.2, 0.0, 0.0, 0.0, 0.0, 0.0, 0.0, 0.0, 0.0, 0.0, 0.0, 0.2809526, 0.0, 0.41428580000000004, 0.31428599999999995, 0.0, 0.0, 0.0, 0.0, 0.0, 0.2142858, 0.0, 0.0, 0.0, 0.0, 0.0, 0.0, 0.0, 0.0, 0.0, 0.26190480000000005, 0.0, 0.0, 0.0, 0.0, 0.0, 0.0, 0.0, 0.0, 0.0, 0.0, 0.0, 0.0, 0.0, 0.0, 0.0, 0.41428580000000004, 0.0, 0.0, 0.0, 0.0, 0.0, 0.0, 0.0, 0.347619, 0.0, 0.0, 0.0, 0.0, 0.0, 0.0, 0.0, 0.2285714, 0.2952382, 0.0, 0.3476192, 0.1952382, 0.295238, 0.0, 0.0, 0.0, 0.0], "timestamp": [0.10094289999688044, 0.5587487289885757, 0.258591557998443, 0.18428605099325068, 0.14680531500198413, 0.1838901939918287, 0.36367049599357415, 0.4418067929946119, 0.5142590689938515, 0.44286847198964097, 0.3645119959983276, 0.7133268869947642, 0.7128891879983712, 0.7831946169899311, 1.0807129839959089, 0.6338096389954444, 0.6810157689906191, 1.0405545190005796, 0.9873337359895231, 0.8811476120026782, 0.8804665609932272, 0.9160426119924523, 1.3791535649943398, 1.2011253910022788, 1.2371735789929517, 1.1519510139914928, 1.3153016169962939, 1.2744302490027621, 1.6786161350028124, 1.4778967199963517, 1.4423296039894922, 1.5240433379949536, 1.5615897169918753, 1.6254539959918475, 1.7670606280007632, 1.7979607009910978, 1.7988416449952638, 1.724044528993545, 1.8961516709969146, 2.0636739379988285, 1.9642547499970533, 2.256672143994365, 2.147127025993541, 2.0020218339923304, 2.1053881120024016, 2.2975025359919528, 2.2117309460008983, 2.343292908000876, 2.447536665989901, 2.377998582989676, 2.484950542988372, 2.530041252000956, 2.5693983859964646, 2.6599081809981726, 2.6124536209972575, 2.7629201829986414, 2.7251467530004447, 2.80416514800163, 2.8525067689915886, 2.8516677930019796, 2.9361986750009237, 3.0441426429897547, 3.003183925000485, 3.0858127050014446, 3.160319923001225, 3.1252372449962422, 3.20296780699573, 3.3203190909989644, 3.280209485994419, 3.3614377259946195, 3.4842678559944034, 3.4491103170003043, 3.406587438992574, 3.5667103469895665, 3.853010879000067, 3.6109521749895066, 3.6525890619959682, 3.7391996969963657, 3.6936040699947625, 3.8111304639896844, 3.892499230991234, 3.9332791859924328, 4.173286830002326, 3.977691694002715, 4.051585089997388, 4.09702571699745, 4.137073574995156, 4.213987871000427, 4.254994395989343, 4.330741192999994, 4.548614618994179, 4.467394437000621, 4.383974744996522, 4.426873680000426, 4.710234414000297, 4.750489995989483, 4.597678039994207, 4.67161840198969, 4.6325690249941545, 4.787608015991282], "final_accuracy": ["accuracy", 0.3333333333333333]}