{"trial_id": [0, 1, 2, 3, 4, 5, 6, 7, 8, 9, 10, 11, 12, 13, 14, 15, 16, 17, 18, 19, 20, 21, 22, 23, 24, 25, 26, 27, 28, 29, 30, 31, 32, 33, 34, 35, 36, 37, 38, 39, 40, 41, 42, 43, 44, 45, 46, 47, 48, 49, 50, 51, 52, 53, 54, 55, 56, 57, 58, 59, 60, 61, 62, 63, 64, 65, 66, 67, 68, 69, 70, 71, 72, 73, 74, 75, 76, 77, 78, 79, 80, 81, 82, 83, 84, 85, 86, 87, 88, 89, 90, 91, 92, 93, 94, 95, 96, 97, 98, 99], "cv_accuracy": [0.0, 0.0, 0.38095239999999997, 0.0, 0.0, 0.0, 0.0, 0.0, 0.0, 0.0, 0.0, 0.0, 0.0, 0.0, 0.0, 0.2476192, 0.0, 0.0, 0.0, 0.0, 0.0, 0.0, 0.0, 0.3809526, 0.0, 0.0, 0.0, 0.4476192, 0.0, 0.0, 0.0, 0.0, 0.0, 0.0, 0.0, 0.38571419999999995, 0.0, 0.0, 0.0, 0.0, 0.0, 0.0, 0.0, 0.0, 0.0, 0.0, 0.4142857999999999, 0.0, 0.3476192, 0.0, 0.41428580000000004, 0.0, 0.0, 0.0, 0.0, 0.0, 0.26190480000000005, 0.0, 0.0, 0.0, 0.0, 0.0, 0.0, 0.0, 0.0, 0.0, 0.0, 0.0, 0.0, 0.0, 0.0, 0.4809526, 0.29047600000000007, 0.2952382, 0.0, 0.0, 0.0, 0.2, 0.0, 0.0, 0.0, 0.0, 0.0, 0.0, 0.0, 0.0, 0.0, 0.0, 0.0, 0.0, 0.3285714, 0.2857142, 0.35238080000000005, 0.0, 0.0, 0.0, 0.0, 0.0, 0.1952382, 0.3809526], "timestamp": [0.22614824400807265, 0.18901223900320474, 0.3058674960047938, 0.1457115730008809, 0.14838485600193962, 0.09950865201244596, 0.5443747550016269, 0.39778518900857307, 0.4664024910016451, 0.5439078790077474, 0.43681268200452905, 0.4653936640097527, 0.6663942140003201, 0.7766944930044701, 0.8211200840014499, 0.8669502360135084, 0.7019995480077341, 0.7055116810079198, 0.9490453100006562, 1.0960786380019272, 1.0295791850076057, 1.0570348690089304, 0.9483602399996016, 1.3563672410091385, 1.2699962520127883, 1.1887344760034466, 1.3129038690094603, 1.4034815140039427, 1.2297407550067874, 1.5406533240020508, 1.4618357730068965, 1.5003185230016243, 1.583584834006615, 1.6144899610080756, 1.659227357013151, 2.07605951000005, 1.723912833011127, 1.7648948570131324, 1.8486747420101892, 1.8051102130120853, 1.8886689510109136, 1.9607673400023486, 2.004412479000166, 2.0047622060083086, 2.1682500900060404, 2.130567577012698, 2.6474540540075395, 2.2418446270021377, 2.317534216999775, 2.31827012100257, 2.4402978410071228, 2.2853464830113808, 2.480562477008789, 2.5608186360041145, 2.6088331320061116, 2.521910156006925, 2.858527218006202, 2.7194307260069763, 2.7647838940029033, 2.765496054009418, 2.900122695005848, 2.8992701840033988, 3.0001561650133226, 3.079028564010514, 3.045754785009194, 3.132754640013445, 3.207262243013247, 3.172637854004279, 3.3182350330025656, 3.355095324004651, 3.276574404007988, 3.7661965310107917, 3.8216642000043066, 3.411512908001896, 3.466724284007796, 3.5078610470081912, 3.541404990013689, 3.7265559600054985, 3.617596500000218, 3.617933785004425, 3.6957641480112216, 3.8911481500108493, 4.008137687007547, 4.054010810010368, 3.9309928180009592, 3.9317741300037596, 4.087293980002869, 4.163857309002196, 4.2415973210008815, 4.164166106012999, 4.447512246013503, 4.551871930001653, 4.369016931013903, 4.412099751003552, 4.447237271000631, 4.3258506870042766, 4.590230535002775, 4.627816656007781, 4.665979245008202, 4.705801534000784], "final_accuracy": ["accuracy", 0.6666666666666666]}