{"trial_id": [0, 1, 2, 3, 4, 5, 6, 7, 8, 9, 10, 11, 12, 13, 14, 15, 16, 17, 18, 19, 20, 21, 22, 23, 24, 25, 26, 27, 28, 29, 30, 31, 32, 33, 34, 35, 36, 37, 38, 39, 40, 41, 42, 43, 44, 45, 46, 47, 48, 49, 50, 51, 52, 53, 54, 55, 56, 57, 58, 59, 60, 61, 62, 63, 64, 65, 66, 67, 68, 69, 70, 71, 72, 73, 74, 75, 76, 77, 78, 79, 80, 81, 82, 83, 84, 85, 86, 87, 88, 89, 90, 91, 92, 93, 94, 95, 96, 97, 98, 99], "cv_accuracy": [0.095238, 0.0, 0.0, 0.2952382, 0.0, 0.0, 0.0, 0.0, 0.0, 0.0, 0.0, 0.5142857999999999, 0.0, 0.0, 0.0, 0.0, 0.0, 0.0, 0.4476192, 0.29047600000000007, 0.0, 0.0, 0.0, 0.0, 0.5095238, 0.0, 0.0, 0.0, 0.0, 0.0, 0.3285714, 0.0, 0.0, 0.0, 0.0, 0.5761906, 0.0, 0.0, 0.3285712, 0.0, 0.0, 0.0, 0.0, 0.0, 0.0, 0.542857, 0.0, 0.0, 0.0, 0.0, 0.3904764, 0.0, 0.0, 0.0, 0.0, 0.2952382, 0.2857142, 0.3904764, 0.0, 0.0, 0.0, 0.0, 0.5142857999999999, 0.0, 0.0, 0.2952382, 0.0, 0.0, 0.0, 0.0, 0.0, 0.0, 0.0, 0.0, 0.0, 0.0, 0.0, 0.095238, 0.0, 0.0, 0.0, 0.0, 0.0, 0.0, 0.0, 0.3761906, 0.0, 0.0, 0.0, 0.3904764, 0.0, 0.0, 0.0, 0.0, 0.0, 0.3904764, 0.0, 0.0, 0.0, 0.0], "timestamp": [0.278036201998475, 0.09823676099767908, 0.14378113999555353, 0.40114957600599155, 0.14354579900100362, 0.14311766899481881, 0.44018594799854327, 0.5080445100029465, 0.47534130500571337, 0.35850945000129286, 0.5644703800062416, 1.0057512189960107, 0.6774823640007526, 0.7155531290045474, 0.7590714819962159, 0.6410513559967512, 0.8216599930019584, 0.9252196000015829, 1.1134277100063628, 0.9651645529957023, 0.8887745149986586, 1.046532798995031, 1.1600837849982781, 1.2017491059959866, 1.7215037550049601, 1.2848864300030982, 1.2410976980027044, 1.349456131007173, 1.4015073900081916, 1.4425837460003095, 1.535770746995695, 1.4828467360057402, 1.5851941739965696, 1.6423655149992555, 1.6845822059985949, 2.1562597160082078, 1.7718534250016091, 1.8078162169986172, 1.9182239969959483, 1.8769807539938483, 1.9546912869991502, 2.067004384007305, 2.0040539689944126, 2.1158808070031228, 2.1557714770024177, 2.648642537998967, 2.2367888529988704, 2.3131310930039035, 2.358775840999442, 2.404635484999744, 2.504372491996037, 2.4362902249995386, 2.555224944007932, 2.5969069010025123, 2.6834856549976394, 2.8007450489967596, 3.0378534009942086, 2.9855422120017465, 2.7533359289955115, 2.897040562995244, 2.844117977001588, 2.9508825420052744, 3.6684575190010946, 3.085207445998094, 3.133760466007516, 3.3678699739975855, 3.190555534005398, 3.2455002409988083, 3.2884200109983794, 3.3280840890074614, 3.4327980439993553, 3.497139220999088, 3.574137849995168, 3.497693254001206, 3.616961192994495, 3.7209703319967957, 3.8264986800058978, 4.154983358996105, 3.7798018820030848, 3.8689914050046355, 3.914195050005219, 3.9661435230082134, 4.111135262995958, 4.031342037997092, 4.0715497479977785, 4.245539858995471, 4.200499004000449, 4.3066549509967444, 4.3075758409977425, 4.759045496000908, 4.394088250002824, 4.437515829995391, 4.492863107996527, 4.605052775994409, 4.564965833997121, 4.676479461006238, 4.6353464650019305, 4.721230598996044, 4.810069963001297, 4.839935391995823], "final_accuracy": ["accuracy", 0.4166666666666667]}