{"trial_id": [0, 1, 2, 3, 4, 5, 6, 7, 8, 9, 10, 11, 12, 13, 14, 15, 16, 17, 18, 19, 20, 21, 22, 23, 24, 25, 26, 27, 28, 29, 30, 31, 32, 33, 34, 35, 36, 37, 38, 39, 40, 41, 42, 43, 44, 45, 46, 47, 48, 49, 50, 51, 52, 53, 54, 55, 56, 57, 58, 59, 60, 61, 62, 63, 64, 65, 66, 67, 68, 69, 70, 71, 72, 73, 74, 75, 76, 77, 78, 79, 80, 81, 82, 83, 84, 85, 86, 87, 88, 89, 90, 91, 92, 93, 94, 95, 96, 97, 98, 99], "cv_accuracy": [0.0, 0.0, 0.0, 0.0, 0.0, 0.0, 0.0, 0.0, 0.0, 0.475, 0.0, 0.2785714, 0.0, 0.0, 0.0, 0.0, 0.0, 0.0, 0.0, 0.0, 0.0, 0.0, 0.3571428, 0.0, 0.0, 0.3071428, 0.0, 0.0, 0.0, 0.0, 0.0, 0.0, 0.0, 0.0, 0.0, 0.0, 0.0, 0.0, 0.0, 0.3642858, 0.0, 0.0, 0.3607142, 0.0, 0.0, 0.0, 0.0, 0.5035714, 0.5571429999999999, 0.0, 0.4178572, 0.475, 0.0, 0.0, 0.0, 0.3892856, 0.0, 0.0, 0.0, 0.0, 0.3642856, 0.0, 0.0, 0.0, 0.3571428, 0.3642856, 0.0, 0.0, 0.0, 0.0, 0.0, 0.0, 0.0, 0.0, 0.0, 0.0, 0.0, 0.0, 0.0, 0.0, 0.41428560000000003, 0.0, 0.0, 0.0, 0.0, 0.0, 0.0, 0.0, 0.0, 0.0, 0.3892856, 0.3285714, 0.0, 0.0, 0.0, 0.3892856, 0.0, 0.0, 0.0, 0.3035714], "timestamp": [0.2369808329967782, 0.11542666099558119, 0.1149965649965452, 0.11477564700180665, 0.2351474510069238, 0.23665856999286916, 0.4987084290041821, 0.41971583099802956, 0.49892784499388654, 1.0879606359958416, 0.4600931419990957, 0.7109107139986008, 0.7115601719997358, 0.6713161329971626, 0.7922468100005062, 0.6285128360032104, 0.8706677659938578, 0.9490207500057295, 0.9835632129979786, 0.912481139996089, 1.0347088349953992, 1.1396978380071232, 1.3324383949948242, 1.2210625640000217, 1.1812003959930735, 1.3749296390014933, 1.2873499599954812, 1.4225706010038266, 1.4973899710021215, 1.461599328002194, 1.5727445319935214, 1.6146165509999264, 1.653074422996724, 1.7035939320048783, 1.7856627180008218, 1.739704042993253, 1.940345637005521, 1.8563080769963562, 1.8557996690069558, 2.070749414997408, 1.9858353290037485, 2.0231181550043402, 2.311840159993153, 2.1395241629943484, 2.1791166619950673, 2.263548585004173, 2.2283611669990933, 2.3730275700072525, 2.6347751099965535, 2.3741585079988, 2.7386944799945923, 2.676058088996797, 2.4718778539972845, 2.5356528520060237, 2.592290023007081, 2.972881893001613, 2.777320053006406, 2.8411409569962416, 2.8414328479993856, 2.918710388999898, 3.081483265006682, 3.0191641400015214, 3.1675923430011608, 3.12469238700578, 3.2149053339962848, 3.4576009409938706, 3.2588324990065303, 3.327734888996929, 3.416882527002599, 3.378970506004407, 3.5311398589983582, 3.457764443999622, 3.6062218680017395, 3.6562813549971906, 3.7234358940040693, 3.769472694999422, 3.8048948560026474, 3.6888421720068436, 3.8766030789993238, 4.003691234000144, 4.363743876994704, 3.9293717880063923, 4.047523943998385, 3.965073654995649, 4.1251441380009055, 4.175423156004399, 4.175130777002778, 4.174721649993444, 4.2855997839942575, 4.409637909004232, 4.593948078007088, 4.534135105001042, 4.488740425993456, 4.454356215006555, 4.645136728999205, 4.822922249994008, 4.729137226997409, 4.691180731999339, 4.765915398005745, 4.851702127998578], "final_accuracy": ["accuracy", 0.42857142857142855]}