{"trial_id": [0, 1, 2, 3, 4, 5, 6, 7, 8, 9, 10, 11, 12, 13, 14, 15, 16, 17, 18, 19, 20, 21, 22, 23, 24, 25, 26, 27, 28, 29, 30, 31, 32, 33, 34, 35, 36, 37, 38, 39, 40, 41, 42, 43, 44, 45, 46, 47, 48, 49, 50, 51, 52, 53, 54, 55, 56, 57, 58, 59, 60, 61, 62, 63, 64, 65, 66, 67, 68, 69, 70, 71, 72, 73, 74, 75, 76, 77, 78, 79, 80, 81, 82, 83, 84, 85, 86, 87, 88, 89, 90, 91, 92, 93, 94, 95, 96, 97, 98, 99], "cv_accuracy": [0.0, 0.0, 0.4619046, 0.0, 0.0, 0.0, 0.0, 0.4619046, 0.0, 0.0, 0.0, 0.5761906, 0.0904762, 0.0, 0.0, 0.0, 0.0, 0.0, 0.0, 0.4619046, 0.0, 0.0, 0.4476192, 0.0, 0.0, 0.0, 0.0, 0.0, 0.0, 0.0, 0.0, 0.0, 0.0, 0.0, 0.0, 0.0, 0.0, 0.0, 0.0, 0.0, 0.0, 0.0, 0.0, 0.0, 0.0, 0.0, 0.0, 0.4857142, 0.0, 0.4, 0.0, 0.0, 0.0, 0.4619046, 0.0, 0.0, 0.0, 0.0, 0.0, 0.0, 0.3238096, 0.0, 0.0, 0.39999979999999996, 0.0, 0.0, 0.0, 0.0, 0.0, 0.0, 0.0, 0.3904762, 0.6142856, 0.0, 0.0, 0.0, 0.0, 0.41428560000000003, 0.0, 0.5476194, 0.0, 0.0, 0.0, 0.42857140000000005, 0.0, 0.0, 0.25238079999999996, 0.0, 0.0, 0.0, 0.0, 0.0, 0.0, 0.42380959999999995, 0.0, 0.5476192, 0.0, 0.0, 0.41428580000000004, 0.0], "timestamp": [0.12327351099520456, 0.12402374799421523, 0.34842334099812433, 0.12379413699090946, 0.28948726700036786, 0.1242233199882321, 0.46705048899457324, 0.8413538280001376, 0.46744497799954843, 0.5475702379917493, 0.41948304799734615, 1.0762858709931606, 0.630128649994731, 0.6764336439955514, 0.757977999994182, 0.6760488979925867, 0.8810768789990107, 0.9655216429964639, 0.9202501709951321, 1.021048245995189, 1.1491385559929768, 1.1138034969917499, 1.4613591090019327, 1.1956155270017916, 1.2501688839984126, 1.303348613990238, 1.3415821489907103, 1.3412533179944148, 1.4258198640018236, 1.5307098310004221, 1.5794371959927958, 1.66140451899264, 1.6139357739884872, 1.7456926479935646, 1.6612144589889795, 1.7978062509937445, 1.8476477319927653, 1.887683572989772, 1.9688662650005426, 1.923933477999526, 2.006318542000372, 2.0666476379992673, 2.119561621992034, 2.201602198998444, 2.1592559549899306, 2.2812693409941858, 2.242224208996049, 2.3501018739916617, 2.4006392489973223, 2.5796070499927737, 2.4365455139923142, 2.531584013995598, 2.476677432990982, 2.8879550580022624, 2.639875419001328, 2.720412889990257, 2.6795660520001547, 2.7754183109937003, 2.821830670000054, 2.9610862839908805, 2.9950265509978635, 2.8873972019937355, 3.0460717879905133, 3.0998887890018523, 3.1597209960018517, 3.2688096049969317, 3.1982364249997772, 3.2247260049916804, 3.3144021059997613, 3.366350094001973, 3.43061307699827, 3.516506068990566, 3.974963767992449, 3.47351828799583, 3.556885792000685, 3.6069817099923966, 3.680141820994322, 3.725591573995189, 3.772056572997826, 4.256172897992656, 3.8102445319964318, 3.8848917829891434, 3.8856724689976545, 4.0773375970020425, 3.974815684996429, 4.133590376994107, 4.133993666997412, 4.257211559990537, 4.210218726992025, 4.3569945599883795, 4.448280971002532, 4.409904861997347, 4.486134268998285, 4.8197970149922185, 4.531627905002097, 4.716925312997773, 4.6091315709927585, 4.680002030989272, 4.745914006998646, 4.651630174994352], "final_accuracy": ["accuracy", 0.08333333333333333]}