{"trial_id": [0, 1, 2, 3, 4, 5, 6, 7, 8, 9, 10, 11, 12, 13, 14, 15, 16, 17, 18, 19, 20, 21, 22, 23, 24, 25, 26, 27, 28, 29, 30, 31, 32, 33, 34, 35, 36, 37, 38, 39, 40, 41, 42, 43, 44, 45, 46, 47, 48, 49, 50, 51, 52, 53, 54, 55, 56, 57, 58, 59, 60, 61, 62, 63, 64, 65, 66, 67, 68, 69, 70, 71, 72, 73, 74, 75, 76, 77, 78, 79, 80, 81, 82, 83, 84, 85, 86, 87, 88, 89, 90, 91, 92, 93, 94, 95, 96, 97, 98, 99], "cv_accuracy": [0.1, 0.125, 0.1, 0.1, 0.13125, 0.1, 0.1125, 0.125, 0.125, 0.1, 0.1, 0.125, 0.1, 0.125, 0.13125, 0.125, 0.125, 0.1, 0.13125, 0.13125, 0.1, 0.1, 0.1, 0.125, 0.1, 0.1, 0.1, 0.1, 0.1, 0.11875, 0.125, 0.1, 0.125, 0.13125, 0.1, 0.1, 0.1, 0.125, 0.1, 0.13125, 0.125, 0.125, 0.125, 0.13125, 0.1, 0.1, 0.125, 0.13125, 0.13125, 0.1, 0.125, 0.1, 0.13125, 0.1, 0.1, 0.1, 0.1, 0.125, 0.125, 0.1, 0.125, 0.125, 0.125, 0.1, 0.125, 0.125, 0.1, 0.125, 0.1, 0.1, 0.1, 0.1125, 0.1, 0.1, 0.1, 0.125, 0.1, 0.1, 0.1, 0.1, 0.13125, 0.1, 0.125, 0.1, 0.125, 0.13125, 0.125, 0.13125, 0.2, 0.1, 0.1, 0.125, 0.1, 0.1, 0.1, 0.1, 0.1375, 0.1, 0.1, 0.13125], "timestamp": [0.0745947130053537, 0.24320732700289227, 0.11399558899574913, 0.15811530700011645, 0.5431888470047852, 0.1978224449994741, 0.435544463005499, 0.4903096519992687, 0.39298570100800134, 0.3520122839981923, 0.3107144649984548, 0.5804371539998101, 0.6255180570005905, 0.7306578249990707, 0.9195907210087171, 0.6901428999990458, 0.9668515410012333, 0.7810250549955526, 1.768642978000571, 1.013994419001392, 0.8758164300088538, 0.8435170029988512, 1.2028299880039413, 1.2495320169982733, 1.0776840260077734, 1.163507714998559, 1.1160789590066997, 1.343885661000968, 1.3985564100003103, 1.4962300000042887, 1.4388176790089346, 1.31132663799508, 1.5526432129991008, 1.5901458410080522, 1.6710857120051514, 1.631436408002628, 1.714799477995257, 1.8754032760043629, 1.8306423030007863, 1.9763219820015365, 2.0188161929982016, 1.9290753899986157, 2.2078135640040273, 2.3493629389995476, 2.059541395996348, 2.1207932280085515, 2.403367877996061, 2.587433651002357, 2.173799185999087, 2.2744329660054063, 2.448923449002905, 2.30991504600388, 2.834446189997834, 2.510845301003428, 2.632943343007355, 2.6849156609969214, 2.548316403001081, 3.0735342410043813, 2.7946137370017823, 2.745242988006794, 3.0187601030047517, 2.8813781770004425, 2.9753024759993423, 2.93444894500135, 3.2103544489946216, 3.120657599007245, 3.157848358998308, 3.2672772660007467, 3.5881414100003894, 3.508130214002449, 3.4069434590055607, 3.3159243289992446, 3.3535379370005103, 3.4521684030041797, 3.5491332649980905, 3.6854471620026743, 3.7797813979996135, 3.6472157789976336, 3.7248074280068977, 3.8267292640084634, 4.375827608004329, 3.8821803239989094, 4.083816979997209, 3.9388345049956115, 4.039132523001172, 4.13001364300726, 4.0055467979982495, 4.189003267005319, 4.956535215998883, 4.232752808005898, 4.290600720996736, 4.3400118879944785, 4.471726820003823, 4.378559418997611, 4.51560430500831, 4.618645720998757, 4.722441720005008, 4.581029099004809, 4.673913007005467, 4.764279449998867], "final_accuracy": ["accuracy", 0.075]}