{"trial_id": [0, 1, 2, 3, 4, 5, 6, 7, 8, 9, 10, 11, 12, 13, 14, 15, 16, 17, 18, 19, 20, 21, 22, 23, 24, 25, 26, 27, 28, 29, 30, 31, 32, 33, 34, 35, 36, 37, 38, 39, 40, 41, 42, 43, 44, 45, 46, 47, 48, 49, 50, 51, 52, 53, 54, 55, 56, 57, 58, 59, 60, 61, 62, 63, 64, 65, 66, 67, 68, 69, 70, 71, 72, 73, 74, 75, 76, 77, 78, 79, 80, 81, 82, 83, 84, 85, 86, 87, 88, 89, 90, 91, 92, 93, 94, 95, 96, 97, 98, 99], "cv_accuracy": [0.11875, 0.1, 0.1, 0.1, 0.11875, 0.125, 0.125, 0.1, 0.1, 0.1, 0.1, 0.125, 0.125, 0.125, 0.125, 0.1, 0.125, 0.125, 0.11875, 0.125, 0.1, 0.1, 0.125, 0.11875, 0.125, 0.1, 0.1, 0.1, 0.11875, 0.11875, 0.1, 0.1, 0.125, 0.11875, 0.11875, 0.1, 0.125, 0.1, 0.11875, 0.1, 0.11875, 0.125, 0.1, 0.125, 0.1375, 0.1, 0.1, 0.1, 0.1, 0.1, 0.125, 0.1, 0.125, 0.1, 0.1, 0.1, 0.1, 0.1, 0.125, 0.11875, 0.11875, 0.125, 0.1, 0.125, 0.1, 0.125, 0.1, 0.1, 0.125, 0.125, 0.1, 0.1, 0.1, 0.1, 0.1, 0.125, 0.1, 0.1, 0.125, 0.1, 0.125, 0.125, 0.125, 0.125, 0.125, 0.125, 0.1, 0.125, 0.1, 0.125, 0.125, 0.15625, 0.125, 0.1, 0.1, 0.1, 0.1, 0.1, 0.1, 0.1], "timestamp": [0.20452312199631706, 0.11935904499841854, 0.07408863000455312, 0.16215507799643092, 0.245966126996791, 0.306334306995268, 0.5496396719972836, 0.6034143440047046, 0.3541688090044772, 0.444556886999635, 0.4056399440014502, 0.6568508350028424, 0.5076993679977022, 0.7928757829940878, 0.8360633599950233, 0.7558524189953459, 0.7042874460021267, 1.4471183279965771, 0.9140361619938631, 1.4467451259988593, 0.9850507310038665, 0.9502838119951775, 1.0434567890042672, 1.1982132720004302, 1.2462188869976671, 1.153405909994035, 1.1099311860016314, 1.287036891997559, 1.3915094149997458, 2.033771007991163, 1.540962382001453, 1.3526517099962803, 1.998700401003589, 1.589165753000998, 1.744771851997939, 1.6340220589918317, 1.962985452992143, 1.697507744000177, 1.9030700260045705, 1.8026754489983432, 2.1878055650013266, 1.8684059389925096, 2.147947535995627, 2.078763486002572, 2.7341821459995117, 2.2332665610010736, 2.3186259850044735, 2.233890743998927, 2.3782056240015663, 2.5879026589973364, 2.6681857590010623, 2.483676256000763, 2.9198969150020275, 2.4360605129913893, 2.5874286140024196, 2.547587843000656, 2.8770706100040115, 2.823819533994538, 3.0206418659945484, 2.769926683991798, 3.0573933929990744, 3.205071994001628, 2.9699721789947944, 3.1556611319974763, 3.112472380991676, 3.614317593004671, 3.244245541995042, 3.2821459449914983, 3.6598453729966423, 3.388909714994952, 3.3500518619985087, 3.4378241109952796, 3.4797253430006094, 3.5341604909917805, 3.570039131998783, 3.7461948419950204, 3.7055695180024486, 3.803047259003506, 3.883325122995302, 3.8404994439915754, 4.010669631999917, 3.93154605399468, 3.975904728999012, 4.310769575997256, 4.0734618790011154, 4.206033669994213, 4.1618538339971565, 4.276331638000556, 4.117197519997717, 4.36567882799136, 4.5026805749948835, 4.8120303619944025, 4.597837528999662, 4.550265347992536, 4.464874148994568, 4.43261311299284, 4.660540575001505, 4.770509979993221, 4.705761663994053, 4.734601919000852], "final_accuracy": ["accuracy", 0.075]}