{"trial_id": [0, 1, 2, 3, 4, 5, 6, 7, 8, 9, 10, 11, 12, 13, 14, 15, 16, 17, 18, 19, 20, 21, 22, 23, 24, 25, 26, 27, 28, 29, 30, 31, 32, 33, 34, 35, 36, 37, 38, 39, 40, 41, 42, 43, 44, 45, 46, 47, 48, 49, 50, 51, 52, 53, 54, 55, 56, 57, 58, 59, 60, 61, 62, 63, 64, 65, 66, 67, 68, 69, 70, 71, 72, 73, 74, 75, 76, 77, 78, 79, 80, 81, 82, 83, 84, 85, 86, 87, 88, 89, 90, 91, 92, 93, 94, 95, 96, 97, 98, 99], "cv_accuracy": [0.0875, 0.0875, 0.0875, 0.1125, 0.0875, 0.0875, 0.1125, 0.0875, 0.1125, 0.59375, 0.10625, 0.0875, 0.10625, 0.10625, 0.10625, 0.0875, 0.0875, 0.0875, 0.0875, 0.10625, 0.10625, 0.0875, 0.1125, 0.1125, 0.0875, 0.10625, 0.10625, 0.1125, 0.10625, 0.10625, 0.0875, 0.0875, 0.0875, 0.0875, 0.0875, 0.10625, 0.0875, 0.0875, 0.0875, 0.0875, 0.0875, 0.10625, 0.10625, 0.1125, 0.10625, 0.0875, 0.10625, 0.11875, 0.1125, 0.10625, 0.10625, 0.10625, 0.10625, 0.10625, 0.0875, 0.0875, 0.0875, 0.0875, 0.0875, 0.0875, 0.10625, 0.0875, 0.0875, 0.0875, 0.125, 0.0875, 0.1125, 0.1125, 0.10625, 0.1125, 0.10625, 0.10625, 0.0875, 0.0875, 0.0875, 0.0875, 0.10625, 0.10625, 0.10625, 0.10625, 0.10625, 0.0875, 0.10625, 0.0875, 0.10625, 0.0875, 0.0875, 0.1125, 0.10625, 0.0875, 0.10625, 0.10625, 0.0875, 0.0875, 0.0875, 0.11875, 0.14375, 0.10625, 0.10625, 0.10625], "timestamp": [0.1272269939945545, 0.08885231800377369, 0.25464882000233047, 0.42410542600555345, 0.1715538389980793, 0.21068518300307915, 0.6235529120021965, 0.3727552329946775, 0.48889552599575836, 2.2621885029948317, 0.3319092930032639, 0.540098001001752, 0.5848427050077589, 0.6800162160070613, 0.7572336320008617, 0.7206382760050474, 0.8666283680067863, 0.8030950719985412, 0.9486907810060075, 1.0401397560053738, 0.9880806790024508, 0.9002533790044254, 1.1924515870050527, 1.2944558750023134, 1.2429273949965136, 1.1527756809955463, 1.1051977970055304, 1.3771409110049717, 1.4784646379994228, 1.3333946670027217, 1.5135318429965992, 1.5598836050048703, 1.6183218749938533, 1.4395198809943395, 1.6678254470025422, 1.79763277299935, 1.7551893689960707, 1.705473793001147, 1.8515167519944953, 1.9414241189952008, 1.8965902240015566, 2.0425065790041117, 1.993670388997998, 2.559566124997218, 2.1421053600060986, 2.096933243999956, 2.2049252910073847, 2.6169881990063004, 2.376202261002618, 2.421412465002504, 2.320934593997663, 2.7039375620079227, 2.480945534000057, 2.877598296996439, 2.518676792999031, 2.7396935559954727, 2.7815508829953615, 2.66769623500295, 2.8386880769976415, 2.9810477580031147, 3.0319510709960014, 3.0704832049959805, 2.9310282679944066, 3.109507440996822, 3.3594719920074567, 3.1741316170082428, 3.221034761998453, 3.5047126870049397, 3.309560148001765, 3.277096703008283, 3.415690526002436, 3.841739237002912, 3.596674754007836, 3.5435409860074287, 3.462121015007142, 3.6460626740008593, 3.7103321659960784, 3.9315545249992283, 3.766474724994623, 4.2972736390074715, 3.766235895003774, 3.8977998360060155, 4.247609901998658, 3.984565771999769, 4.34079666499747, 4.042113068004255, 4.076587146002566, 4.136418601003243, 4.174569879003684, 4.174451626007794, 4.527147760003572, 4.492267701003584, 4.445879581995541, 4.3924944500031415, 4.5694705990026705, 4.781741950995638, 4.831396509995102, 4.640067230997374, 4.677270615997259, 4.710038670003996], "final_accuracy": ["accuracy", 0.5]}