{"trial_id": [0, 1, 2, 3, 4, 5, 6, 7, 8, 9, 10, 11, 12, 13, 14, 15, 16, 17, 18, 19, 20, 21, 22, 23, 24, 25, 26, 27, 28, 29, 30, 31, 32, 33, 34, 35, 36, 37, 38, 39, 40, 41, 42, 43, 44, 45, 46, 47, 48, 49, 50, 51, 52, 53, 54, 55, 56, 57, 58, 59, 60, 61, 62, 63, 64, 65, 66, 67, 68, 69, 70, 71, 72, 73, 74, 75, 76, 77, 78, 79, 80, 81, 82, 83, 84, 85, 86, 87, 88, 89, 90, 91, 92, 93, 94, 95, 96, 97, 98, 99], "cv_accuracy": [0.0875, 0.0875, 0.1, 0.0875, 0.1125, 0.10625, 0.10625, 0.0875, 0.125, 0.0875, 0.1125, 0.10625, 0.11875, 0.10625, 0.0875, 0.125, 0.0875, 0.0875, 0.10625, 0.0875, 0.10625, 0.0875, 0.0875, 0.0875, 0.1125, 0.0875, 0.0875, 0.0875, 0.125, 0.0875, 0.10625, 0.10625, 0.1125, 0.0875, 0.0875, 0.10625, 0.10625, 0.0875, 0.0875, 0.125, 0.0875, 0.0875, 0.0875, 0.10625, 0.0875, 0.525, 0.1125, 0.0875, 0.0875, 0.0875, 0.10625, 0.0875, 0.1, 0.0875, 0.0875, 0.0875, 0.10625, 0.0875, 0.0875, 0.10625, 0.11875, 0.10625, 0.10625, 0.0875, 0.0875, 0.10625, 0.1125, 0.0875, 0.10625, 0.0875, 0.10625, 0.10625, 0.0875, 0.11875, 0.0875, 0.10625, 0.0875, 0.0875, 0.10625, 0.10625, 0.0875, 0.13125, 0.0875, 0.0875, 0.0875, 0.10625, 0.10625, 0.10625, 0.1125, 0.1125, 0.1125, 0.0875, 0.10625, 0.0875, 0.0875, 0.11875, 0.0875, 0.14375, 0.0875, 0.10625], "timestamp": [0.2796830800070893, 0.11173760800738819, 0.35352129700186197, 0.07354979500814807, 0.394796826003585, 0.17145906400401145, 0.3145117350068176, 0.2218806390010286, 0.6576938710059039, 0.4374444560089614, 0.7908008149970556, 0.5524935540015576, 0.7519800730078714, 0.5997006240068004, 0.5116194690053817, 1.062356982001802, 0.8349305760057177, 0.7100712770043174, 0.8961324179981602, 0.9429332050058292, 1.211132352007553, 1.028308699009358, 0.9877576279977802, 1.1687815900077112, 1.3453529710095609, 1.2697564039990539, 1.3050559730036184, 1.1299679740041029, 1.6915406420012005, 1.3980343849980272, 1.4569624779978767, 1.5530197620100807, 2.304667746007908, 1.4949601719999919, 1.591846102004638, 1.7442435530101648, 1.6468091060087318, 1.8386522689979756, 1.7991929249983514, 2.14153296299628, 1.9844090190017596, 1.8836042750044726, 2.0340163040091284, 2.3377242700080387, 1.9459331760008354, 2.7479073370050173, 2.3697693959984463, 2.0973290280089714, 2.2393782410072163, 2.206965575009235, 2.6209438360092463, 2.4217855340102687, 2.74765242599824, 2.5708054730057484, 2.5210697450092994, 2.4883811680047074, 2.8591186990088318, 2.684414164003101, 2.8186748570005875, 2.925129436000134, 2.97388154300279, 3.257443909009453, 3.1626657390006585, 3.1984424460097216, 3.0167910370073514, 3.1270755029981956, 3.529715248005232, 3.0792286439973395, 3.296380797008169, 3.4028208189993165, 3.3671323300077347, 3.4411763250100194, 3.4408146339992527, 3.59205293400737, 3.6666492290096357, 3.8121942700090585, 3.7684696040087147, 3.5925642490037717, 3.7228823240002384, 4.343735522998031, 3.861549218010623, 4.278609440007131, 3.91790044400841, 3.9647640059993137, 4.025112456001807, 4.061724803003017, 4.343967945998884, 4.133261694005341, 4.238935362009215, 4.187258285004646, 4.5134720299975015, 4.422167651006021, 4.7167820390022825, 4.468354582000757, 4.660691234006663, 4.802672154008178, 4.627353725009016, 4.895701797999209, 4.5776485100068385, 4.770931374005158], "final_accuracy": ["accuracy", 0.45]}