{"trial_id": [0, 1, 2, 3, 4, 5, 6, 7, 8, 9, 10, 11, 12, 13, 14, 15, 16, 17, 18, 19, 20, 21, 22, 23, 24, 25, 26, 27, 28, 29, 30, 31, 32, 33, 34, 35, 36, 37, 38, 39, 40, 41, 42, 43, 44, 45, 46, 47, 48, 49, 50, 51, 52, 53, 54, 55, 56, 57, 58, 59, 60, 61, 62, 63, 64, 65, 66, 67, 68, 69, 70, 71, 72, 73, 74, 75, 76, 77, 78, 79, 80, 81, 82, 83, 84, 85, 86, 87, 88, 89, 90, 91, 92, 93, 94, 95, 96, 97, 98, 99], "cv_accuracy": [0.1, 0.11875, 0.1, 0.1, 0.1, 0.1, 0.1, 0.11875, 0.1, 0.1, 0.11875, 0.1, 0.11875, 0.1, 0.1, 0.11875, 0.1, 0.11875, 0.1, 0.11875, 0.11875, 0.1, 0.1, 0.15, 0.1, 0.15, 0.11875, 0.1, 0.11875, 0.1, 0.11875, 0.11875, 0.1, 0.1, 0.11875, 0.125, 0.11875, 0.1, 0.11875, 0.1, 0.11875, 0.1, 0.1, 0.11875, 0.125, 0.1, 0.1, 0.11875, 0.11875, 0.1, 0.11875, 0.1625, 0.1, 0.1, 0.11875, 0.1, 0.125, 0.125, 0.11875, 0.1, 0.1, 0.1, 0.1, 0.1125, 0.125, 0.11875, 0.1, 0.1, 0.1, 0.1, 0.1, 0.1, 0.1, 0.13125, 0.1, 0.1, 0.1, 0.11875, 0.11875, 0.1, 0.1, 0.14375, 0.1, 0.1, 0.1, 0.1, 0.125, 0.1, 0.1, 0.1, 0.11875, 0.11875, 0.11875, 0.1, 0.1, 0.1, 0.1, 0.1, 0.125, 0.1], "timestamp": [0.07713976899685804, 0.23737550000078045, 0.15465016599046066, 0.11350048999884166, 0.19605271499312948, 0.2884926739934599, 0.3553898289974313, 0.5691019119985867, 0.3918487779883435, 0.4443216789950384, 0.4447460079973098, 0.5282145949895494, 1.2593884050002089, 0.6338912039936986, 0.7208274040021934, 0.6802028289966984, 0.8030594479932915, 0.7638822799926857, 0.9986508059955668, 0.91869035900163, 1.0613252059993101, 0.9577794450015062, 0.8701690829911968, 1.1530316909920657, 1.1123262959881686, 1.8498104390018852, 1.4009941989934305, 1.2018205929925898, 1.5464106689905748, 1.3066023379942635, 1.3570166369900107, 1.4930875279969769, 1.4581443399947602, 1.5837787649943493, 1.6364939170016441, 2.0203579039953183, 1.6968672569928458, 1.7390264839923475, 2.0628155849990435, 1.777194693000638, 1.980676131992368, 1.8866108749934938, 1.94020610798907, 2.1245004879892804, 2.3987636160018155, 2.172527425995213, 2.2751402860012604, 2.2256503329990664, 2.3197019979998004, 2.3599795129994163, 2.582634873993811, 3.502639118989464, 2.5138868229987565, 2.691422710995539, 2.811874082995928, 2.4586194719886407, 2.765764744995977, 2.621109739993699, 2.874132610988454, 2.724642347995541, 2.9715362319984706, 3.0183594819973223, 2.9140553119941615, 3.267358665994834, 3.217014969995944, 3.073620465991553, 3.166600792988902, 3.1340269909997005, 3.306964782997966, 3.4578591089957627, 3.3690610299963737, 3.4241553809988545, 3.5427646359894425, 4.47639264499594, 3.6152669259899994, 3.6913355579890776, 3.652781722994405, 3.8515313169918954, 3.7703601089888252, 3.891237734002061, 3.808890572996461, 3.9845613590005087, 4.034864029992605, 4.138401403994067, 4.0869731069979025, 3.955297027991037, 4.77893314800167, 4.285362658993108, 4.177547685991158, 4.242256543991971, 4.414793880001525, 4.376600662988494, 4.562490126991179, 4.3463337879948085, 4.706865524000023, 4.618447200002265, 4.525972164992709, 4.6630286360014, 4.853573055996094, 4.741910401993664], "final_accuracy": ["accuracy", 0.125]}