{"trial_id": [0, 1, 2, 3, 4, 5, 6, 7, 8, 9, 10, 11, 12, 13, 14, 15, 16, 17, 18, 19, 20, 21, 22, 23, 24, 25, 26, 27, 28, 29, 30, 31, 32, 33, 34, 35, 36, 37, 38, 39, 40, 41, 42, 43, 44, 45, 46, 47, 48, 49, 50, 51, 52, 53, 54, 55, 56, 57, 58, 59, 60, 61, 62, 63, 64, 65, 66, 67, 68, 69, 70, 71, 72, 73, 74, 75, 76, 77, 78, 79, 80, 81, 82, 83, 84, 85, 86, 87, 88, 89, 90, 91, 92, 93, 94, 95, 96, 97, 98, 99], "cv_accuracy": [0.1, 0.1125, 0.1, 0.1, 0.125, 0.1, 0.13125, 0.125, 0.125, 0.1, 0.525, 0.125, 0.125, 0.11875, 0.125, 0.125, 0.1125, 0.1, 0.125, 0.125, 0.11875, 0.125, 0.11875, 0.1, 0.5125, 0.1375, 0.125, 0.125, 0.125, 0.1125, 0.1, 0.1, 0.1, 0.49375, 0.125, 0.11875, 0.11875, 0.11875, 0.1, 0.1125, 0.125, 0.125, 0.1, 0.125, 0.1, 0.125, 0.1, 0.125, 0.13125, 0.1, 0.1, 0.1, 0.1, 0.1125, 0.1125, 0.125, 0.1125, 0.1, 0.13125, 0.1, 0.125, 0.1, 0.125, 0.125, 0.1, 0.1125, 0.21875, 0.1, 0.125, 0.11875, 0.1, 0.1, 0.1, 0.11875, 0.1, 0.1, 0.11875, 0.13125, 0.1, 0.1, 0.11875, 0.11875, 0.125, 0.125, 0.1, 0.125, 0.13125, 0.1, 0.13125, 0.30625, 0.1, 0.1, 0.1, 0.11875, 0.125, 0.125, 0.125, 0.1, 0.11875, 0.1], "timestamp": [0.10364510699582752, 0.14917078000144102, 0.15029607799078804, 0.2579794129997026, 0.3211572489963146, 0.1497467329900246, 0.4079141209949739, 0.4857961929956218, 0.6076041640044423, 0.44537522799510043, 1.2965393859922187, 0.6070428349921713, 0.7528415440028766, 0.6785853609908372, 0.5650058559986064, 0.9010964689950924, 1.0022693479986629, 0.8556728650000878, 0.8175646799936658, 0.946266678001848, 1.0624040989932837, 1.1413733759982279, 1.194077919004485, 1.097712748000049, 1.7835302949970355, 1.2606125409947708, 1.4345803780015558, 1.3721301199984737, 1.3386667699960526, 1.5408598509966396, 1.5805811879981775, 1.6226795709953876, 1.491661068997928, 1.9176620179932797, 1.8181864829966798, 1.7339811900019413, 1.8184254630032228, 1.692688522991375, 1.9743277160014259, 1.9739554039988434, 2.121504583992646, 2.159027336994768, 2.058749463991262, 2.197820272995159, 2.2983443819975946, 2.416051049003727, 2.2547537789942, 2.5850730370002566, 2.5384523590037134, 2.3596167049981887, 2.49790910500451, 2.4585849040013272, 2.631872095997096, 2.698487904999638, 2.773158797994256, 2.9743414519907674, 2.742694471991854, 2.818670161999762, 2.89429323899094, 2.9364602919958998, 3.066063342994312, 3.016789337998489, 3.1202157599909697, 3.364955942000961, 3.211486079992028, 3.175943537004059, 3.2541033519955818, 3.3031862740026554, 3.497607915996923, 3.5380788070033304, 3.4578473290021066, 3.415429419997963, 3.5788569760043174, 3.647325555997668, 3.6940029870020226, 3.7300884629948996, 3.815609402998234, 3.921635200997116, 3.775322198998765, 3.878519456004142, 4.057960040998296, 3.975774830003502, 4.0243614859937225, 4.179739893996157, 4.115939520997927, 4.223805954999989, 4.379756469003041, 4.272334148001391, 4.325376722990768, 4.553461945994059, 4.423591487997328, 4.463208029002999, 4.512473834998673, 4.607130276999669, 4.671983175998321, 4.7079422629904, 4.7509421430004295, 4.787533338996582, 4.826203770004213, 4.825986933996319], "final_accuracy": ["accuracy", 0.675]}