{"trial_id": [0, 1, 2, 3, 4, 5, 6, 7, 8, 9, 10, 11, 12, 13, 14, 15, 16, 17, 18, 19, 20, 21, 22, 23, 24, 25, 26, 27, 28, 29, 30, 31, 32, 33, 34, 35, 36, 37, 38, 39, 40, 41, 42, 43, 44, 45, 46, 47, 48, 49, 50, 51, 52, 53, 54, 55, 56, 57, 58, 59, 60, 61, 62, 63, 64, 65, 66, 67, 68, 69, 70, 71, 72, 73, 74, 75, 76, 77, 78, 79, 80, 81, 82, 83, 84, 85, 86, 87, 88, 89, 90, 91, 92, 93, 94, 95, 96, 97, 98, 99], "cv_accuracy": [0.13125, 0.13125, 0.15625, 0.1, 0.13125, 0.1125, 0.1125, 0.1, 0.13125, 0.3125, 0.1, 0.1, 0.5, 0.1, 0.1, 0.13125, 0.1, 0.13125, 0.1, 0.1, 0.1125, 0.1, 0.13125, 0.13125, 0.1, 0.1375, 0.13125, 0.13125, 0.2625, 0.13125, 0.1, 0.1, 0.5, 0.1125, 0.5125, 0.1, 0.13125, 0.13125, 0.13125, 0.1, 0.125, 0.1, 0.1, 0.1, 0.11875, 0.13125, 0.1125, 0.125, 0.1, 0.1125, 0.1, 0.1125, 0.1, 0.1, 0.11875, 0.5, 0.1, 0.1, 0.1, 0.1, 0.125, 0.1, 0.1, 0.125, 0.14375, 0.53125, 0.5, 0.1, 0.125, 0.11875, 0.125, 0.13125, 0.125, 0.1, 0.13125, 0.13125, 0.11875, 0.1125, 0.5, 0.575, 0.5, 0.10625, 0.1, 0.125, 0.1, 0.1, 0.1, 0.125, 0.125, 0.1875, 0.1125, 0.13125, 0.125, 0.125, 0.125, 0.125, 0.1125, 0.13125, 0.125, 0.1], "timestamp": [0.3267200340051204, 0.2857070059981197, 0.19728940800996497, 0.09225257601065096, 0.1553188000107184, 0.24284875400189776, 0.4026661670068279, 0.4023347540060058, 0.5655569880036637, 0.5319193559989799, 0.5667286829993827, 0.48436592900543474, 0.9390308170113713, 0.6771460430027219, 0.7460073510010261, 0.8523449229978723, 0.7115267150074942, 0.8171822820004309, 0.9016176000004634, 0.9901773220044561, 1.0426924850034993, 1.139070443008677, 1.09199387600529, 1.2238566090090899, 1.1829146910022246, 2.4334380799991777, 1.5155462399998214, 1.377342766005313, 1.2927222510043066, 1.4162063590047183, 1.3346343630109914, 1.4765491940052016, 1.6093817710061558, 1.572335673001362, 1.836350494006183, 1.708485715003917, 1.6603175170021132, 1.8780301630031317, 1.7485924350039568, 1.798008673998993, 1.9792479980096687, 1.9404098950035404, 2.069711420001113, 2.1082547310070368, 2.0308655190019635, 2.260516633003135, 2.1658417180005927, 2.342399266010034, 2.389057046006201, 2.224099512997782, 2.304322203010088, 2.962517681007739, 2.49816856700636, 2.633372092008358, 2.5386712300096406, 2.678664817009121, 2.5838672110112384, 2.7327262530016014, 2.7710681169992313, 2.815188966007554, 2.9172218500025338, 2.874726901005488, 2.999465107001015, 3.042454859998543, 3.0859314770059427, 3.6095112140028505, 3.2393900850001955, 3.164906803998747, 3.3394926210021367, 3.292194081004709, 3.199509821002721, 3.609876152011566, 3.4409426850033924, 3.401748835007311, 3.5000033390097087, 3.5577695399988443, 3.6406146000081208, 3.736191465999582, 3.849074166006176, 4.852101320007932, 4.139795043010963, 3.889334487001179, 3.78923369399854, 3.9845052730088355, 3.9433687520067906, 4.088730442002998, 4.046395123004913, 4.181509857007768, 4.221531989998766, 4.293860851001227, 4.391385966009693, 4.4319018950045574, 4.4760667020018445, 4.333083065997926, 4.528088840001146, 4.562505178007996, 4.6192098220053595, 4.678195173008135, 4.711768341003335, 4.711487651002244], "final_accuracy": ["accuracy", 0.625]}