{"trial_id": [0, 1, 2, 3, 4, 5, 6, 7, 8, 9, 10, 11, 12, 13, 14, 15, 16, 17, 18, 19, 20, 21, 22, 23, 24, 25, 26, 27, 28, 29, 30, 31, 32, 33, 34, 35, 36, 37, 38, 39, 40, 41, 42, 43, 44, 45, 46, 47, 48, 49, 50, 51, 52, 53, 54, 55, 56, 57, 58, 59, 60, 61, 62, 63, 64, 65, 66, 67, 68, 69, 70, 71, 72, 73, 74, 75, 76, 77, 78, 79, 80, 81, 82, 83, 84, 85, 86, 87, 88, 89, 90, 91, 92, 93, 94, 95, 96, 97, 98, 99], "cv_accuracy": [0.11875, 0.1, 0.11875, 0.6125, 0.125, 0.1, 0.5375, 0.1, 0.11875, 0.5375, 0.11875, 0.1, 0.11875, 0.11875, 0.11875, 0.13125, 0.58125, 0.13125, 0.11875, 0.5375, 0.11875, 0.125, 0.1, 0.11875, 0.11875, 0.11875, 0.1, 0.1, 0.1, 0.5375, 0.1, 0.20625, 0.1, 0.1, 0.59375, 0.5375, 0.11875, 0.1, 0.125, 0.125, 0.11875, 0.125, 0.1, 0.1, 0.11875, 0.13125, 0.11875, 0.11875, 0.1, 0.45, 0.11875, 0.1, 0.1375, 0.11875, 0.23125, 0.10625, 0.55, 0.1, 0.11875, 0.575, 0.1, 0.11875, 0.13125, 0.1, 0.35625, 0.1, 0.1375, 0.11875, 0.1, 0.1, 0.11875, 0.1, 0.11875, 0.1, 0.11875, 0.11875, 0.1, 0.11875, 0.1, 0.1, 0.13125, 0.125, 0.125, 0.1, 0.11875, 0.1, 0.1, 0.11875, 0.11875, 0.13125, 0.1, 0.125, 0.125, 0.1, 0.11875, 0.13125, 0.1, 0.1, 0.13125, 0.5375], "timestamp": [0.29750970398890786, 0.1472533819905948, 0.24770852200163063, 1.9695674550021067, 0.19225182798982132, 0.09839812399877701, 0.4401835259923246, 0.3929500520025613, 0.488719820001279, 0.35679207400244195, 0.5301214039936895, 0.5855763509898679, 0.7425274639972486, 0.632036151990178, 0.6931608239974594, 0.9026573519950034, 1.181822756989277, 0.7929639439971652, 0.8514731629984453, 1.005777191996458, 0.9388950930006104, 1.0481192369916243, 1.1443713579938048, 1.088619446993107, 1.2851310039986856, 1.3704491809912724, 1.2288929459900828, 1.3312391329964157, 1.3708957689959789, 1.7248677850002423, 1.4822818959946744, 1.558711036996101, 1.6034069049928803, 1.482161902997177, 3.2713989119947655, 1.8017196799919475, 1.7250859219930135, 1.6711393809964648, 1.85941434999404, 2.0444182560022455, 1.9311237060028361, 2.100661709002452, 1.9691786569892429, 2.1601530149928294, 2.201101648999611, 2.3482397929910803, 2.2451216519984882, 2.288456465001218, 2.393702810994, 2.4453258290013764, 2.590379118992132, 2.4830691769893747, 2.7281386709946673, 2.5544744609942427, 2.679885634992388, 2.628633489002823, 3.7612175329995807, 2.7754073819960468, 2.8227360009914264, 4.894592354001361, 2.9192331379890675, 2.8809274660015944, 2.984196379999048, 3.0630714939907193, 3.0279023379989667, 3.1327907239901833, 3.315922130001127, 3.1727002229890786, 3.355128060997231, 3.231091297988314, 3.457292406994384, 3.421588878001785, 3.5607449709932553, 3.5028494599973783, 3.655231595999794, 3.6134267009911127, 3.70005862499238, 3.8036321499967016, 3.8443160339957103, 3.8933710739947855, 4.053022697000415, 3.9594388069963316, 4.131562202994246, 3.9994909219967667, 4.085327116001281, 4.2249175229953835, 4.181418956999551, 4.457128764988738, 4.2839456319925375, 4.341274102989701, 4.376691560988547, 4.41587469499791, 4.508621791988844, 4.562313317001099, 4.610192224994535, 4.686204765996081, 4.72623703199497, 4.610416714000166, 4.78194453199103, 4.8364000790024875], "final_accuracy": ["accuracy", 0.525]}