{"trial_id": [0, 1, 2, 3, 4, 5, 6, 7, 8, 9, 10, 11, 12, 13, 14, 15, 16, 17, 18, 19, 20, 21, 22, 23, 24, 25, 26, 27, 28, 29, 30, 31, 32, 33, 34, 35, 36, 37, 38, 39, 40, 41, 42, 43, 44, 45, 46, 47, 48, 49, 50, 51, 52, 53, 54, 55, 56, 57, 58, 59, 60, 61, 62, 63, 64, 65, 66, 67, 68, 69, 70, 71, 72, 73, 74, 75, 76, 77, 78, 79, 80, 81, 82, 83, 84, 85, 86, 87, 88, 89, 90, 91, 92, 93, 94, 95, 96, 97, 98, 99], "cv_accuracy": [0.10625, 0.0875, 0.10625, 0.0875, 0.525, 0.10625, 0.0875, 0.1125, 0.14375, 0.0875, 0.1125, 0.11875, 0.0875, 0.1, 0.0875, 0.35, 0.11875, 0.10625, 0.10625, 0.0875, 0.0875, 0.11875, 0.0875, 0.1125, 0.0875, 0.1125, 0.125, 0.0875, 0.0875, 0.1375, 0.20625, 0.10625, 0.0875, 0.0875, 0.55625, 0.2, 0.14375, 0.1, 0.11875, 0.0875, 0.0875, 0.11875, 0.0875, 0.575, 0.14375, 0.0875, 0.1125, 0.125, 0.0875, 0.0875, 0.1375, 0.1125, 0.10625, 0.0875, 0.1375, 0.0875, 0.11875, 0.10625, 0.525, 0.0875, 0.0875, 0.125, 0.0875, 0.525, 0.14375, 0.0875, 0.10625, 0.10625, 0.0875, 0.0875, 0.10625, 0.1125, 0.20625, 0.525, 0.0875, 0.1, 0.575, 0.225, 0.55625, 0.16875, 0.11875, 0.0875, 0.525, 0.525, 0.1125, 0.0875, 0.10625, 0.10625, 0.1125, 0.0875, 0.10625, 0.10625, 0.0875, 0.125, 0.1125, 0.11875, 0.13125, 0.125, 0.11875, 0.125], "timestamp": [0.28979522599547636, 0.1340578219969757, 0.22086691699223593, 0.17952852799498942, 0.09230937199026812, 0.33593964399187826, 0.414979567998671, 0.47173546798876487, 0.7181750140007352, 0.36819556199770886, 0.6321453189884778, 0.7991006439988269, 0.5413793389889179, 0.5863233169948217, 0.6316676629940048, 1.4166744239919353, 0.924209331991733, 0.980974078993313, 0.879392563001602, 0.8370397239923477, 1.0458690839877818, 1.3811215039895615, 1.0851691049902001, 1.125795253989054, 1.1677203759900294, 1.2447212169936392, 1.669864671988762, 1.3335984110017307, 1.2895350129983854, 1.7020074379979633, 1.7584709869988728, 1.55244192200189, 1.594223925989354, 1.5012649749987759, 2.8559842639951967, 1.8606334369978867, 1.9550081319903256, 1.9555555489932885, 1.9015340749901952, 1.8239395959972171, 2.0890973069908796, 2.152000844987924, 2.0503062839998165, 3.318814942991594, 2.3116816449910402, 2.211659548993339, 2.2752672399947187, 2.511930797001696, 2.349274712993065, 2.413268976000836, 2.5700163820001762, 2.46338452398777, 2.6096733439917443, 2.6090348930010805, 2.9821453600015957, 2.759004729989101, 2.818675196991535, 2.70516931299062, 2.855461657993146, 2.933597554001608, 3.0508739139913814, 3.364268862991594, 3.096528406997095, 3.1522747239941964, 3.642600469000172, 3.2152512059983565, 3.2587352709961124, 3.40051874499477, 3.4815179689903744, 3.4406783349986654, 3.5570763739960967, 3.717287405990646, 3.68247928499477, 3.761111792991869, 3.602611165988492, 3.97246440500021, 4.745169526999234, 3.865284731000429, 4.214186612996855, 5.154964080997161, 3.832402093001292, 4.019160861993441, 3.9265614460018696, 4.070660551995388, 4.365566925989697, 4.129513309992035, 4.172740704001626, 4.319618777997675, 4.420464273993275, 4.279915250997874, 4.515612344999681, 4.56428629400034, 4.477202239999315, 4.868465113991988, 4.685752320001484, 4.746000792001723, 4.63430929799506, 4.824941732993466, 4.925307633995544, 4.9719769039948005], "final_accuracy": ["accuracy", 0.625]}