{"trial_id": [0, 1, 2, 3, 4, 5, 6, 7, 8, 9, 10, 11, 12, 13, 14, 15, 16, 17, 18, 19, 20, 21, 22, 23, 24, 25, 26, 27, 28, 29, 30, 31, 32, 33, 34, 35, 36, 37, 38, 39, 40, 41, 42, 43, 44, 45, 46, 47, 48, 49, 50, 51, 52, 53, 54, 55, 56, 57, 58, 59, 60, 61, 62, 63, 64, 65, 66, 67, 68, 69, 70, 71, 72, 73, 74, 75, 76, 77, 78, 79, 80, 81, 82, 83, 84, 85, 86, 87, 88, 89, 90, 91, 92, 93, 94, 95, 96, 97, 98, 99], "cv_accuracy": [0.0875, 0.0875, 0.1, 0.125, 0.0875, 0.375, 0.1, 0.0875, 0.1, 0.0875, 0.0875, 0.54375, 0.1125, 0.0875, 0.1125, 0.0875, 0.0875, 0.125, 0.0875, 0.54375, 0.1125, 0.1125, 0.0875, 0.1125, 0.28125, 0.10625, 0.0875, 0.19375, 0.0875, 0.13125, 0.10625, 0.20625, 0.10625, 0.0875, 0.10625, 0.1125, 0.0875, 0.0875, 0.0875, 0.0875, 0.10625, 0.0875, 0.0875, 0.0875, 0.1125, 0.10625, 0.1125, 0.10625, 0.1, 0.1, 0.1125, 0.1125, 0.28125, 0.0875, 0.0875, 0.10625, 0.0875, 0.20625, 0.10625, 0.54375, 0.0875, 0.0875, 0.10625, 0.0875, 0.10625, 0.0875, 0.0875, 0.13125, 0.0875, 0.10625, 0.61875, 0.1125, 0.0875, 0.10625, 0.10625, 0.1125, 0.0875, 0.1, 0.54375, 0.10625, 0.54375, 0.10625, 0.18125, 0.0875, 0.0875, 0.0875, 0.1, 0.0875, 0.38125, 0.1125, 0.10625, 0.0875, 0.13125, 0.0875, 0.54375, 0.10625, 0.28125, 0.2125, 0.10625, 0.0875], "timestamp": [0.1409369860048173, 0.09326320000400301, 0.2257671490078792, 0.28999594000924844, 0.18183136500010733, 0.3250109080108814, 0.4667863710055826, 0.4313558240100974, 0.5094904779980425, 0.38190569799917284, 0.573326450001332, 0.7503667210112326, 1.2007816480036126, 0.6696147390030092, 0.7103755670104874, 0.6340366170043126, 0.7959684520028532, 1.1573543480044464, 0.8717772430100013, 1.0355771030008327, 1.0771949010086246, 0.9265295090008294, 0.9898122820013668, 1.1189007960056188, 1.4753128209995339, 1.4349392830044962, 1.3069611910032108, 1.3820285250112647, 1.2694628950121114, 1.5882123769988539, 1.5247590619983384, 1.6244357399991713, 1.7777354639983969, 1.7137598600093042, 1.6719604520039866, 1.874222736005322, 1.9118300789996283, 1.8322745629993733, 1.9864428830042016, 1.9447046410059556, 2.0564422580064274, 2.107808685002965, 2.157706940008211, 2.232701505010482, 2.194732264004415, 2.2324430779990507, 2.5289957240020158, 2.357842798999627, 2.449147254010313, 2.4098319379991153, 2.781405531000928, 2.448686257004738, 3.190569646001677, 2.6828124390012817, 2.6818437699985225, 2.6476024069997948, 2.6106352070055436, 3.2439750659978017, 2.9424008960049832, 3.378768503011088, 2.838827522005886, 2.9045659600087674, 2.9842557450028835, 3.093738061012118, 3.1394490920065437, 3.0603917580010602, 3.326480898002046, 3.531137590005528, 3.28793335800583, 3.4142699880030705, 4.981597980004153, 3.58196073200088, 3.488595503004035, 3.679838292999193, 3.6238667700090446, 3.759108002006542, 3.717281652003294, 3.871586446999572, 3.8253766179986997, 3.958706006000284, 4.165117944998201, 3.9107751150004333, 5.153458924003644, 4.127635234006448, 4.030914158007363, 4.031197928008623, 4.2650600820052205, 4.214044339008979, 4.320139016999747, 4.428567044000374, 4.479380427001161, 4.378124235008727, 4.577346789999865, 4.535417178005446, 4.637105818008422, 4.7351304330077255, 4.897148943011416, 4.69774016100564, 4.846550357004162, 4.808716192012071], "final_accuracy": ["accuracy", 0.475]}