{"trial_id": [0, 1, 2, 3, 4, 5, 6, 7, 8, 9, 10, 11, 12, 13, 14, 15, 16, 17, 18, 19, 20, 21, 22, 23, 24, 25, 26, 27, 28, 29, 30, 31, 32, 33, 34, 35, 36, 37, 38, 39, 40, 41, 42, 43, 44, 45, 46, 47, 48, 49, 50, 51, 52, 53, 54, 55, 56, 57, 58, 59, 60, 61, 62, 63, 64, 65, 66, 67, 68, 69, 70, 71, 72, 73, 74, 75, 76, 77, 78, 79, 80, 81, 82, 83, 84, 85, 86, 87, 88, 89, 90, 91, 92, 93, 94, 95, 96, 97, 98, 99], "cv_accuracy": [0.0, 0.0, 0.0, 0.0, 0.0, 0.0, 0.0, 0.0, 0.0, 0.0, 0.0, 0.0, 0.0, 0.0, 0.0, 0.0, 0.0, 0.0, 0.0, 0.0, 0.0, 0.0, 0.0, 0.0, 0.0, 0.0, 0.0, 0.0, 0.0, 0.0, 0.0, 0.0, 0.0, 0.0, 0.0, 0.0, 0.0, 0.0, 0.0, 0.0, 0.0, 0.0, 0.0, 0.0, 0.0, 0.0, 0.0, 0.0, 0.0, 0.0, 0.0, 0.0, 0.0, 0.0, 0.0, 0.0, 0.0, 0.0, 0.0, 0.0, 0.0, 0.0, 0.0, 0.0, 0.0, 0.0, 0.0, 0.0, 0.0, 0.0, 0.0, 0.0, 0.0, 0.0, 0.0, 0.0, 0.0, 0.0, 0.0, 0.0, 0.0, 0.0, 0.0, 0.0, 0.0, 0.0, 0.0, 0.0, 0.0, 0.0, 0.0, 0.0, 0.0, 0.0, 0.0, 0.0, 0.0, 0.0, 0.0, 0.0], "timestamp": [0.1609774240059778, 0.2017075100011425, 0.20370650599943474, 0.10605467999994289, 0.31915266400028486, 0.20399366700439714, 0.40367958799470216, 0.5301298739941558, 0.5830160519981291, 0.5827492480020737, 0.4894471110019367, 0.45314242999302223, 0.6728448530047899, 0.7685948839935008, 0.8095139039942296, 0.7181407260068227, 0.851089777002926, 0.8849386410001898, 0.9518310840066988, 0.9949753410037374, 1.0509781279979507, 1.1295206359936856, 1.175761093996698, 1.0513365149963647, 1.2352156790002482, 1.2701508199970704, 1.4115750240016496, 1.4139184579980792, 1.3297034370043548, 1.3755478170060087, 1.5538612219970673, 1.506266158001381, 1.6075324709963752, 1.732380800996907, 1.6997929509961978, 1.6518600639974466, 1.7793245089997072, 1.8240068199957022, 1.8821442960033892, 1.9333303729945328, 2.0634418609988643, 1.975744235998718, 2.0237210060004145, 2.1022736970044207, 2.163746046993765, 2.222083507993375, 2.2218720259988913, 2.3542459669988602, 2.3983121839992236, 2.3002922640007455, 2.44243539099989, 2.547787100003916, 2.5907466299977386, 2.5020583040022757, 2.638272367999889, 2.684124620005605, 2.6843879469961394, 2.7840657829947304, 2.8329261579929153, 2.882301304998691, 2.920782186993165, 3.021432127992739, 2.964106654995703, 3.062832563999109, 3.1072856889950344, 3.2450940620037727, 3.1621298539976124, 3.161798342000111, 3.299963112003752, 3.3417507340054726, 3.3814652190048946, 3.5215725019952515, 3.4416625339945313, 3.4412414739927044, 3.58139348399709, 3.6610261619935045, 3.6193214420054574, 3.761209100994165, 3.8108350620022975, 3.7177695559948916, 3.864324377005687, 3.864735548995668, 3.939987295001629, 4.0007709479978075, 3.999979304993758, 4.089696213006391, 4.22318329999689, 4.141853484004969, 4.142140024006949, 4.3618678450002335, 4.27940667400253, 4.323050181003055, 4.459425157998339, 4.502831424004398, 4.424018510995666, 4.555251315992791, 4.636331114001223, 4.590041610994376, 4.6723443340015365, 4.702125625000917], "final_accuracy": ["accuracy", 0.125]}