{"trial_id": [0, 1, 2, 3, 4, 5, 6, 7, 8, 9, 10, 11, 12, 13, 14, 15, 16, 17, 18, 19, 20, 21, 22, 23, 24, 25, 26, 27, 28, 29, 30, 31, 32, 33, 34, 35, 36, 37, 38, 39, 40, 41, 42, 43, 44, 45, 46, 47, 48, 49, 50, 51, 52, 53, 54, 55, 56, 57, 58, 59, 60, 61, 62, 63, 64, 65, 66, 67, 68, 69, 70, 71, 72, 73, 74, 75, 76, 77, 78, 79, 80, 81, 82, 83, 84, 85, 86, 87, 88, 89, 90, 91, 92, 93, 94, 95, 96, 97, 98, 99], "cv_accuracy": [0.0, 0.0, 0.0, 0.0, 0.0, 0.0, 0.0, 0.0, 0.0, 0.0, 0.0, 0.0, 0.0, 0.0, 0.0, 0.0, 0.0, 0.0, 0.0, 0.0, 0.0, 0.0, 0.0, 0.0, 0.0, 0.0, 0.0, 0.0, 0.0, 0.0, 0.0, 0.0, 0.0, 0.0, 0.0, 0.0, 0.0, 0.0, 0.0, 0.0, 0.0, 0.0, 0.0, 0.0, 0.0, 0.0, 0.0, 0.0, 0.0, 0.0, 0.0, 0.0, 0.0, 0.0, 0.0, 0.0, 0.0, 0.0, 0.0, 0.0, 0.0, 0.0, 0.0, 0.0, 0.0, 0.0, 0.0, 0.0, 0.0, 0.0, 0.0, 0.0, 0.0, 0.0, 0.0, 0.0, 0.0, 0.0, 0.0, 0.0, 0.0, 0.0, 0.0, 0.0, 0.0, 0.0, 0.0, 0.0, 0.0, 0.0, 0.0, 0.0, 0.0, 0.0, 0.0, 0.0, 0.0, 0.0, 0.0, 0.0], "timestamp": [0.12004323001019657, 0.11934741800359916, 0.1191585380001925, 0.11953982300474308, 0.11895803500374313, 0.31562210200354457, 0.46456151800521184, 0.49933210700692143, 0.5006895980041008, 0.6090272160072345, 0.4105646710086148, 0.5376232520065969, 0.7176136560010491, 0.8198312240128871, 0.8985514600062743, 0.8629920930106891, 0.7743200680124573, 0.6787846370134503, 0.9862375400116434, 0.948151348013198, 1.046928484007367, 1.0928326490102336, 1.1383202740107663, 1.1746481000009226, 1.2622589280072134, 1.2157733690110035, 1.324634867007262, 1.365829816000769, 1.416960882008425, 1.4521362650120864, 1.4916937700036215, 1.5320770390098915, 1.5992677000031108, 1.5996813630044926, 1.7780332649999764, 1.698039979004534, 1.8192205710074631, 1.7356206210097298, 1.920382108000922, 1.8727510340104345, 2.0124825759994565, 2.049981647011009, 1.9715209130081348, 2.0888803810084937, 2.1487296300037997, 2.1933994080027333, 2.2415164100093534, 2.3210304040112533, 2.363350874002208, 2.2876026090089, 2.4240763150010025, 2.4669966229994316, 2.5232885040022666, 2.6039390020014253, 2.56958270900941, 2.56920981600706, 2.705192273002467, 2.7446855950111058, 2.7894060570106376, 2.869093231012812, 2.9458410830120556, 2.9058315360016422, 2.980259900999954, 2.980896928012953, 2.9806544480088633, 3.184788615006255, 3.2284352720016614, 3.26600776000123, 3.301249298005132, 3.3391198820027057, 3.145758423008374, 3.4248373930022353, 3.4650635960133513, 3.5805231720005395, 3.5458221580047393, 3.614643888999126, 3.4652431440044893, 3.738865324005019, 3.780348339001648, 3.6991032990044914, 3.9024133250059094, 3.8648269300028915, 3.7794906820054166, 4.045862441009376, 3.9716886009991867, 4.14951026601193, 4.010546161007369, 4.0853349340031855, 4.085122314005275, 4.271228664001683, 4.3458801270026015, 4.310448621006799, 4.39310451100755, 4.433748038005433, 4.225927613006206, 4.495830988002126, 4.542559523004456, 4.60201570900972, 4.574619987004553, 4.640482933013118], "final_accuracy": ["accuracy", 0.075]}