{"trial_id": [0, 1, 2, 3, 4, 5, 6, 7, 8, 9, 10, 11, 12, 13, 14, 15, 16, 17, 18, 19, 20, 21, 22, 23, 24, 25, 26, 27, 28, 29, 30, 31, 32, 33, 34, 35, 36, 37, 38, 39, 40, 41, 42, 43, 44, 45, 46, 47, 48, 49, 50, 51, 52, 53, 54, 55, 56, 57, 58, 59, 60, 61, 62, 63, 64, 65, 66, 67, 68, 69, 70, 71, 72, 73, 74, 75, 76, 77, 78, 79, 80, 81, 82, 83, 84, 85, 86, 87, 88, 89, 90, 91, 92, 93, 94, 95, 96, 97, 98, 99], "cv_accuracy": [0.0, 0.0, 0.0, 0.0, 0.0, 0.0, 0.0, 0.0, 0.0, 0.0, 0.0, 0.0, 0.0, 0.0, 0.0, 0.0, 0.0, 0.0, 0.0, 0.0, 0.0, 0.0, 0.0, 0.0, 0.0, 0.0, 0.0, 0.0, 0.0, 0.0, 0.0, 0.0, 0.0, 0.0, 0.0, 0.0, 0.0, 0.0, 0.0, 0.0, 0.0, 0.0, 0.0, 0.0, 0.0, 0.0, 0.0, 0.0, 0.0, 0.0, 0.0, 0.0, 0.0, 0.0, 0.0, 0.0, 0.0, 0.0, 0.0, 0.0, 0.0, 0.0, 0.0, 0.0, 0.0, 0.0, 0.0, 0.0, 0.0, 0.0, 0.0, 0.0, 0.0, 0.0, 0.0, 0.0, 0.0, 0.0, 0.0, 0.0, 0.0, 0.0, 0.0, 0.0, 0.0, 0.0, 0.0, 0.0, 0.0, 0.0, 0.0, 0.0, 0.0, 0.0, 0.0, 0.0, 0.0, 0.0, 0.0, 0.0], "timestamp": [0.11302561100455932, 0.2396776880050311, 0.11359456200443674, 0.11240285199892242, 0.24093240199727006, 0.1139647119998699, 0.4484813640010543, 0.5283780140016461, 0.5780870129965479, 0.5783879280061228, 0.48701830000209156, 0.3854276460042456, 0.6518827420077287, 0.7540913859993452, 0.754872574005276, 0.7157421540032374, 0.9283201360085513, 0.8889651990029961, 0.8562200580054196, 1.024937285008491, 1.0804428859992186, 0.9823480670020217, 1.2042691780079622, 1.1234833000053186, 1.123139158997219, 1.2925962340086699, 1.2499884860008024, 1.3539533840084914, 1.3987760940071894, 1.4368081170105143, 1.4783675280050375, 1.5577900250063976, 1.5219946010038257, 1.630788497001049, 1.6744353219983168, 1.7126746650028508, 1.7861345179990167, 1.8341364470106782, 1.7438211109983968, 1.9029524009965826, 1.993171155001619, 2.0319858200091403, 1.9485436200047843, 2.107077325010323, 2.0682759360061027, 2.1699130950000836, 2.3000573739991523, 2.25842005800223, 2.3422853040101472, 2.389531123000779, 2.2194322389987065, 2.435578329997952, 2.4899381550058024, 2.532351900008507, 2.576209528997424, 2.615546043001814, 2.7066101850068662, 2.668533607007703, 2.765090027998667, 2.805665851003141, 2.842780204009614, 2.879569647004246, 2.990144854004029, 2.9373921000078553, 3.0468049680057447, 3.1292036170052597, 3.1780770479963394, 3.080671860006987, 3.178609934009728, 3.266911919010454, 3.419590365010663, 3.3294443330087233, 3.3752979679993587, 3.4617912829999113, 3.5478604009986157, 3.508792891007033, 3.6106936010037316, 3.6527361790067516, 3.7017890679999255, 3.740481215005275, 3.835002624007757, 3.7927167330053635, 3.889232728004572, 3.9273390710004605, 4.022138033004012, 3.9734776179975597, 4.069921105998219, 4.069694164005341, 4.168470272998093, 4.208802050008671, 4.2509633250010666, 4.30053976700583, 4.392437389004044, 4.343138715004898, 4.484722998997313, 4.448112718004268, 4.520460132000153, 4.592157927007065, 4.562291006004671, 4.633495624002535], "final_accuracy": ["accuracy", 0.075]}