{"trial_id": [0, 1, 2, 3, 4, 5, 6, 7, 8, 9, 10, 11, 12, 13, 14, 15, 16, 17, 18, 19, 20, 21, 22, 23, 24, 25, 26, 27, 28, 29, 30, 31, 32, 33, 34, 35, 36, 37, 38, 39, 40, 41, 42, 43, 44, 45, 46, 47, 48, 49, 50, 51, 52, 53, 54, 55, 56, 57, 58, 59, 60, 61, 62, 63, 64, 65, 66, 67, 68, 69, 70, 71, 72, 73, 74, 75, 76, 77, 78, 79, 80, 81, 82, 83, 84, 85, 86, 87, 88, 89, 90, 91, 92, 93, 94, 95, 96, 97, 98, 99], "cv_accuracy": [0.0, 0.0, 0.0, 0.0, 0.0, 0.0, 0.0, 0.0, 0.0, 0.0, 0.0, 0.0, 0.0, 0.0, 0.0, 0.0, 0.0, 0.0, 0.0, 0.0, 0.0, 0.0, 0.0, 0.0, 0.0, 0.0, 0.0, 0.0, 0.0, 0.0, 0.0, 0.0, 0.0, 0.0, 0.0, 0.0, 0.0, 0.0, 0.0, 0.0, 0.0, 0.0, 0.0, 0.0, 0.0, 0.0, 0.0, 0.0, 0.0, 0.0, 0.0, 0.0, 0.0, 0.0, 0.0, 0.0, 0.0, 0.0, 0.0, 0.0, 0.0, 0.0, 0.0, 0.0, 0.0, 0.0, 0.0, 0.0, 0.0, 0.0, 0.0, 0.0, 0.0, 0.0, 0.0, 0.0, 0.0, 0.0, 0.0, 0.0, 0.0, 0.0, 0.0, 0.0, 0.0, 0.0, 0.0, 0.0, 0.0, 0.0, 0.0, 0.0, 0.0, 0.0, 0.0, 0.0, 0.0, 0.0, 0.0, 0.0], "timestamp": [0.31894607699359767, 0.16014916099084076, 0.19994590600254014, 0.16076060899649747, 0.28340594899782445, 0.11043208399496507, 0.485934616997838, 0.4440468789980514, 0.5312219039915362, 0.5314734369894722, 0.6072401479905238, 0.3965949479897972, 0.6755682609946234, 0.7217477719968883, 0.7631374079937814, 0.8057957519922638, 0.8903205749957124, 0.8062029470020207, 0.9667457439936697, 1.0070220449997578, 1.0474527109909104, 1.1732940329966368, 1.0886246449954342, 1.0892028009984642, 1.2408311780018266, 1.2844186290021753, 1.323059738992015, 1.443792741993093, 1.3618704940017778, 1.3616876529995352, 1.5194947369891452, 1.606514918996254, 1.6059698079916416, 1.5643052800005535, 1.7157117019960424, 1.6060944749915507, 1.7767815979896113, 1.909257641993463, 1.988014798000222, 1.9059958439902402, 1.8706001940008719, 1.8260121219936991, 2.0281957449915353, 2.0837370450026356, 2.1369340399978682, 2.2147823609993793, 2.1747855879948474, 2.296925663991715, 2.2542919639963657, 2.355443781998474, 2.5334985129884444, 2.42464322700107, 2.4588670169905527, 2.4578733620001003, 2.582482825993793, 2.630227431989624, 2.7519396119896555, 2.8256217549933353, 2.7511079239920946, 2.7059699279925553, 2.869290987990098, 2.9066193960024975, 2.9851013040024554, 3.114428720989963, 3.155055793991778, 3.073179775994504, 3.1954663249925943, 3.0263648690015543, 3.298653003992513, 3.2596541199891362, 3.3834651939978357, 3.4255263439990813, 3.344866973988246, 3.425340868998319, 3.58558075199835, 3.5409512850019382, 3.6288872849982, 3.670307424996281, 3.7543601819925243, 3.670844506996218, 3.8271062729909318, 3.8707354859943734, 3.9199499579990515, 4.033352364000166, 4.002427907995298, 3.9196938129898626, 4.106734567001695, 4.14287958299974, 4.2359806729946285, 4.236405759002082, 4.320845511989319, 4.186773174995324, 4.417703503990197, 4.38132957900234, 4.458815784993931, 4.568912862989237, 4.502274156999192, 4.538694320988725, 4.622163989988621, 4.622309298996697], "final_accuracy": ["accuracy", 0.125]}