{"trial_id": [0, 1, 2, 3, 4, 5, 6, 7, 8, 9, 10, 11, 12, 13, 14, 15, 16, 17, 18, 19, 20, 21, 22, 23, 24, 25, 26, 27, 28, 29, 30, 31, 32, 33, 34, 35, 36, 37, 38, 39, 40, 41, 42, 43, 44, 45, 46, 47, 48, 49, 50, 51, 52, 53, 54, 55, 56, 57, 58, 59, 60, 61, 62, 63, 64, 65, 66, 67, 68, 69, 70, 71, 72, 73, 74, 75, 76, 77, 78, 79, 80, 81, 82, 83, 84, 85, 86, 87, 88, 89, 90, 91, 92, 93, 94, 95, 96, 97, 98, 99], "cv_accuracy": [0.0, 0.0, 0.0, 0.0, 0.0, 0.0, 0.0, 0.0, 0.0, 0.0, 0.0, 0.0, 0.0, 0.0, 0.0, 0.0, 0.0, 0.0, 0.0, 0.0, 0.0, 0.0, 0.0, 0.0, 0.0, 0.0, 0.0, 0.0, 0.0, 0.0, 0.0, 0.0, 0.0, 0.0, 0.0, 0.0, 0.0, 0.0, 0.0, 0.0, 0.0, 0.0, 0.0, 0.0, 0.0, 0.0, 0.0, 0.0, 0.0, 0.0, 0.0, 0.0, 0.0, 0.0, 0.0, 0.0, 0.0, 0.0, 0.0, 0.0, 0.0, 0.0, 0.0, 0.0, 0.0, 0.0, 0.0, 0.0, 0.0, 0.0, 0.0, 0.0, 0.0, 0.0, 0.0, 0.0, 0.0, 0.0, 0.0, 0.0, 0.0, 0.0, 0.0, 0.0, 0.0, 0.0, 0.0, 0.0, 0.0, 0.0, 0.0, 0.0, 0.0, 0.0, 0.0, 0.0, 0.0, 0.0, 0.0, 0.0], "timestamp": [0.26270978699903935, 0.3017225689982297, 0.1317302399984328, 0.3397662700008368, 0.18291994399623945, 0.18402876300388016, 0.5307782949967077, 0.4956962120049866, 0.5995783709950047, 0.5698217220051447, 0.40827952900144737, 0.408742126004654, 0.7510356629936723, 0.6691265150002437, 0.8030626330000814, 0.8493683099950431, 0.8840418460022192, 0.6697469840000849, 0.9813484710030025, 0.9354172839957755, 1.0195634300034726, 1.0693451800034381, 1.1094920540053863, 1.1595573639933718, 1.214641380996909, 1.294017056003213, 1.2482316039968282, 1.3467235260031885, 1.3454172310011927, 1.4327906879916554, 1.4880604789941572, 1.5658534440008225, 1.5270688820019132, 1.6593800499977078, 1.615051714994479, 1.701365522996639, 1.7541322540055262, 1.836271021005814, 1.7998062219994608, 1.8817687279952224, 1.973004466999555, 1.9253576189948944, 2.0219566930027213, 2.076354671997251, 2.075668046993087, 2.1593596559978323, 2.197912082003313, 2.2493141180020757, 2.307557079999242, 2.397349306003889, 2.3573664809955517, 2.4786446549987886, 2.440858592002769, 2.524655607994646, 2.579743786001927, 2.7103087099967524, 2.634094738998101, 2.7585056380048627, 2.6719067910016747, 2.7580893830017885, 2.8536158229981083, 2.950208598995232, 2.949973303999286, 2.9111101159942336, 3.0759511590003967, 3.031400213003508, 3.1263870779948775, 3.26531494599476, 3.3039379739930155, 3.1851574419997633, 3.2257405989948893, 3.3463391629920807, 3.3922999310016166, 3.4526091949956026, 3.5355084740003804, 3.5758188250038074, 3.501342728995951, 3.655265651992522, 3.576788991005742, 3.7207904200040502, 3.820013613993069, 3.8581962390016997, 3.8975025770050706, 3.8981822689966066, 3.764477713004453, 3.9991373109951383, 4.038384674000554, 4.13975591599592, 4.179923360992689, 4.219051901003695, 4.094002345998888, 4.327264620005735, 4.277528224993148, 4.381392775001586, 4.42096074699657, 4.498870405004709, 4.420224080997286, 4.541606712999055, 4.578149777997169, 4.624491119000595], "final_accuracy": ["accuracy", 0.075]}