{"2":0.676923076923077,"4":0.612903225806452,"1":0.448275862068966,"3":0.379032258064516}
