{"2":5.88577246665955,"4":4.97606444358826,"1":6.3874044418335,"3":4.2872052192688}
