{"1": 0.6190476190476191, "2": 0.47619047619047616, "3": 0.7142857142857143, "4": 0.7142857142857143}