{"1": 3.5658459663391113, "2": 3.6772665977478027, "3": 3.0177361965179443, "4": 3.589456081390381}