{"1": 15.963003158569336, "2": 15.272692441940308, "3": 15.274442434310913, "4": 15.229514122009277, "5": 15.418670654296875}