{"1": 0.716297786720322, "2": 0.48951048951048953, "3": 0.7478991596638656, "4": 0.9010880316518298}