{"1": 39.52881717681885, "2": 47.738380670547485, "3": 47.82764458656311, "4": 33.40120053291321}