{"1": 7.756855726242065, "2": 7.0394604206085205, "3": 6.984988212585449, "4": 7.084905624389648, "5": 7.588062047958374}