{"5":2.37156987190247,"3":2.39779019355774,"2":2.57311630249023,"1":2.52591705322266,"4":2.52834558486938}
