{"1": 9.411789894104004, "2": 9.136637687683105, "3": 9.655550956726074, "4": 9.628673553466797, "5": 9.732337474822998}