{"4":0.596153846153846,"1":0.423076923076923,"3":0.884615384615385,"2":0.961538461538462}
