{"4":8.21432709693909,"1":2.24241280555725,"3":1.92512202262878,"2":0.908447742462158}
