{"1": 0.6538461538461539, "2": 0.5384615384615384, "3": 0.46153846153846156, "4": 0.6153846153846154}