{"1": 4.66770601272583, "2": 4.7554686069488525, "3": 4.080063343048096, "4": 4.269228458404541}