{"2":0.210526315789474,"3":0.605263157894737,"1":0.421052631578947,"4":0.473684210526316}
