{"2":4.35732340812683,"3":5.11667895317078,"1":3.79033899307251,"4":5.37269282341003}
