{"5":0.439787864685059,"3":0.407828330993652,"1":0.407846212387085,"2":0.409366846084595,"4":0.479853391647339}
