{"trial_id": [0, 1, 2, 3, 4, 5, 6, 7, 8, 9, 10, 11, 12, 13, 14, 15, 16, 17, 18, 19, 20, 21, 22, 23, 24, 25, 26, 27, 28, 29, 30, 31, 32, 33, 34, 35, 36, 37, 38, 39, 40, 41, 42, 43, 44, 45, 46, 47, 48, 49, 50, 51, 52, 53, 54, 55, 56, 57, 58, 59, 60, 61, 62, 63, 64, 65, 66, 67, 68, 69, 70, 71, 72, 73, 74, 75, 76, 77, 78, 79, 80, 81, 82, 83, 84, 85, 86, 87, 88, 89, 90, 91, 92, 93, 94, 95, 96, 97, 98, 99], "cv_accuracy": [0.0, 0.0, 0.4483334, 0.0, 0.0, 0.0, 0.0, 0.0, 0.0, 0.0, 0.0, 0.0, 0.0, 0.0, 0.0, 0.0, 0.4616668, 0.0, 0.0, 0.3141668, 0.0, 0.3675, 0.0, 0.0, 0.0, 0.0, 0.0, 0.46083339999999995, 0.3316668, 0.0, 0.4616668, 0.4491668, 0.3675, 0.0, 0.4725, 0.0, 0.0, 0.3566668, 0.45999999999999996, 0.0, 0.0, 0.0, 0.0, 0.0, 0.0, 0.0, 0.0, 0.0, 0.0, 0.0, 0.47500019999999993, 0.0, 0.0, 0.0, 0.0, 0.0, 0.0, 0.0, 0.45, 0.0, 0.0, 0.0, 0.42333319999999997, 0.0, 0.0, 0.0, 0.0, 0.3816668, 0.4483334, 0.0, 0.4483334, 0.0, 0.4358332, 0.0, 0.0, 0.0, 0.0, 0.36749979999999993, 0.0, 0.0, 0.0, 0.0, 0.0, 0.0, 0.0, 0.0, 0.0, 0.47500019999999993, 0.4491666, 0.0, 0.0, 0.0, 0.4483334, 0.0, 0.0, 0.0, 0.0, 0.0, 0.47499979999999997, 0.0], "timestamp": [0.1869122200005222, 0.2334710020077182, 0.30875045200809836, 0.09761168800469022, 0.27137705200584605, 0.14509127000928856, 0.46685395399981644, 0.3865449970035115, 0.38720210900646634, 0.53984454300371, 0.5966335700068157, 0.4671367750124773, 0.7010869570076466, 0.8190650120086502, 0.7780447400000412, 0.6596085100027267, 0.7404665970097994, 0.8757845940126572, 0.9313905349990819, 1.4518984419992194, 1.0702955920132808, 1.311542660012492, 0.9759425390075194, 1.0339382850070251, 1.1810581700119656, 1.1179708359995857, 1.2225259880069643, 2.0085259350016713, 1.3972398760088254, 1.3465777189994697, 1.5127233880048152, 2.866892903999542, 1.6186131130089052, 1.5577183670102386, 1.7775839070091024, 1.7238337900053011, 1.6686856910091592, 1.81241281000257, 1.863804461012478, 1.9166422300040722, 2.282887651002966, 1.961151362003875, 2.0510440570069477, 2.1111502410058165, 2.151406056000269, 2.242554018012015, 2.202618972005439, 2.343872416007798, 2.385985458007781, 2.4880857660027687, 2.644396511008381, 2.4525570410041837, 2.581746016003308, 2.54102076900017, 2.7838082070084056, 2.6963598540023668, 2.8218773980042897, 2.736953424013336, 3.1858799350011395, 2.9860542040114524, 2.943049581008381, 3.0351954360085074, 3.316274937998969, 3.0720268030127045, 3.1420269420050317, 3.245948262003367, 3.2789701180008706, 3.3795776900078636, 3.42962275800528, 3.5204129840130918, 3.5983944790059468, 3.560191897006007, 3.475959592004074, 3.6514361730078235, 3.696737619000487, 3.741177903008065, 3.921828885009745, 3.835666699000285, 3.7905982850061264, 3.8808401740097906, 4.065670481999405, 3.979025367007125, 4.0223741049994715, 4.442529204010498, 4.153193034013384, 4.104912216003868, 4.219832240007236, 4.264561228003004, 4.402879719011253, 4.305761256007827, 4.343283302005148, 4.492660526011605, 4.623841637003352, 4.584428633010248, 4.534910943009891, 4.669319798005745, 4.707023724011378, 4.742336081006215, 4.834521846001735, 4.783265657999436], "final_accuracy": ["accuracy", 0.5789473684210527]}