{"trial_id": [0, 1, 2, 3, 4, 5, 6, 7, 8, 9, 10, 11, 12, 13, 14, 15, 16, 17, 18, 19, 20, 21, 22, 23, 24, 25, 26, 27, 28, 29, 30, 31, 32, 33, 34, 35, 36, 37, 38, 39, 40, 41, 42, 43, 44, 45, 46, 47, 48, 49, 50, 51, 52, 53, 54, 55, 56, 57, 58, 59, 60, 61, 62, 63, 64, 65, 66, 67, 68, 69, 70, 71, 72, 73, 74, 75, 76, 77, 78, 79, 80, 81, 82, 83, 84, 85, 86, 87, 88, 89, 90, 91, 92, 93, 94, 95, 96, 97, 98, 99], "cv_accuracy": [0.0, 0.35, 0.0, 0.5803032, 0.0, 0.0, 0.0, 0.0, 0.0, 0.45909079999999997, 0.0, 0.0, 0.0, 0.0, 0.0, 0.0, 0.0, 0.0, 0.0, 0.0, 0.0, 0.0, 0.0, 0.0, 0.0, 0.5121214000000001, 0.0, 0.0, 0.0, 0.0, 0.0, 0.0, 0.0, 0.0, 0.0, 0.0, 0.0, 0.0, 0.0, 0.0, 0.0, 0.0, 0.5439394, 0.509091, 0.0, 0.0, 0.0, 0.0, 0.0, 0.0, 0.0, 0.0, 0.0, 0.0, 0.0, 0.0, 0.0, 0.0, 0.0, 0.0, 0.0, 0.0, 0.0, 0.0, 0.0, 0.5272728, 0.0, 0.0, 0.0, 0.5106062, 0.0, 0.0, 0.0, 0.0, 0.0, 0.0, 0.0, 0.0, 0.0, 0.0, 0.0, 0.0, 0.0, 0.0, 0.0, 0.6015154, 0.0, 0.0, 0.0, 0.0, 0.0, 0.5287878, 0.5303032, 0.0, 0.0, 0.3878786, 0.0, 0.0, 0.0, 0.0], "timestamp": [0.15281320300709922, 0.31315145900589414, 0.15041220901184715, 0.5504105450090719, 0.10425113300152589, 0.2285118260042509, 0.36425811200751923, 0.44213816001138184, 0.40426659100921825, 0.4986272740061395, 0.5509591209993232, 0.6846215859986842, 0.7254964200110408, 0.6450714870006777, 0.7754846720054047, 0.8704488210059935, 0.8314520990097662, 0.9600233820092399, 1.0016658870008541, 0.9202242590108654, 1.0452621620061109, 1.0985977270029252, 1.1396074880030937, 1.3201828980090795, 1.1942908370110672, 1.2819917099986924, 1.2395578459982062, 1.373158902002615, 1.4176153470034478, 1.4732433650060557, 1.5233136309980182, 1.615691359009361, 1.5659689910098678, 1.6154805700061843, 1.6947887260030257, 1.8498666160012363, 1.7705107610090636, 1.8098427880031522, 1.9429415500053437, 1.9435788770060753, 1.9001079090085113, 2.052775272008148, 2.9511864829983097, 2.299894559007953, 2.1015375920105726, 2.185150582998176, 2.10203041000932, 2.2515445530007128, 2.419790631000069, 2.300406638009008, 2.3823483270098222, 2.4863575210038107, 2.5774953570071375, 2.5359668790042633, 2.657632612012094, 2.5778322130063316, 2.728842495009303, 2.7806305550038815, 2.867078858005698, 2.8203568669996457, 2.915578590007499, 2.993581410002662, 3.093373577998136, 3.0500403600017307, 3.139490232002572, 3.677898753012414, 3.193810559998383, 3.2379675200063502, 3.291861418998451, 3.5316181020025397, 3.3521493320004083, 3.3970627680100733, 3.43605761800427, 3.489655561003019, 3.6376675850042375, 3.6782318680052413, 3.59929896700487, 3.7974236919981195, 3.756869523000205, 3.910601655006758, 4.07837701200333, 4.039569115004269, 3.8728863620053744, 4.002433364003082, 3.963793169008568, 4.487413858005311, 4.133766325001488, 4.229254051009775, 4.274928183003794, 4.190734436007915, 4.324996282011853, 4.579053125009523, 4.709967520000646, 4.390364090009825, 4.445831076009199, 4.530491395998979, 4.626228524008184, 4.675206175001222, 4.748089701010031, 4.7481808090087725], "final_accuracy": ["accuracy", 0.34210526315789475]}