{"trial_id": [0, 1, 2, 3, 4, 5, 6, 7, 8, 9, 10, 11, 12, 13, 14, 15, 16, 17, 18, 19, 20, 21, 22, 23, 24, 25, 26, 27, 28, 29, 30, 31, 32, 33, 34, 35, 36, 37, 38, 39, 40, 41, 42, 43, 44, 45, 46, 47, 48, 49, 50, 51, 52, 53, 54, 55, 56, 57, 58, 59, 60, 61, 62, 63, 64, 65, 66, 67, 68, 69, 70, 71, 72, 73, 74, 75, 76, 77, 78, 79, 80, 81, 82, 83, 84, 85, 86, 87, 88, 89, 90, 91, 92, 93, 94, 95, 96, 97, 98, 99], "cv_accuracy": [0.4341668, 0.0, 0.09166660000000001, 0.0, 0.0, 0.0, 0.0375, 0.5266666, 0.0, 0.47416660000000005, 0.0, 0.0, 0.5008332, 0.0, 0.0, 0.5133331999999999, 0.0, 0.5266666, 0.0, 0.0, 0.0, 0.0, 0.0, 0.40750000000000003, 0.5008334000000001, 0.40833339999999996, 0.0, 0.0, 0.0, 0.4999998, 0.0, 0.54, 0.0, 0.0, 0.0, 0.0, 0.46166660000000004, 0.5275000000000001, 0.0, 0.5916665999999999, 0.5266666, 0.4483334, 0.0, 0.0, 0.0, 0.0, 0.0, 0.0, 0.0, 0.0, 0.5266666000000001, 0.0, 0.0, 0.0, 0.0, 0.0, 0.0, 0.0, 0.0, 0.4999998, 0.0, 0.0, 0.0, 0.4475002, 0.51, 0.0, 0.0, 0.49833340000000004, 0.0, 0.0, 0.4483332, 0.0, 0.44583319999999993, 0.0, 0.0, 0.0, 0.0, 0.4999998, 0.0, 0.0, 0.0, 0.0, 0.0, 0.0, 0.0, 0.0, 0.42000000000000004, 0.2258332, 0.0, 0.0, 0.0, 0.4216664, 0.0, 0.0, 0.3966666, 0.0, 0.48666659999999995, 0.0, 0.0, 0.0], "timestamp": [0.269571773998905, 0.09777044900693, 0.3357600960007403, 0.09751622000476345, 0.09837043800507672, 0.22357387600641232, 0.5917625020083506, 0.4544319520064164, 0.4004454530077055, 0.5401367870072136, 0.6279821720090695, 0.4910240790050011, 0.7720306420087582, 0.7320587520080153, 0.6848673310014419, 0.8382383400021354, 0.8739107450091979, 1.0694675749982707, 0.9254291070101317, 1.0258247010060586, 0.9742556300043361, 1.154881367998314, 1.106787096010521, 1.2108173690066906, 1.2572791240090737, 1.6950198480044492, 1.3981008410046343, 1.3062391970015597, 1.3522118420078186, 1.6185088600032032, 1.4570887070003664, 1.7445604860113235, 1.519546565003111, 1.5756880060071126, 1.6534448750026058, 1.8096468590083532, 1.858404179001809, 1.9411634800053434, 1.902170447006938, 2.594744187008473, 2.6381736129987985, 2.2883444020117167, 2.07334018900292, 1.996364334001555, 2.0317324540083064, 2.136557621008251, 2.1741184780112235, 2.2091445660043973, 2.322990366999875, 2.363354008004535, 2.4965063340059714, 2.5465851410117466, 2.423582603005343, 2.4601009110047016, 2.682599250008934, 2.7623110480053583, 2.721630478001316, 2.8115794810000807, 2.8649023000034504, 3.0487652989977505, 2.9253140939981677, 2.92488806899928, 3.009749370001373, 3.0904348360054428, 3.16263718000846, 3.1979751070030034, 3.2391653079976095, 3.827465371010476, 3.3422530300013022, 3.281552936998196, 3.4815205070044613, 3.3956507410039194, 3.517408633008017, 3.443171771010384, 3.5688327660027426, 3.625923939005588, 3.730918630011729, 3.9685722770082066, 3.6845121509977616, 3.7310908750077942, 3.864567619006266, 3.92813997300982, 4.012034732004395, 4.065493782007252, 4.1516827500017826, 4.10573496100551, 4.254357048004749, 4.293990504011163, 4.212302083004033, 4.349255729001015, 4.385172485999647, 4.436211790001835, 4.493702940002549, 4.539457963997847, 4.591608825008734, 4.6641121770080645, 4.62931923600263, 4.70561626800918, 4.747597787005361, 4.781884137002635], "final_accuracy": ["accuracy", 0.15789473684210525]}