{"trial_id": [0, 1, 2, 3, 4, 5, 6, 7, 8, 9, 10, 11, 12, 13, 14, 15, 16, 17, 18, 19, 20, 21, 22, 23, 24, 25, 26, 27, 28, 29, 30, 31, 32, 33, 34, 35, 36, 37, 38, 39, 40, 41, 42, 43, 44, 45, 46, 47, 48, 49, 50, 51, 52, 53, 54, 55, 56, 57, 58, 59, 60, 61, 62, 63, 64, 65, 66, 67, 68, 69, 70, 71, 72, 73, 74, 75, 76, 77, 78, 79, 80, 81, 82, 83, 84, 85, 86, 87, 88, 89, 90, 91, 92, 93, 94, 95, 96, 97, 98, 99], "cv_accuracy": [0.43583340000000004, 0.0, 0.0, 0.0, 0.0, 0.0, 0.0, 0.0, 0.2933334, 0.5283332, 0.0, 0.0, 0.0, 0.42333319999999997, 0.0, 0.4224997999999999, 0.0, 0.0, 0.0, 0.0, 0.0, 0.0, 0.0, 0.0, 0.0, 0.43583340000000004, 0.0, 0.0, 0.3175002, 0.0, 0.0, 0.0, 0.0, 0.0, 0.4475002, 0.0, 0.0, 0.0, 0.0, 0.24916659999999996, 0.0, 0.0, 0.0, 0.0, 0.0, 0.0, 0.0, 0.0, 0.2666668, 0.0, 0.4091666, 0.0, 0.0, 0.0, 0.0, 0.0, 0.0, 0.0, 0.3441668, 0.40916680000000005, 0.4225, 0.0, 0.46333339999999995, 0.0, 0.0, 0.0, 0.4491666, 0.4233334, 0.0, 0.0, 0.0, 0.0, 0.0, 0.0, 0.0, 0.0, 0.0, 0.0, 0.45083339999999994, 0.0, 0.0, 0.0, 0.0, 0.0, 0.0, 0.0, 0.4616665999999999, 0.43583340000000004, 0.3166668, 0.0, 0.0, 0.4633332, 0.0, 0.0, 0.46249979999999996, 0.0, 0.0, 0.1733334, 0.0, 0.0], "timestamp": [0.33475296400138177, 0.23497510800370947, 0.279472018009983, 0.15538264700444415, 0.10558511700946838, 0.19802324600459542, 0.403396388006513, 0.44274292200861964, 0.7529261279996717, 1.1738375480053946, 0.4436046030023135, 0.5365670850005699, 0.6480286709993379, 0.8063484680023976, 0.6058761690073879, 0.7085166610049782, 0.849452909998945, 0.8935560640093172, 0.9480968600109918, 0.9978886460012291, 1.045074278008542, 1.090725134999957, 1.091130038999836, 1.223556440003449, 1.380596653005341, 1.4142450880026445, 1.503284923004685, 1.4566529000003356, 1.2984824320010375, 1.3373405680031283, 1.6116697750112507, 1.57176846000948, 1.6940072100114776, 1.655339200005983, 2.217054316002759, 1.7380639600014547, 1.8830233089975081, 1.843594635007321, 1.9275643110013334, 1.8050536200025817, 1.9269532620091923, 2.0525442189973546, 2.128969874000177, 2.0908734450058546, 2.168553838011576, 2.2579210810072254, 2.412288707011612, 2.371896363009, 2.5109344140073517, 2.327489775008871, 3.563233876004233, 2.451409084009356, 2.5669747670035576, 2.611567414001911, 2.654082583001582, 2.746457040004316, 2.7069888100086246, 2.803852340002777, 3.0161902630061377, 3.0159436399990227, 2.9145650069986004, 2.8715640190057456, 2.972206371006905, 3.114643484004773, 3.153562478008098, 3.217384176008636, 3.4761927600047784, 3.4308352600055514, 3.326648312009638, 3.274881871009711, 3.3775860570021905, 3.5137053159996867, 3.60359235299984, 3.6551372219983023, 3.708687270001974, 3.7999343650008086, 3.7553609750029864, 3.843412903006538, 4.908685136004351, 3.8944720050058095, 3.9518697680032346, 3.9937432240112685, 4.039265327999601, 4.0789497700025095, 4.129463325007237, 4.194399311003508, 4.329676057008328, 4.251142065011663, 4.370552198000951, 4.250820483997813, 4.426112262997776, 4.854980718999286, 4.5319133380107814, 4.572195914006443, 4.621017812009086, 4.492765683011385, 4.683384832998854, 4.763358461001189, 4.723581926999032, 4.801878709011362], "final_accuracy": ["accuracy", 0.15789473684210525]}