{"trial_id": [0, 1, 2, 3, 4, 5, 6, 7, 8, 9, 10, 11, 12, 13, 14, 15, 16, 17, 18, 19, 20, 21, 22, 23, 24, 25, 26, 27, 28, 29, 30, 31, 32, 33, 34, 35, 36, 37, 38, 39, 40, 41, 42, 43, 44, 45, 46, 47, 48, 49, 50, 51, 52, 53, 54, 55, 56, 57, 58, 59, 60, 61, 62, 63, 64, 65, 66, 67, 68, 69, 70, 71, 72, 73, 74, 75, 76, 77, 78, 79, 80, 81, 82, 83, 84, 85, 86, 87, 88, 89, 90, 91, 92, 93, 94, 95, 96, 97, 98, 99], "cv_accuracy": [0.0, 0.0, 0.528788, 0.0, 0.0, 0.43636359999999996, 0.4409092, 0.0, 0.0, 0.0, 0.49393940000000003, 0.3863638, 0.0, 0.0, 0.0, 0.0, 0.0, 0.0, 0.0, 0.36969719999999995, 0.0, 0.0, 0.0, 0.0, 0.0, 0.0, 0.31818179999999996, 0.0, 0.0, 0.0, 0.4227274, 0.0, 0.36969679999999994, 0.5484852, 0.0, 0.0893938, 0.0, 0.0, 0.0, 0.0, 0.0, 0.0, 0.0, 0.0, 0.0, 0.0, 0.3666666, 0.0, 0.0, 0.0, 0.0, 0.0, 0.0, 0.5469698000000001, 0.0, 0.0, 0.0, 0.0, 0.0, 0.0, 0.0, 0.0, 0.0, 0.0, 0.0, 0.0, 0.0, 0.0, 0.0, 0.0, 0.0, 0.4757576, 0.0, 0.0, 0.3166666, 0.0, 0.0893938, 0.510606, 0.0, 0.0, 0.0, 0.0, 0.0, 0.0, 0.0, 0.0, 0.0, 0.0, 0.5469698000000001, 0.0, 0.0, 0.0, 0.0, 0.0, 0.0, 0.0, 0.0, 0.0, 0.43939400000000006, 0.0], "timestamp": [0.10209260800911579, 0.1027834810083732, 0.2719513580086641, 0.18752701100311242, 0.22956047300249338, 0.5402128100104164, 0.6339554770092946, 0.45261145700351335, 0.4122879300120985, 0.36747200800164137, 0.7227187730022706, 0.820481650007423, 0.6700173800054472, 0.5776368530059699, 0.8647515840129927, 0.7844958460045746, 0.9512818300136132, 0.9087589830014622, 0.996784827002557, 1.1404943770030513, 1.0601087960094446, 1.1006382880004821, 1.182322798005771, 1.2230872040090617, 1.2647718470107066, 1.3347212360095, 1.5056482450017938, 1.3836584510136163, 1.4647784040134866, 1.424799966000137, 1.54997231400921, 1.6178798790060682, 2.217220983002335, 2.7521483070013346, 1.6705906200077152, 1.7107878620008705, 1.7614262870047241, 1.8220356130041182, 1.879713633999927, 1.918666416007909, 1.9685375230037607, 2.0299160960130394, 2.136319078010274, 2.0932735370006412, 2.1357356820080895, 2.2596810680115595, 2.4190607010095846, 2.332600003006519, 2.3765958700096235, 2.4613193870027317, 2.4622043460112764, 2.5772705070121447, 2.6661884230124997, 3.6181822520011337, 2.7074477240093984, 2.6258066550071817, 2.818420904004597, 2.8719944110052893, 2.9458876910066465, 2.8712161500006914, 2.9908279470109846, 3.0512578160123667, 3.14556778401311, 3.146023438006523, 3.103001737006707, 3.179626041004667, 3.2931584880134324, 3.3401565060048597, 3.4244868620007765, 3.386327552012517, 3.4635925900074653, 3.774083308002446, 3.539214291013195, 3.5871812350087566, 3.7098497150000185, 3.657688571009203, 3.817499287004466, 4.247174798001652, 3.8632942700060084, 3.8638033240131335, 3.9523332210083026, 4.0234709170035785, 4.064272117000655, 4.154161867001676, 4.11039323300065, 4.1951016200036975, 4.337470139013021, 4.301660149008967, 4.462518791013281, 4.390815491002286, 4.430340795006487, 4.517454738001106, 4.614702197010047, 4.575004833008279, 4.66781968100986, 4.742718372013769, 4.702884013007861, 4.784191108003142, 4.8617931050102925, 4.826491735002492], "final_accuracy": ["accuracy", 0.39473684210526316]}