{"trial_id": [0, 1, 2, 3, 4, 5, 6, 7, 8, 9, 10, 11, 12, 13, 14, 15, 16, 17, 18, 19, 20, 21, 22, 23, 24, 25, 26, 27, 28, 29, 30, 31, 32, 33, 34, 35, 36, 37, 38, 39, 40, 41, 42, 43, 44, 45, 46, 47, 48, 49, 50, 51, 52, 53, 54, 55, 56, 57, 58, 59, 60, 61, 62, 63, 64, 65, 66, 67, 68, 69, 70, 71, 72, 73, 74, 75, 76, 77, 78, 79, 80, 81, 82, 83, 84, 85, 86, 87, 88, 89, 90, 91, 92, 93, 94, 95, 96, 97, 98, 99], "cv_accuracy": [0.0, 0.4883334, 0.3158332, 0.5008332, 0.0, 0.0, 0.0, 0.0, 0.0, 0.4091666, 0.0, 0.0, 0.0, 0.31583339999999993, 0.0, 0.0, 0.2516668, 0.0, 0.0, 0.0, 0.0, 0.0, 0.0, 0.0, 0.0, 0.0, 0.48666659999999995, 0.0, 0.4483334, 0.0, 0.47500020000000004, 0.0, 0.475, 0.0, 0.0, 0.0, 0.40916680000000005, 0.0, 0.0, 0.0, 0.0, 0.0, 0.0, 0.0, 0.0, 0.0, 0.0, 0.3416666, 0.0, 0.0, 0.0, 0.0, 0.5149998, 0.0, 0.1733334, 0.0, 0.0, 0.0, 0.0, 0.1733334, 0.0, 0.1733334, 0.3966668, 0.5149999999999999, 0.0, 0.5283334, 0.0, 0.0, 0.0, 0.43583340000000004, 0.35583339999999997, 0.0, 0.0, 0.0, 0.0, 0.43499999999999994, 0.0, 0.0, 0.0, 0.0, 0.5249998, 0.3291666, 0.0, 0.0, 0.0, 0.0, 0.0, 0.0, 0.0, 0.0, 0.1733334, 0.0, 0.1733334, 0.0, 0.0, 0.0, 0.0, 0.0, 0.0, 0.1733334], "timestamp": [0.19073309999657795, 0.6858746219950262, 0.2545274059957592, 0.2983425169950351, 0.10175151999283116, 0.10257110299426131, 0.3939362069941126, 0.3932109069864964, 0.34681140098837204, 0.649369469989324, 0.5066716000001179, 0.5635681589919841, 0.6096318099880591, 1.0382457569940016, 0.7454156909952872, 0.811139393990743, 0.8952397449902492, 0.9397683509887429, 0.8510393469914561, 0.9830207599879941, 1.1374613699881593, 1.0942823929945007, 1.1772630849882262, 1.272961728987866, 1.2256954769982258, 1.3139271899999585, 1.5241793839959428, 1.395627212987165, 1.955576440988807, 1.3948873379995348, 1.7564945409976644, 1.4792068759998074, 2.0362733419897268, 1.653802826986066, 1.605776596989017, 1.6542035799939185, 1.8624626829987392, 1.9166433020000113, 1.8240638579882216, 1.991829433987732, 2.12862736498937, 2.085767880998901, 2.191294337986619, 2.2638251399912406, 2.191057407995686, 2.312447386997519, 2.36362663199543, 2.4143063589872327, 2.5156877739937045, 2.515421742995386, 2.46774267598812, 2.596828491994529, 3.2914224329870194, 2.645031954991282, 2.702996191990678, 2.7478010039922083, 2.822126989995013, 2.7894878789957147, 2.872948968986748, 2.938816202993621, 2.9867836899938993, 3.028509566996945, 3.187400118986261, 3.3878087060002144, 3.0882115679996787, 4.933283654987463, 3.1417908069997793, 3.250852646990097, 3.3381308669922873, 3.442745695996564, 3.4767555329890456, 3.5172277679957915, 3.57114867499331, 3.610659117999603, 3.672404861994437, 3.7617573059978895, 3.703996981988894, 3.8420330769877182, 3.799058354998124, 3.9178003949928097, 4.531056148989592, 4.103750429989304, 3.99206291999144, 3.9181695569859585, 4.148978776996955, 4.2028009349887725, 4.062428950986941, 4.261648286992568, 4.305288322997512, 4.305617329999222, 4.403637082999921, 4.456081830998301, 4.576326072987285, 4.498922755999956, 4.633157121992554, 4.700974335995852, 4.744480500987265, 4.773800707000191, 4.812913788991864, 4.841496705994359], "final_accuracy": ["accuracy", 0.21052631578947367]}