{"trial_id": [0, 1, 2, 3, 4, 5, 6, 7, 8, 9, 10, 11, 12, 13, 14, 15, 16, 17, 18, 19, 20, 21, 22, 23, 24, 25, 26, 27, 28, 29, 30, 31, 32, 33, 34, 35, 36, 37, 38, 39, 40, 41, 42, 43, 44, 45, 46, 47, 48, 49, 50, 51, 52, 53, 54, 55, 56, 57, 58, 59, 60, 61, 62, 63, 64, 65, 66, 67, 68, 69, 70, 71, 72, 73, 74, 75, 76, 77, 78, 79, 80, 81, 82, 83, 84, 85, 86, 87, 88, 89, 90, 91, 92, 93, 94, 95, 96, 97, 98, 99], "cv_accuracy": [0.0, 0.0, 0.0, 0.0, 0.0, 0.0, 0.2258332, 0.0, 0.0, 0.0, 0.0, 0.0, 0.0, 0.0, 0.0, 0.5266666000000001, 0.0, 0.0, 0.0, 0.2258332, 0.0, 0.0, 0.4733332, 0.0, 0.2258332, 0.2608332, 0.0, 0.395, 0.5125, 0.0, 0.5275000000000001, 0.0, 0.0, 0.0, 0.0, 0.5516666, 0.0, 0.0, 0.0, 0.0, 0.0, 0.0, 0.0, 0.0, 0.0, 0.0, 0.0, 0.0, 0.0, 0.0, 0.0, 0.0, 0.0, 0.3833334, 0.0, 0.4841668, 0.0, 0.0, 0.5275000000000001, 0.0, 0.0, 0.54, 0.5266666000000001, 0.0, 0.4208332, 0.0, 0.0, 0.0, 0.0, 0.0, 0.4216666, 0.0, 0.32583320000000005, 0.2899999999999999, 0.0, 0.2258332, 0.5383332000000001, 0.2774998, 0.0, 0.0, 0.0, 0.0, 0.0, 0.0, 0.4999998, 0.0, 0.4466666, 0.0, 0.0, 0.0, 0.0, 0.5391668000000001, 0.0, 0.0, 0.0, 0.0, 0.2258332, 0.0, 0.0, 0.0], "timestamp": [0.1464406450104434, 0.3017603620100999, 0.09367456700420007, 0.18602589001238812, 0.18655632001173217, 0.18305980300647207, 0.42634851900220383, 0.47358435101341456, 0.5119812390039442, 0.5491719340061536, 0.5124479540099856, 0.38292493601329625, 0.6614410120091634, 0.7071607600082643, 0.7964494050102076, 0.9082163310085889, 0.8397515540127642, 0.7506428750057239, 0.9086724670050899, 0.9927923810028005, 1.0305642470048042, 1.0791407830110984, 1.1233209040074144, 1.1917848080047406, 1.2310217949998332, 1.3146752180036856, 1.2748853790108114, 1.3603841130097862, 1.4137513820023742, 1.4766763510124292, 1.7072061050130287, 1.520624532000511, 1.5645834050083067, 1.6055089800065616, 1.6510772650071885, 2.235194594002678, 1.7625122560129967, 1.8979003679996822, 1.8067483570048353, 1.8511922850011615, 1.94491063800524, 2.0039244900108315, 2.050606939010322, 2.0914232860086486, 2.1383211000065785, 2.1823166890098946, 2.2808422510133823, 2.329946846002713, 2.366847270008293, 2.4210431480023544, 2.4603640620043734, 2.5175359210115857, 2.56203960601124, 2.8715473690099316, 2.61164264701074, 2.983756189001724, 2.6624098390020663, 2.724989683003514, 2.911676597999758, 2.779834701999789, 2.828186361002736, 3.227504542010138, 3.276354773013736, 3.0756307290139375, 3.121828612012905, 3.0356550840078853, 3.1885972110030707, 3.360547629010398, 3.321471911011031, 3.395183115004329, 3.6133686370012583, 3.468092663009884, 3.814960184012307, 3.9352247470087605, 3.5719956130051287, 3.5205975440039765, 4.118375434001791, 3.6840686430077767, 3.7744400930096162, 3.7357187360030366, 3.8835381280077854, 4.015117568007554, 4.014932696009055, 3.935977723012911, 4.369150568003533, 4.183689741999842, 4.533678910011076, 4.267093078000471, 4.18344982599956, 4.322295747013413, 4.436606262010173, 4.888602750012069, 4.435800339007983, 4.574143660007394, 4.6127914110111305, 4.724453457005438, 4.680749042003299, 4.806925227007014, 4.851949250005418, 4.769541731002391], "final_accuracy": ["accuracy", 0.21052631578947367]}