{"trial_id": [0, 1, 2, 3, 4, 5, 6, 7, 8, 9, 10, 11, 12, 13, 14, 15, 16, 17, 18, 19, 20, 21, 22, 23, 24, 25, 26, 27, 28, 29, 30, 31, 32, 33, 34, 35, 36, 37, 38, 39, 40, 41, 42, 43, 44, 45, 46, 47, 48, 49, 50, 51, 52, 53, 54, 55, 56, 57, 58, 59, 60, 61, 62, 63, 64, 65, 66, 67, 68, 69, 70, 71, 72, 73, 74, 75, 76, 77, 78, 79, 80, 81, 82, 83, 84, 85, 86, 87, 88, 89, 90, 91, 92, 93, 94, 95, 96, 97, 98, 99], "cv_accuracy": [0.0, 0.42333319999999997, 0.0, 0.4483334, 0.43666659999999996, 0.0, 0.4483332, 0.40833320000000006, 0.0, 0.0, 0.0, 0.0, 0.0, 0.0, 0.0, 0.0, 0.0, 0.0, 0.0, 0.0, 0.0, 0.0, 0.0, 0.3833334, 0.0, 0.4741668, 0.0, 0.0, 0.0, 0.42333319999999997, 0.0, 0.0, 0.0, 0.0, 0.4491668, 0.0, 0.0, 0.0, 0.0, 0.475, 0.4358333999999999, 0.0, 0.4075002, 0.43666659999999996, 0.4741668, 0.22583340000000002, 0.0, 0.36750000000000005, 0.0, 0.3958334, 0.0, 0.4491668, 0.0, 0.0, 0.0, 0.0, 0.0, 0.0, 0.0, 0.0, 0.38333319999999993, 0.4741668, 0.0, 0.0, 0.0, 0.0, 0.2125, 0.4625, 0.0, 0.4741668, 0.42333319999999997, 0.0, 0.0, 0.0, 0.0, 0.0, 0.0, 0.4208332, 0.0, 0.0, 0.0, 0.0, 0.4741668, 0.0, 0.0, 0.37, 0.0, 0.0, 0.0, 0.4741668, 0.0, 0.0, 0.0, 0.0, 0.0, 0.0, 0.0, 0.0, 0.0, 0.475], "timestamp": [0.11482885599252768, 0.4309363959910115, 0.11443908899673261, 0.25597921799635515, 0.3074023239896633, 0.11412266700062901, 0.5114939769991906, 0.5463650589954341, 0.4316187629883643, 0.3911008009890793, 0.597733242000686, 0.7422277419973398, 0.7430703360005282, 0.6993666729977122, 0.8244461610011058, 0.6650553429935826, 0.8727074479975272, 1.0281610699894372, 0.9466823349939659, 1.0681655039952602, 0.9879337699967436, 1.10810746900097, 1.1455811569903744, 1.2667187069891952, 1.2237917879974702, 1.4296842990006553, 1.3133529319893569, 1.509791000993573, 1.3140315569908125, 1.58911235499545, 1.4676537619961891, 1.5519480709917843, 1.643177398989792, 1.7939656649978133, 1.9276910939952359, 1.7135387919988716, 1.8365297299897065, 1.7541178729879903, 1.8684057779901195, 2.113957768990076, 2.065789534986834, 1.9963761679973686, 2.636743575989385, 2.1631474460009485, 2.3221043169905897, 2.21980150899617, 2.2615824669919675, 3.0307135009934427, 2.361576545998105, 2.591912529998808, 2.4242843440006254, 2.6777382059954107, 2.4921408189984504, 2.5488476030004676, 2.727552399999695, 2.7804188699956285, 2.8281519009906333, 2.8747494549897965, 2.9106064469960984, 2.9682967949920567, 3.3585881299950415, 3.2141935939871473, 3.1132279919984285, 3.0701101669983473, 3.1711678819992812, 3.2711747769935755, 3.3145831149886362, 3.4535640999965835, 3.4140696429967647, 3.603276244990411, 3.6026165099901846, 3.515393032997963, 3.5616710639878875, 3.698731205993681, 3.698353911997401, 3.7977205509960186, 3.847516914989683, 3.9426429070008453, 3.8853111899952637, 3.9834480409917887, 4.026821886989637, 4.0787402499991, 4.895541958991089, 4.128834521994577, 4.191535506994114, 4.862737566989381, 4.234475317993201, 4.285727403999772, 4.33226316398941, 4.545295544987312, 4.40967520599952, 4.460175998989143, 4.498390805994859, 4.615864615989267, 4.712260164000327, 4.66929559399432, 4.75045923498692, 4.81557597698702, 4.895765716995811, 4.967748273993493], "final_accuracy": ["accuracy", 0.42105263157894735]}