{"trial_id": [0, 1, 2, 3, 4, 5, 6, 7, 8, 9, 10, 11, 12, 13, 14, 15, 16, 17, 18, 19, 20, 21, 22, 23, 24, 25, 26, 27, 28, 29, 30, 31, 32, 33, 34, 35, 36, 37, 38, 39, 40, 41, 42, 43, 44, 45, 46, 47, 48, 49, 50, 51, 52, 53, 54, 55, 56, 57, 58, 59, 60, 61, 62, 63, 64, 65, 66, 67, 68, 69, 70, 71, 72, 73, 74, 75, 76, 77, 78, 79, 80, 81, 82, 83, 84, 85, 86, 87, 88, 89, 90, 91, 92, 93, 94, 95, 96, 97, 98, 99], "cv_accuracy": [0.0, 0.0, 0.0, 0.0, 0.0, 0.0, 0.0, 0.0, 0.0, 0.0, 0.0, 0.0, 0.0, 0.0, 0.0, 0.0, 0.0, 0.0, 0.0, 0.0, 0.0, 0.0, 0.4774999999999999, 0.0, 0.0, 0.0, 0.3175, 0.0, 0.0, 0.0, 0.0, 0.4891666, 0.0, 0.0, 0.0, 0.0, 0.41, 0.0, 0.0, 0.5000001999999999, 0.0, 0.3958332, 0.0, 0.0, 0.475, 0.0, 0.0, 0.0, 0.0, 0.5008334000000001, 0.0, 0.0, 0.0, 0.0, 0.0, 0.0, 0.0, 0.43583340000000004, 0.0, 0.0, 0.0, 0.0, 0.0, 0.0, 0.0, 0.0, 0.0, 0.0, 0.0, 0.0, 0.4091666, 0.0, 0.0, 0.0, 0.4091666, 0.0, 0.0, 0.0, 0.4766668, 0.0125, 0.0, 0.0, 0.0, 0.47583339999999996, 0.0, 0.0, 0.0, 0.475, 0.23916659999999998, 0.4758332, 0.0, 0.0, 0.0, 0.0, 0.5541668000000001, 0.0, 0.0, 0.0, 0.5150002, 0.0], "timestamp": [0.18230324299656786, 0.22270738100633025, 0.10122922599839512, 0.18067238200455904, 0.14352985299774446, 0.10162392100028228, 0.5507040619995678, 0.4320429579966003, 0.5884999910049373, 0.51271149799868, 0.4729471989994636, 0.376879535993794, 0.6534987880004337, 0.7100516329956008, 0.8664587079983903, 0.7920372929947916, 0.7912613280059304, 0.7488043880002806, 0.9261564210028155, 1.0279268459999003, 0.9878415809944272, 1.1204691029997775, 2.0026322689955123, 1.027401633997215, 1.1620683049986837, 1.2703216600057203, 1.3630681430076947, 1.2209681480017025, 1.7710172969964333, 1.3170823029940948, 1.4232449400005862, 1.6681074240041198, 1.528973168999073, 1.4658656499959761, 1.6167002779984614, 1.5715628350008046, 1.810620664007729, 1.7298821629956365, 1.8495967969938647, 2.5503907469974365, 1.965855795002426, 2.046554038999602, 2.0842201490013395, 1.9264733390009496, 2.500545264003449, 2.246705080004176, 2.2088321299961535, 2.2933135259954724, 2.1668218599952525, 2.6023840630077757, 2.454471581004327, 2.369553847995121, 2.4099176229938166, 2.6487816510052653, 2.6878192239964847, 2.732763423002325, 2.7805331370036583, 3.125553140998818, 2.8482053589978023, 2.9372699649975402, 2.8960791309946217, 2.9760696820012527, 3.0212319400015986, 3.0876424760062946, 3.172872990005999, 3.2190155340067577, 3.254555634994176, 3.2947054840042256, 3.3697437289956724, 3.425888590005343, 3.791242987004807, 3.5414835609990405, 3.426211312005762, 3.5030851640040055, 3.751292475993978, 3.629922093998175, 3.67295842099702, 3.7122932610072894, 4.054629456994007, 4.092735865007853, 3.96491783100646, 3.877972750007757, 3.9198727010079892, 4.004402436999953, 4.24641478000558, 4.15844985700096, 4.208323091996135, 4.40036172499822, 4.341761475996464, 4.300591195002198, 4.3997646890056785, 4.539831251997384, 4.488898476003669, 4.58181818400044, 4.840165717003401, 4.684228469996015, 4.636984497003141, 4.720963807994849, 4.895031164996908, 4.763735262997216], "final_accuracy": ["accuracy", 0.21052631578947367]}