{"trial_id": [0, 1, 2, 3, 4, 5, 6, 7, 8, 9, 10, 11, 12, 13, 14, 15, 16, 17, 18, 19, 20, 21, 22, 23, 24, 25, 26, 27, 28, 29, 30, 31, 32, 33, 34, 35, 36, 37, 38, 39, 40, 41, 42, 43, 44, 45, 46, 47, 48, 49, 50, 51, 52, 53, 54, 55, 56, 57, 58, 59, 60, 61, 62, 63, 64, 65, 66, 67, 68, 69, 70, 71, 72, 73, 74, 75, 76, 77, 78, 79, 80, 81, 82, 83, 84, 85, 86, 87, 88, 89, 90, 91, 92, 93, 94, 95, 96, 97, 98, 99], "cv_accuracy": [0.0, 0.0, 0.5, 0.0, 0.0, 0.0, 0.0, 0.0, 0.4216666, 0.0, 0.0, 0.0, 0.0, 0.0, 0.0, 0.0, 0.0, 0.0, 0.0, 0.4733332, 0.3816666000000001, 0.5008332, 0.0, 0.4874998, 0.0, 0.0, 0.0, 0.0, 0.5275000000000001, 0.0, 0.0, 0.0, 0.0, 0.0, 0.5516668, 0.0, 0.5791668, 0.0, 0.32999979999999995, 0.5266666000000001, 0.0, 0.5133332, 0.4875, 0.565, 0.0, 0.5141666, 0.0, 0.0, 0.0, 0.0, 0.5133332, 0.0, 0.0, 0.0, 0.0, 0.4874998, 0.0, 0.0, 0.0, 0.0, 0.0, 0.0, 0.4874998, 0.0, 0.0, 0.0, 0.3583332, 0.5408334, 0.0, 0.5541666000000001, 0.0, 0.5, 0.0, 0.0, 0.5133332, 0.0, 0.5133331999999999, 0.0, 0.0, 0.0, 0.0, 0.0, 0.46166660000000004, 0.0, 0.0, 0.0, 0.0, 0.5641666, 0.0, 0.0, 0.0, 0.4999998, 0.0, 0.0, 0.4608332, 0.5008332, 0.0, 0.0, 0.0, 0.5008332], "timestamp": [0.12281431799056008, 0.12206136899476405, 0.3730566699960036, 0.21289301000069827, 0.21335084199381527, 0.2964605429879157, 0.5425676109880442, 0.5023205049947137, 0.5419303219969152, 0.46230621098948177, 0.4164169680007035, 0.6497206069907406, 0.6942641380010173, 0.7420060439908411, 0.7831106959929457, 0.8727367649989901, 0.8311594759870786, 0.9279328470001929, 0.9730652699945495, 1.2571715909871273, 1.1741952879965538, 1.086590813996736, 1.0486566679901443, 1.2156588259967975, 1.137150971990195, 1.3154074049962219, 1.354663708989392, 1.40749818799668, 1.5028236079961061, 1.673729383997852, 1.4609702369925799, 1.5397566199972061, 1.576100733000203, 1.6251485099928686, 2.052324060990941, 1.729140979994554, 2.1648369549948256, 1.761555632998352, 1.881026433999068, 1.8319856189918937, 1.936407667992171, 2.0861487980000675, 1.990228593989741, 2.433116357991821, 2.123122331991908, 2.2451037369901314, 2.3556082229915773, 2.2456600709992927, 2.3922879999881843, 2.3241551779938163, 2.730174250988057, 2.524293194001075, 2.568508722994011, 2.568411110987654, 2.6370403670007363, 2.691271459989366, 2.839976539995405, 3.011566461995244, 2.957109135997598, 2.7993697189958766, 2.922765842988156, 2.882697102992097, 3.262499611999374, 3.1255489280010806, 3.0857748790003825, 3.169262802999583, 3.2091307079972466, 3.317434084994602, 3.3662633519998053, 3.5052315189968795, 3.447394398986944, 3.405489521988784, 3.543506324989721, 3.589292333999765, 3.6943593100004364, 3.644739897994441, 3.7368169199908152, 3.783824255995569, 3.8234372500010068, 3.8661573139979737, 3.9274109909893014, 3.980342523995205, 4.207223207995412, 4.026319841999793, 4.104417431997717, 4.06447527599812, 4.165919772000052, 4.860422055993695, 4.347270368991303, 4.310913404988241, 4.266591152991168, 4.456730140998843, 4.405962248987635, 4.506030931996065, 4.689839431986911, 4.553149116996792, 4.607367620992591, 4.655227362993173, 4.730956779996632, 4.771251692000078], "final_accuracy": ["accuracy", 0.21052631578947367]}