{"trial_id": [0, 1, 2, 3, 4, 5, 6, 7, 8, 9, 10, 11, 12, 13, 14, 15, 16, 17, 18, 19, 20, 21, 22, 23, 24, 25, 26, 27, 28, 29, 30, 31, 32, 33, 34, 35, 36, 37, 38, 39, 40, 41, 42, 43, 44, 45, 46, 47, 48, 49, 50, 51, 52, 53, 54, 55, 56, 57, 58, 59, 60, 61, 62, 63, 64, 65, 66, 67, 68, 69, 70, 71, 72, 73, 74, 75, 76, 77, 78, 79, 80, 81, 82, 83, 84, 85, 86, 87, 88, 89, 90, 91, 92, 93, 94, 95, 96, 97, 98, 99], "cv_accuracy": [0.0, 0.0, 0.0, 0.0, 0.0, 0.0, 0.0, 0.0650002, 0.0, 0.0, 0.0, 0.0, 0.4333332, 0.0, 0.0, 0.0, 0.0, 0.44749999999999995, 0.4216666, 0.0, 0.0, 0.0, 0.4608334, 0.0, 0.37000019999999995, 0.0, 0.0, 0.0, 0.0, 0.0, 0.0, 0.0, 0.0, 0.4341668, 0.0, 0.0, 0.0, 0.0, 0.0, 0.475, 0.0, 0.0, 0.0, 0.4341666, 0.4608334, 0.3824998, 0.0, 0.4483334, 0.0, 0.0, 0.0, 0.4216668, 0.0, 0.0, 0.0, 0.0, 0.4491666, 0.43499999999999994, 0.4483334, 0.0, 0.0, 0.0, 0.0, 0.0, 0.0, 0.4491666, 0.4483334, 0.0, 0.4741668, 0.0, 0.0, 0.0, 0.5391668000000001, 0.0, 0.0, 0.44749999999999995, 0.0, 0.0, 0.0, 0.0, 0.0, 0.0, 0.0, 0.0, 0.0, 0.0, 0.0, 0.0, 0.0, 0.0, 0.47250000000000003, 0.4366666, 0.0, 0.0, 0.0, 0.0, 0.0, 0.4616668, 0.0, 0.0], "timestamp": [0.1126693630067166, 0.28715537300740834, 0.20658866899611894, 0.32509621599456295, 0.2040899419953348, 0.1130784249980934, 0.4760930860065855, 0.6196148650051327, 0.5576516559958691, 0.4764586740056984, 0.40215580399672035, 0.44031434500357136, 1.926910983005655, 0.7102247720031301, 0.6672993899992434, 0.7897472600016044, 0.7460992050037021, 0.9127996650058776, 3.4269195800006855, 0.9947409089945722, 0.9528893789974973, 0.8606822169967927, 1.0646129329979885, 1.1131001510075293, 1.2048521149990847, 1.1530039329954889, 1.2612856079940684, 1.3167936530080624, 1.35910621000221, 1.4001462640007958, 1.4576218870060984, 1.5153450399957364, 1.565162754006451, 1.8209216249961173, 1.6133122140017804, 1.6772912550077308, 1.7705279119982151, 1.733439873001771, 1.8715523050050251, 2.1145308099949034, 1.9721820760023547, 2.0552677910018247, 2.018084996001562, 2.2775739960052306, 2.3266796090028947, 2.59200273299939, 2.17579991700768, 2.236440250999294, 2.364049084004364, 2.4334586600016337, 2.476956619997509, 2.7635194339964073, 2.522994273007498, 2.637612396996701, 2.7246273119963007, 2.6833689930062974, 2.8241804910067003, 2.87744727700192, 2.98649925099744, 2.9157915859977948, 2.9164716780069284, 3.0491485389939044, 3.1149737509986153, 3.1144877930055372, 3.1874213849951047, 3.2507550529990112, 3.2922393619955983, 3.3846329619991593, 3.574502069997834, 3.3489305109978886, 3.535471345996484, 3.4786689530010335, 4.204706083997735, 3.6246017520024907, 3.665241819995572, 3.881164701000671, 4.020524177001789, 3.733003956003813, 3.9243729050067486, 3.7735119809949538, 3.9663322510023136, 3.8449034939985722, 4.118945462003467, 4.0754110910056625, 4.247902910006815, 4.16323133300466, 4.287743270004285, 4.352138714995817, 4.392959217002499, 4.448809135006741, 5.011617405994912, 4.647796819001087, 4.490900096003315, 4.607954360995791, 4.555817262997152, 4.734157667000545, 4.689732692000689, 4.813841551003861, 4.77945740200812, 4.939247949005221], "final_accuracy": ["accuracy", 0.21052631578947367]}