{"trial_id": [0, 1, 2, 3, 4, 5, 6, 7, 8, 9, 10, 11, 12, 13, 14, 15, 16, 17, 18, 19, 20, 21, 22, 23, 24, 25, 26, 27, 28, 29, 30, 31, 32, 33, 34, 35, 36, 37, 38, 39, 40, 41, 42, 43, 44, 45, 46, 47, 48, 49, 50, 51, 52, 53, 54, 55, 56, 57, 58, 59, 60, 61, 62, 63, 64, 65, 66, 67, 68, 69, 70, 71, 72, 73, 74, 75, 76, 77, 78, 79, 80, 81, 82, 83, 84, 85, 86, 87, 88, 89, 90, 91, 92, 93, 94, 95, 96, 97, 98, 99], "cv_accuracy": [0.0, 0.0, 0.0, 0.0, 0.0, 0.0, 0.0, 0.0, 0.0, 0.0, 0.0, 0.0, 0.0, 0.0, 0.0, 0.0, 0.0, 0.0, 0.0, 0.0, 0.5121214000000001, 0.5787882, 0.0, 0.0, 0.0, 0.0, 0.3348484, 0.0, 0.0, 0.0, 0.0, 0.0, 0.0, 0.0, 0.0, 0.5121214000000001, 0.0, 0.0, 0.0, 0.0, 0.0, 0.0, 0.0, 0.0, 0.0, 0.0, 0.0, 0.0, 0.2454544, 0.4772728, 0.0, 0.0, 0.0, 0.5106062, 0.0, 0.45757580000000003, 0.0, 0.0, 0.0, 0.0, 0.0, 0.45757580000000003, 0.0, 0.0, 0.0, 0.0, 0.0, 0.0, 0.0, 0.3363636, 0.0, 0.0, 0.0, 0.0, 0.0, 0.0, 0.0, 0.0, 0.0, 0.0, 0.0, 0.0, 0.0, 0.5121214000000001, 0.0, 0.0, 0.0, 0.0, 0.0, 0.0, 0.0, 0.0, 0.0, 0.0, 0.54697, 0.0, 0.5121214000000001, 0.0, 0.0, 0.0], "timestamp": [0.10231476101034787, 0.2746135740017053, 0.27499002500553615, 0.1014966020011343, 0.10204285199870355, 0.14470302600238938, 0.4050583850039402, 0.4055057250079699, 0.5605201700091129, 0.48486246600805316, 0.5600612130074296, 0.48377293000521604, 0.7242129670048598, 0.7634012350026751, 0.8408834520087112, 0.798570771003142, 0.8832207350060344, 0.683980469009839, 0.9647179650055477, 0.9641204600047786, 1.4212064010062022, 1.3761890530004166, 1.0495311560080154, 1.0868776310089743, 1.1794551190105267, 1.223744233007892, 1.3203087770089041, 1.224331389006693, 1.4641021700081183, 1.5470965720014647, 1.511444579999079, 1.604680593998637, 1.6590846790059004, 1.7004363290034235, 1.7593055400066078, 2.1354951380053535, 1.8934901309985435, 1.8033163670042995, 1.9365942120057298, 1.8569747639994603, 2.001945841999259, 2.047741311005666, 2.215530667002895, 2.176466270000674, 2.0993670120078605, 2.2814952440094203, 2.33585652000329, 2.4227202070032945, 2.658002452997607, 2.6985345220018644, 2.3809994330076734, 2.4874532960093347, 2.548795692011481, 2.7873654069990152, 2.548566882003797, 2.8682621260086307, 2.786950755005819, 2.7428472290048376, 2.9839789180114167, 2.945584893008345, 3.0309678920020815, 3.2658692140103085, 3.1047872549970634, 3.0591029680072097, 3.2277299639972625, 3.189880385005381, 3.3900246050034184, 3.3022429260017816, 3.3481919470068533, 3.5093034930032445, 3.469330355001148, 3.5877485280070687, 3.5097344200039515, 3.6690414370095823, 3.6307811940059764, 3.7599863020004705, 3.8402892040030565, 3.76014452399977, 3.840770724011236, 3.9715977540035965, 3.8412303070072085, 4.131856655003503, 4.092419952998171, 4.524916617010604, 4.172187406002195, 4.052652669008239, 4.218672718998278, 4.338882538009784, 4.4114502200100105, 4.302242346006096, 4.303014739998616, 4.464286426999024, 4.670200419001048, 4.619150062004337, 4.843151738998131, 4.571978553009103, 4.89378713699989, 4.724861137001426, 4.765110022999579, 4.803065248008352], "final_accuracy": ["accuracy", 0.34210526315789475]}