{"trial_id": [0, 1, 2, 3, 4, 5, 6, 7, 8, 9, 10, 11, 12, 13, 14, 15, 16, 17, 18, 19, 20, 21, 22, 23, 24, 25, 26, 27, 28, 29, 30, 31, 32, 33, 34, 35, 36, 37, 38, 39, 40, 41, 42, 43, 44, 45, 46, 47, 48, 49, 50, 51, 52, 53, 54, 55, 56, 57, 58, 59, 60, 61, 62, 63, 64, 65, 66, 67, 68, 69, 70, 71, 72, 73, 74, 75, 76, 77, 78, 79, 80, 81, 82, 83, 84, 85, 86, 87, 88, 89, 90, 91, 92, 93, 94, 95, 96, 97, 98, 99], "cv_accuracy": [0.175, 0.125, 0.1375, 0.125, 0.175, 0.1375, 0.13125, 0.125, 0.15625, 0.18125, 0.175, 0.1375, 0.175, 0.16875, 0.15625, 0.175, 0.15625, 0.16875, 0.1375, 0.18125, 0.175, 0.16875, 0.16875, 0.175, 0.16875, 0.125, 0.1375, 0.175, 0.16875, 0.1375, 0.1625, 0.175, 0.15625, 0.13125, 0.16875, 0.125, 0.19375, 0.1375, 0.15625, 0.13125, 0.15625, 0.125, 0.125, 0.1375, 0.125, 0.1375, 0.125, 0.18125, 0.1375, 0.16875, 0.13125, 0.16875, 0.18125, 0.1375, 0.13125, 0.15625, 0.16875, 0.18125, 0.16875, 0.13125, 0.15625, 0.13125, 0.1375, 0.16875, 0.125, 0.125, 0.13125, 0.18125, 0.1375, 0.13125, 0.175, 0.16875, 0.175, 0.13125, 0.13125, 0.15625, 0.15625, 0.125, 0.1375, 0.1375, 0.175, 0.13125, 0.1375, 0.125, 0.175, 0.1375, 0.125, 0.1375, 0.125, 0.1375, 0.175, 0.16875, 0.1375, 0.125, 0.1375, 0.125, 0.175, 0.125, 0.16875, 0.16875], "timestamp": [0.24501040398899931, 0.08447216798958834, 0.198499844991602, 0.1233554579957854, 0.4425616079970496, 0.2889071929967031, 0.361905787998694, 0.3994106319878483, 0.522062564996304, 0.6795397690002574, 1.1691770649922546, 0.5714355629897909, 0.6040008169948123, 0.643212067996501, 0.8273624439898413, 0.867574521995266, 0.9224187869986054, 1.0754093919968, 0.766451731993584, 1.1258793269953458, 1.2305985649873037, 0.9911148369865259, 1.0281663879868574, 1.438469996995991, 1.265891125993221, 1.3160761109902523, 1.4022556849959074, 1.525330219999887, 1.5639455599884968, 1.6332831740000984, 1.437956639987533, 1.8826372389885364, 1.7478350249875803, 1.6779071289929561, 1.802686058988911, 1.975336890987819, 2.3238434869999764, 1.8025091749877902, 2.0598165759874973, 2.1838028539932566, 2.134787454997422, 1.944882237992715, 2.094943421994685, 2.238543473999016, 2.2809360869869124, 2.4467667439894285, 2.3727788739925018, 2.763696694993996, 2.6037418659980176, 2.5397157199913636, 2.499843798999791, 2.653895333991386, 2.7083208689873572, 2.8197088269953383, 3.4387421639985405, 2.857905390992528, 2.980247678991873, 3.1721102539886488, 2.91744070299319, 3.0361923999880673, 3.131615234990022, 3.0919583429931663, 3.2808427309937542, 3.222541231996729, 3.3854962449986488, 3.330453463990125, 3.473458351989393, 3.698146860988345, 3.643519273988204, 3.540893857993069, 3.597547687997576, 4.210656299997936, 3.8405205359886168, 3.767134150999482, 3.7668175359867746, 3.9531776269868715, 3.918495278994669, 3.9533421349915443, 4.043236619996605, 4.153555955999764, 4.347459579992574, 4.263317722987267, 4.3121057499956805, 4.100664737998159, 4.465569458989194, 4.398162287994637, 4.505714709986933, 4.854966138998861, 4.600472095000441, 4.5513391719869105, 5.106118685987894, 4.674848089998704, 4.7867209229880245, 4.724243587988894, 4.819389751995914, 4.901461677989573, 4.961264180994476, 5.017260691995034, 5.060149603988975, 5.15265542799898], "final_accuracy": ["accuracy", 0.1]}