{"trial_id": [0, 1, 2, 3, 4, 5, 6, 7, 8, 9, 10, 11, 12, 13, 14, 15, 16, 17, 18, 19, 20, 21, 22, 23, 24, 25, 26, 27, 28, 29, 30, 31, 32, 33, 34, 35, 36, 37, 38, 39, 40, 41, 42, 43, 44, 45, 46, 47, 48, 49, 50, 51, 52, 53, 54, 55, 56, 57, 58, 59, 60, 61, 62, 63, 64, 65, 66, 67, 68, 69, 70, 71, 72, 73, 74, 75, 76, 77, 78, 79, 80, 81, 82, 83, 84, 85, 86, 87, 88, 89, 90, 91, 92, 93, 94, 95, 96, 97, 98, 99], "cv_accuracy": [0.1125, 0.11875, 0.16875, 0.1125, 0.1125, 0.11875, 0.1125, 0.15, 0.1125, 0.1125, 0.15, 0.1125, 0.14375, 0.15, 0.1125, 0.1375, 0.15625, 0.1125, 0.1125, 0.1125, 0.1125, 0.1125, 0.1375, 0.1125, 0.11875, 0.1125, 0.11875, 0.11875, 0.1125, 0.1125, 0.15625, 0.1125, 0.1125, 0.1125, 0.1625, 0.11875, 0.1125, 0.1375, 0.1125, 0.1125, 0.15625, 0.15, 0.1125, 0.15, 0.1125, 0.1125, 0.15, 0.15625, 0.1125, 0.1125, 0.1125, 0.11875, 0.1125, 0.1125, 0.1125, 0.15, 0.15625, 0.175, 0.1125, 0.1125, 0.20625, 0.15, 0.1125, 0.1125, 0.1125, 0.1125, 0.1125, 0.1125, 0.15, 0.1375, 0.16875, 0.1125, 0.1375, 0.1125, 0.2, 0.2, 0.1125, 0.11875, 0.15625, 0.11875, 0.1125, 0.1125, 0.15625, 0.11875, 0.1125, 0.1125, 0.1375, 0.15, 0.16875, 0.1125, 0.1375, 0.1125, 0.15625, 0.15625, 0.20625, 0.1125, 0.14375, 0.1125, 0.1125, 0.15], "timestamp": [0.22136436200526077, 0.17221786500886083, 0.5130005660030292, 0.11352583800908178, 0.06790108000859618, 0.5755076440109406, 0.26131046400405467, 0.6212566559988772, 0.320940518999123, 0.3815343390015187, 0.46061903300869744, 0.42242539500875864, 1.0867467049974948, 0.7262603030103492, 0.6725037020078162, 0.8585640590026742, 0.9564156420092331, 0.7832657580001978, 0.8195251500001177, 0.9062160379980924, 1.0408313030056888, 1.127493357998901, 1.1986871010012692, 1.0057277730084024, 1.4361059570073849, 1.288117144998978, 1.324503159004962, 1.3855755910044536, 1.1985151400003815, 1.4813562120107235, 1.7734357540030032, 1.5598706590099027, 1.4818565390014555, 2.019282954002847, 1.8667983199993614, 1.6990425999974832, 1.6395419809996383, 1.8311061109998263, 1.7312456280051265, 1.9231705270067323, 2.3143063400057144, 1.9568876340053976, 2.1769027130067116, 2.1178948590095388, 2.2467739740095567, 2.056292230001418, 2.4019873200013535, 3.010130410999409, 2.21272140200017, 2.3711298600101145, 2.446684302005451, 2.5341839540051296, 2.4852304640080547, 2.646988863009028, 2.603235340997344, 2.7089894790115068, 3.177784490006161, 2.859445725000114, 2.7415027560055023, 2.7935408230114263, 3.507631165004568, 2.9637065779970726, 2.8949682350066723, 3.055925330001628, 3.0940382109984057, 3.1379201840027235, 3.2310460500011686, 3.292775445006555, 3.4170107430109056, 3.5992412740015425, 3.9816269849980017, 3.4485609289986314, 3.3816290730028413, 3.5632991550082806, 3.9787733380071586, 3.7729534009995405, 3.6815229580097366, 3.7192629760102136, 4.077541007005493, 4.427775477000978, 3.865412692000973, 3.8289709800010314, 4.126477537007304, 3.9489405909989728, 4.181748094008071, 4.236152872006642, 4.471883164005703, 4.384975538006984, 5.119175108004129, 4.285382000001846, 4.595095550001133, 4.344053471009829, 4.700751950003905, 4.954453284008196, 4.9996082940051565, 4.545512759999838, 4.8152509840001585, 4.655860544997267, 4.7608227919990895, 4.879484971999773], "final_accuracy": ["accuracy", 0.275]}