{"trial_id": [0, 1, 2, 3, 4, 5, 6, 7, 8, 9, 10, 11, 12, 13, 14, 15, 16, 17, 18, 19, 20, 21, 22, 23, 24, 25, 26, 27, 28, 29, 30, 31, 32, 33, 34, 35, 36, 37, 38, 39, 40, 41, 42, 43, 44, 45, 46, 47, 48, 49, 50, 51, 52, 53, 54, 55, 56, 57, 58, 59, 60, 61, 62, 63, 64, 65, 66, 67, 68, 69, 70, 71, 72, 73, 74, 75, 76, 77, 78, 79, 80, 81, 82, 83, 84, 85, 86, 87, 88, 89, 90, 91, 92, 93, 94, 95, 96, 97, 98, 99], "cv_accuracy": [0.14375, 0.23125, 0.15625, 0.15, 0.14375, 0.15, 0.14375, 0.14375, 0.19375, 0.15625, 0.1875, 0.14375, 0.15, 0.20625, 0.15625, 0.2375, 0.19375, 0.15625, 0.15625, 0.15, 0.15625, 0.1875, 0.15, 0.19375, 0.225, 0.2, 0.15625, 0.19375, 0.24375, 0.2, 0.14375, 0.14375, 0.15625, 0.20625, 0.15, 0.15625, 0.15, 0.15625, 0.15625, 0.15625, 0.1875, 0.16875, 0.15625, 0.24375, 0.19375, 0.15625, 0.15625, 0.15625, 0.15625, 0.14375, 0.15625, 0.19375, 0.2, 0.19375, 0.14375, 0.15625, 0.15625, 0.15, 0.2, 0.14375, 0.15625, 0.2125, 0.14375, 0.14375, 0.14375, 0.19375, 0.19375, 0.14375, 0.15625, 0.19375, 0.1875, 0.14375, 0.15, 0.15625, 0.14375, 0.14375, 0.19375, 0.15, 0.1875, 0.15, 0.15625, 0.14375, 0.15625, 0.14375, 0.15, 0.15, 0.15, 0.15625, 0.24375, 0.14375, 0.14375, 0.14375, 0.2, 0.19375, 0.15, 0.14375, 0.15625, 0.14375, 0.14375, 0.15], "timestamp": [0.1364688589965226, 1.1406057730055181, 0.398386404995108, 0.508627429997432, 0.07896823500050232, 0.19119410500570666, 0.3467947110038949, 0.31234004799625836, 0.26575494499411434, 0.47137650099466555, 0.5524011490051635, 0.6553952569956891, 0.5972132720053196, 1.9267982120072702, 0.716331199000706, 0.9843551090016263, 1.071270098007517, 0.7624490019952646, 0.8312913319969084, 0.8891904949996388, 0.9443693520006491, 1.0341183450073004, 1.2404055520019028, 1.3160497100034263, 1.5119338509975933, 1.1757230770017486, 1.558009789994685, 1.349134125004639, 2.278852513001766, 1.7261255280027399, 1.4107359059998998, 1.4669096550060203, 1.6193327299988596, 1.8290088039939292, 1.6562617199961096, 1.870847001002403, 1.7767362239974318, 1.9779695780016482, 2.091690582994488, 2.216960568999639, 2.169986159002292, 2.1327133890008554, 2.04941744300595, 2.9053830890043173, 2.3472927849943517, 2.627821571993991, 2.461394191996078, 2.5393924730014987, 2.506378467005561, 2.402488916006405, 2.5782236740051303, 2.7881883369991556, 2.9359859849937493, 3.181637044006493, 2.6903713140054606, 2.7477188799966825, 2.847305913994205, 3.065343231006409, 3.2205872659978922, 2.936140756995883, 3.3323383609968005, 3.5487454300018726, 3.026897286006715, 3.220127306005452, 3.128016796996235, 3.365873771996121, 3.453535009000916, 3.3660636260028696, 3.512073637000867, 3.8515367999934824, 3.706354032998206, 3.600263400003314, 3.7556261319987243, 4.179712705998099, 3.7560076280060457, 3.665391422997345, 5.047521989006782, 3.9612095290067373, 3.9987608600058593, 3.9077438980020816, 4.044503519995487, 4.086568651997368, 4.2405776789964875, 4.14566944699618, 4.344558323995443, 4.2811756180017255, 4.473693945998093, 4.534223669004859, 4.649470474003465, 4.383099464001134, 4.4431055530003505, 4.587306119006826, 4.929881581003428, 4.770419013002538, 4.683762196000316, 4.730566127997008, 4.9659380090015475, 5.002130503999069, 4.891330127007677, 4.844361752999248], "final_accuracy": ["accuracy", 0.225]}