{"trial_id": [0, 1, 2, 3, 4, 5, 6, 7, 8, 9, 10, 11, 12, 13, 14, 15, 16, 17, 18, 19, 20, 21, 22, 23, 24, 25, 26, 27, 28, 29, 30, 31, 32, 33, 34, 35, 36, 37, 38, 39, 40, 41, 42, 43, 44, 45, 46, 47, 48, 49, 50, 51, 52, 53, 54, 55, 56, 57, 58, 59, 60, 61, 62, 63, 64, 65, 66, 67, 68, 69, 70, 71, 72, 73, 74, 75, 76, 77, 78, 79, 80, 81, 82, 83, 84, 85, 86, 87, 88, 89, 90, 91, 92, 93, 94, 95, 96, 97, 98, 99], "cv_accuracy": [0.1875, 0.16875, 0.20625, 0.14375, 0.14375, 0.2, 0.19375, 0.1375, 0.18125, 0.20625, 0.1375, 0.15, 0.1875, 0.15, 0.2, 0.19375, 0.1375, 0.15, 0.2, 0.16875, 0.19375, 0.19375, 0.1375, 0.19375, 0.175, 0.14375, 0.175, 0.15, 0.20625, 0.15, 0.2, 0.18125, 0.14375, 0.2, 0.1375, 0.14375, 0.1375, 0.19375, 0.15, 0.18125, 0.2, 0.19375, 0.2, 0.19375, 0.16875, 0.2, 0.14375, 0.15, 0.20625, 0.15, 0.16875, 0.15, 0.14375, 0.15, 0.19375, 0.1375, 0.14375, 0.14375, 0.16875, 0.19375, 0.15, 0.1375, 0.1875, 0.1375, 0.14375, 0.20625, 0.14375, 0.20625, 0.15, 0.14375, 0.16875, 0.20625, 0.2, 0.1875, 0.20625, 0.1375, 0.2, 0.20625, 0.14375, 0.15, 0.14375, 0.14375, 0.2, 0.2, 0.1375, 0.16875, 0.1375, 0.19375, 0.20625, 0.16875, 0.19375, 0.2, 0.15, 0.15, 0.2, 0.19375, 0.16875, 0.14375, 0.15, 0.19375], "timestamp": [0.37877683600527234, 0.29298366101284046, 0.10587567499896977, 0.10549797900603153, 0.18654266301018652, 0.4149690060003195, 0.5890839519997826, 0.2590194850054104, 0.3364325010043103, 0.9197044030006509, 0.4869967500126222, 0.6418886800092878, 0.5543965040124021, 0.6807291020086268, 0.8017361329984851, 1.2229317970050033, 0.7484236870077439, 0.8578626939997775, 1.067710260002059, 1.013745830001426, 0.9613541709986748, 1.1692925970128272, 1.1137495090079028, 1.3064115430024685, 1.6303871960117249, 1.2692883260024246, 1.3701878130086698, 1.5746230049990118, 1.4283325030119158, 1.9298908410128206, 1.4811762750032358, 2.289805812004488, 1.5384809270035475, 1.8204509950010106, 1.780255424004281, 1.728128952003317, 1.6902553290128708, 1.8928255060018273, 2.009915902002831, 1.9687749280128628, 2.090828740008874, 2.190911126002902, 2.49559180700453, 2.1478583390126005, 2.411706002007122, 2.2541965039999923, 2.5330335500038927, 2.381303273999947, 2.601357960011228, 2.4119757680018665, 2.810799509010394, 2.848892969006556, 2.6637013840081636, 2.762766662010108, 2.89478177500132, 2.714186178011005, 2.957583560011699, 3.2513111820007907, 3.378563562000636, 3.4247914950101404, 3.0225295790005475, 3.1223258070094744, 3.060502352003823, 3.1666518910060404, 3.3322444500081474, 3.2846866280015092, 3.4839355900039664, 3.6014990660041803, 3.7022287970030447, 3.5575866010040045, 3.743262104006135, 3.805982607009355, 3.6652482920035254, 4.016846844999236, 4.136025440006051, 3.8588359690038487, 4.2801729870116105, 3.9175449580070563, 3.9717029570019804, 4.072571912998683, 4.175229639004101, 4.335151966006379, 4.225671110005351, 4.602810729003977, 4.368818186005228, 4.52297755300242, 4.412077802000567, 4.487984362000134, 5.2161095710034715, 4.639129041999695, 4.799275609009783, 4.759487919000094, 4.700053780004964, 4.91260328500357, 4.865673963009613, 4.998469723010203, 5.154659984007594, 4.961295866, 5.108927892011707, 5.068237206010963], "final_accuracy": ["accuracy", 0.075]}