{"trial_id": [0, 1, 2, 3, 4, 5, 6, 7, 8, 9, 10, 11, 12, 13, 14, 15, 16, 17, 18, 19, 20, 21, 22, 23, 24, 25, 26, 27, 28, 29, 30, 31, 32, 33, 34, 35, 36, 37, 38, 39, 40, 41, 42, 43, 44, 45, 46, 47, 48, 49, 50, 51, 52, 53, 54, 55, 56, 57, 58, 59, 60, 61, 62, 63, 64, 65, 66, 67, 68, 69, 70, 71, 72, 73, 74, 75, 76, 77, 78, 79, 80, 81, 82, 83, 84, 85, 86, 87, 88, 89, 90, 91, 92, 93, 94, 95, 96, 97, 98, 99], "cv_accuracy": [0.1375, 0.1375, 0.1375, 0.1375, 0.175, 0.1375, 0.1375, 0.175, 0.23125, 0.1625, 0.1625, 0.1375, 0.1375, 0.18125, 0.1625, 0.15625, 0.1375, 0.13125, 0.18125, 0.13125, 0.13125, 0.1375, 0.1625, 0.1375, 0.18125, 0.175, 0.16875, 0.1375, 0.1375, 0.1375, 0.1375, 0.1375, 0.175, 0.1375, 0.1625, 0.18125, 0.175, 0.1375, 0.16875, 0.20625, 0.13125, 0.13125, 0.1375, 0.13125, 0.1375, 0.13125, 0.1375, 0.175, 0.13125, 0.1375, 0.15625, 0.1375, 0.13125, 0.1375, 0.1375, 0.1375, 0.1375, 0.18125, 0.1375, 0.1625, 0.15, 0.13125, 0.13125, 0.175, 0.13125, 0.13125, 0.1375, 0.1375, 0.1375, 0.1375, 0.18125, 0.175, 0.1375, 0.1875, 0.175, 0.2375, 0.1375, 0.1375, 0.13125, 0.1375, 0.18125, 0.13125, 0.1875, 0.1875, 0.1875, 0.1375, 0.13125, 0.13125, 0.1375, 0.1375, 0.1625, 0.1375, 0.1375, 0.1375, 0.1625, 0.13125, 0.13125, 0.1375, 0.1375, 0.1375], "timestamp": [0.13449830700119492, 0.23134671300067566, 0.27269667899236083, 0.08656735499971546, 0.3910230390029028, 0.19071746099507436, 0.3453009189979639, 0.6429565220023505, 1.212302368003293, 0.4544481869961601, 0.5106148670020048, 0.6123417799972231, 0.5476633719954407, 0.8064855150005314, 0.7265567949943943, 0.7610376429947792, 0.8466087819979293, 0.9883961049927166, 1.1036786309996387, 0.9117130730010103, 1.0492104760051006, 0.9119173409999348, 1.2993420849961694, 1.1524015269969823, 1.257842510996852, 1.3464498419925803, 1.4918438939930638, 1.4004037790000439, 1.4490790129930247, 1.70205255599285, 1.544735914998455, 1.5822350730013568, 1.6594744100002572, 1.8052562550001312, 1.7547010790003696, 1.9789251199981663, 1.8600454919942422, 2.1015231249912176, 2.025735502000316, 2.0615517559926957, 1.9144493310013786, 2.10206723799638, 2.1792464629979804, 2.2453920020052465, 2.2949859799991827, 2.329386623998289, 2.6139467360044364, 2.4247832959954394, 2.385548022997682, 2.6736031740001636, 2.8259636150032748, 2.488207970993244, 2.5752898670034483, 2.5245389449992217, 2.7232974049984477, 2.775034473001142, 2.9338414459925843, 3.0697931939939735, 2.8692547009995906, 2.9842613609944237, 3.106675754999742, 3.1598349980049534, 3.032665549995727, 3.733767515004729, 3.2013256270001875, 3.3182483179989504, 3.4541915290028555, 3.2759032799949637, 3.358128220992512, 3.402356920996681, 3.6845764689933276, 3.564247920003254, 3.5310024399950635, 3.649005600003875, 3.6066475519910455, 4.937689739992493, 3.9501532339927508, 3.8091710619919468, 3.850642189994687, 3.8503735510021215, 4.05086398399726, 4.002521895992686, 4.298999391990947, 4.443966195001849, 4.691273200995056, 4.175779545999831, 4.121243107991177, 4.2219767259957734, 4.375418185998569, 4.328939465995063, 4.651222115004202, 4.4953041760018095, 4.561428471002728, 4.597441011996125, 4.844141932000639, 4.796052723992034, 4.750372267997591, 4.883976037002867, 4.983682121994207, 5.018030007995549], "final_accuracy": ["accuracy", 0.15]}