{"trial_id": [0, 1, 2, 3, 4, 5, 6, 7, 8, 9, 10, 11, 12, 13, 14, 15, 16, 17, 18, 19, 20, 21, 22, 23, 24, 25, 26, 27, 28, 29, 30, 31, 32, 33, 34, 35, 36, 37, 38, 39, 40, 41, 42, 43, 44, 45, 46, 47, 48, 49, 50, 51, 52, 53, 54, 55, 56, 57, 58, 59, 60, 61, 62, 63, 64, 65, 66, 67, 68, 69, 70, 71, 72, 73, 74, 75, 76, 77, 78, 79, 80, 81, 82, 83, 84, 85, 86, 87, 88, 89, 90, 91, 92, 93, 94, 95, 96, 97, 98, 99], "cv_accuracy": [0.13125, 0.13125, 0.175, 0.175, 0.1625, 0.1625, 0.175, 0.13125, 0.175, 0.13125, 0.16875, 0.18125, 0.1625, 0.34375, 0.15625, 0.13125, 0.13125, 0.15625, 0.1375, 0.13125, 0.13125, 0.13125, 0.13125, 0.13125, 0.1375, 0.1375, 0.1375, 0.1375, 0.18125, 0.15625, 0.1625, 0.16875, 0.1375, 0.13125, 0.13125, 0.1375, 0.15, 0.1625, 0.175, 0.13125, 0.1875, 0.175, 0.15625, 0.1625, 0.16875, 0.2875, 0.13125, 0.15625, 0.13125, 0.1625, 0.1625, 0.1875, 0.1375, 0.13125, 0.18125, 0.1375, 0.1625, 0.1625, 0.1625, 0.15625, 0.13125, 0.1625, 0.175, 0.175, 0.1375, 0.2125, 0.13125, 0.16875, 0.175, 0.175, 0.1375, 0.1375, 0.15, 0.13125, 0.1875, 0.15625, 0.1625, 0.1375, 0.13125, 0.13125, 0.1375, 0.1375, 0.175, 0.16875, 0.1625, 0.1625, 0.1625, 0.1625, 0.175, 0.13125, 0.21875, 0.13125, 0.175, 0.13125, 0.1375, 0.1375, 0.19375, 0.13125, 0.13125, 0.13125], "timestamp": [0.08971216599456966, 0.1674727299978258, 0.21227101900149137, 0.08915159899333958, 0.3131030670047039, 0.2467403899936471, 0.5127194380038418, 0.46101096899656113, 0.5584422789979726, 0.4220145250001224, 0.3624703050008975, 0.6525647399976151, 0.605536346003646, 3.2154822330048773, 0.8527792880049674, 0.7182921549974708, 0.7554777820041636, 0.8095621609973023, 0.9107072659971891, 0.9966259869979694, 0.9519884970068233, 1.046889706994989, 1.0463911889964947, 1.146610554002109, 1.2329577659984352, 1.1811771229986334, 1.3290507990022888, 1.2859243450075155, 1.5188056439947104, 1.3977096430025995, 1.4399006510066101, 1.558080973001779, 1.4781147960020462, 1.6179007689934224, 1.7074081909959204, 1.767560255000717, 1.8962189300073078, 1.6644658440054627, 1.8655155769956764, 1.8211113610013854, 2.411752947999048, 2.01456135600165, 2.169744005004759, 2.120940866996534, 1.9607701469940366, 3.0105789200024446, 2.0697552640049253, 2.212962890000199, 2.2554964029986877, 2.3581065710022813, 2.4469184519984992, 2.3209501139936037, 2.546476793999318, 2.4941600739985006, 2.796848708007019, 2.5996828219940653, 2.6474244440032635, 2.6967704050039174, 2.7409214570070617, 2.897173864999786, 2.853461905004224, 2.939685881996411, 3.1007214870041935, 3.303324890002841, 3.0621743590018013, 4.572620149003342, 3.1505846890067915, 3.3423346140043577, 3.395974897997803, 3.258531283994671, 3.5402188589941943, 3.4999631749960827, 3.582582146002096, 3.4610555010003736, 3.6443715860077646, 3.7372532010049326, 3.7940018950030208, 3.9929323340038536, 3.689954304994899, 3.840547030995367, 3.8925312740029767, 3.934251133003272, 4.074867792005534, 4.0323106160067255, 4.190814456000226, 4.120155105003505, 4.375681948993588, 4.323502269005985, 4.275085792003665, 4.190569393002079, 4.9014275270019425, 4.4121713700005785, 4.5128220960032195, 4.468883320994792, 4.694455371994991, 4.612224892000086, 4.753120969005977, 4.653944844001671, 4.79087277900544, 4.829313674999867], "final_accuracy": ["accuracy", 0.275]}