{"trial_id": [0, 1, 2, 3, 4, 5, 6, 7, 8, 9, 10, 11, 12, 13, 14, 15, 16, 17, 18, 19, 20, 21, 22, 23, 24, 25, 26, 27, 28, 29, 30, 31, 32, 33, 34, 35, 36, 37, 38, 39, 40, 41, 42, 43, 44, 45, 46, 47, 48, 49, 50, 51, 52, 53, 54, 55, 56, 57, 58, 59, 60, 61, 62, 63, 64, 65, 66, 67, 68, 69, 70, 71, 72, 73, 74, 75, 76, 77, 78, 79, 80, 81, 82, 83, 84, 85, 86, 87, 88, 89, 90, 91, 92, 93, 94, 95, 96, 97, 98, 99], "cv_accuracy": [0.1375, 0.2, 0.1375, 0.16875, 0.1375, 0.1375, 0.2, 0.15625, 0.14375, 0.16875, 0.15, 0.16875, 0.16875, 0.15, 0.2125, 0.1375, 0.1375, 0.19375, 0.1375, 0.19375, 0.1375, 0.14375, 0.18125, 0.2, 0.15, 0.20625, 0.1375, 0.1375, 0.14375, 0.14375, 0.15, 0.15, 0.20625, 0.28125, 0.20625, 0.14375, 0.1375, 0.25625, 0.175, 0.1375, 0.19375, 0.15, 0.15, 0.15, 0.23125, 0.1625, 0.1375, 0.19375, 0.1875, 0.1375, 0.19375, 0.1625, 0.19375, 0.19375, 0.14375, 0.1375, 0.1375, 0.1625, 0.15625, 0.1375, 0.2125, 0.2, 0.3625, 0.20625, 0.15, 0.15625, 0.1375, 0.2125, 0.1375, 0.1375, 0.1625, 0.2, 0.19375, 0.2, 0.19375, 0.24375, 0.1375, 0.15, 0.2125, 0.2125, 0.16875, 0.16875, 0.15625, 0.1375, 0.3, 0.1375, 0.14375, 0.20625, 0.15, 0.16875, 0.15, 0.14375, 0.19375, 0.1625, 0.15, 0.14375, 0.16875, 0.28125, 0.15, 0.15625], "timestamp": [0.09717209100199398, 0.3458336580079049, 0.19047283400141168, 0.30792222199670505, 0.22997976900660433, 0.09762705300818197, 0.6091446869977517, 0.9478062330017565, 0.4222584520030068, 0.4766277779999655, 0.5703274429979501, 0.5145732050004881, 0.7170540390070528, 0.8251720639964333, 0.8964350250025745, 0.775049650008441, 0.6766561760014156, 1.013043065002421, 0.8646303099958459, 1.1796573440078646, 1.103689798997948, 1.2473821330058854, 1.0597935889963992, 1.5482865259982646, 1.3607003420038382, 1.2908985359972576, 1.2125654380070046, 1.4167707949964097, 1.4574523150076857, 1.6068875350028975, 1.4976687470043544, 1.710362408994115, 1.7601170459965942, 2.7950744080008008, 1.8620751700073015, 1.6712827449955512, 1.7991450349945808, 2.46621152300213, 1.8989533849962754, 1.9580472380039282, 2.022147127005155, 2.108993489004206, 2.066773017999367, 2.1547703579999506, 3.0277605180017417, 2.550504600003478, 2.257845198007999, 2.216697864001617, 2.3722182560013607, 2.318204266994144, 2.4246294570039026, 2.511230935997446, 2.685121878006612, 2.6132276930002263, 2.7383419670077274, 2.649611960994662, 2.8758694770076545, 2.9190249100065557, 2.83307251399674, 2.919281256996328, 3.1797461679962, 3.131770438994863, 3.877188896003645, 3.4426879480015486, 3.071279659998254, 3.3223798340040958, 3.1793551000009757, 3.531949569005519, 3.369036846997915, 3.2888498899992555, 3.6125128739950014, 3.5701214340078877, 3.493680334999226, 3.7965316970075946, 3.7562010880064918, 4.774231685005361, 3.668998406996252, 3.712850536001497, 4.254026167996926, 4.20409922899853, 3.927119407002465, 4.065809966996312, 4.0266292769956635, 3.9901165189949097, 4.774730870994972, 4.1199860210035695, 4.158672849996947, 4.36514303900185, 4.412441602005856, 4.50961981099681, 4.3188813970045885, 4.467918377005844, 4.734352518004016, 4.6269021759944735, 4.58715840500372, 4.671540202994947, 4.9037232370028505, 5.096363888005726, 4.853124636996654, 4.9534806050069164], "final_accuracy": ["accuracy", 0.225]}