{"trial_id": [0, 1, 2, 3, 4, 5, 6, 7, 8, 9, 10, 11, 12, 13, 14, 15, 16, 17, 18, 19, 20, 21, 22, 23, 24, 25, 26, 27, 28, 29, 30, 31, 32, 33, 34, 35, 36, 37, 38, 39, 40, 41, 42, 43, 44, 45, 46, 47, 48, 49, 50, 51, 52, 53, 54, 55, 56, 57, 58, 59, 60, 61, 62, 63, 64, 65, 66, 67, 68, 69, 70, 71, 72, 73, 74, 75, 76, 77, 78, 79, 80, 81, 82, 83, 84, 85, 86, 87, 88, 89, 90, 91, 92, 93, 94, 95, 96, 97, 98, 99], "cv_accuracy": [0.15625, 0.15625, 0.1625, 0.1375, 0.18125, 0.15, 0.1375, 0.175, 0.13125, 0.175, 0.175, 0.125, 0.175, 0.16875, 0.125, 0.15625, 0.16875, 0.125, 0.16875, 0.16875, 0.2375, 0.13125, 0.1375, 0.125, 0.1375, 0.125, 0.125, 0.13125, 0.18125, 0.175, 0.1625, 0.15625, 0.1375, 0.1375, 0.16875, 0.125, 0.15625, 0.125, 0.125, 0.175, 0.125, 0.1375, 0.15625, 0.175, 0.16875, 0.1375, 0.28125, 0.175, 0.125, 0.125, 0.125, 0.125, 0.13125, 0.16875, 0.125, 0.125, 0.16875, 0.125, 0.15625, 0.125, 0.175, 0.1375, 0.125, 0.14375, 0.2375, 0.125, 0.21875, 0.125, 0.15625, 0.125, 0.16875, 0.1375, 0.175, 0.125, 0.125, 0.125, 0.125, 0.125, 0.125, 0.175, 0.175, 0.1375, 0.1375, 0.175, 0.125, 0.14375, 0.16875, 0.1375, 0.125, 0.16875, 0.125, 0.1375, 0.125, 0.1375, 0.125, 0.16875, 0.1625, 0.16875, 0.175, 0.125], "timestamp": [0.24899166901013814, 0.1956232149968855, 0.2904515850095777, 0.1395435700105736, 1.0045328429987421, 0.08383412500552367, 0.4412971170095261, 0.35629532400344033, 0.3969230329967104, 0.6764054230006877, 0.5887105470028473, 0.5069579499977408, 0.5542354210047051, 0.6366162479971536, 0.7369724029995268, 0.9286269930016715, 0.7963471940020099, 0.7966948359971866, 0.8887355199985905, 0.9677287090016762, 3.105152354008169, 1.116723090002779, 1.4224193590052892, 1.1634897159965476, 1.2221210730058374, 1.0724946960108355, 1.2615042130055372, 1.3285107600095216, 1.474154727999121, 1.518573875000584, 1.3740132660022937, 1.7407273849967169, 1.5698424950096523, 1.6243375019985251, 1.664715178005281, 1.7042456930066692, 1.8056699599983403, 1.8780530030053342, 1.927382084002602, 1.9711419880040921, 1.8432640829996672, 2.090076674998272, 2.232392776000779, 2.1972749800042948, 2.033551771004568, 2.1271690590074286, 3.0580537500063656, 2.3262082610017387, 2.2784325770044234, 2.4248869529983494, 2.380548685003305, 2.478669146003085, 2.526604616010445, 2.6198000900039915, 2.568357999, 2.681113295009709, 2.9291131640056847, 2.7173160090023885, 2.7614696200034814, 2.873016709010699, 2.8373002809967147, 2.966101259997231, 3.0232746840047184, 3.788628893002169, 3.411732145003043, 3.152603246009676, 4.899253840005258, 3.2609177920094226, 3.3577423030073987, 3.213442362000933, 3.319182452003588, 3.513828923998517, 3.6980048109981, 3.4663993770082016, 3.555039607002982, 3.6556546880019596, 3.7542573690006975, 3.621149521000916, 3.840606473997468, 3.8973764719994506, 3.93726958600746, 4.1449017690028995, 4.006364578002831, 4.193251623000833, 4.098630428008619, 4.04808105599659, 4.247321342001669, 4.341342758008977, 4.295297609001864, 4.451754433001042, 4.38818807300413, 4.4866716579999775, 4.521109922003234, 4.606526454997947, 4.565744032006478, 4.792877336003585, 4.75530393300869, 4.717733646000852, 4.861488036010996, 4.678411918997881], "final_accuracy": ["accuracy", 0.325]}