{"trial_id": [0, 1, 2, 3, 4, 5, 6, 7, 8, 9, 10, 11, 12, 13, 14, 15, 16, 17, 18, 19, 20, 21, 22, 23, 24, 25, 26, 27, 28, 29, 30, 31, 32, 33, 34, 35, 36, 37, 38, 39, 40, 41, 42, 43, 44, 45, 46, 47, 48, 49, 50, 51, 52, 53, 54, 55, 56, 57, 58, 59, 60, 61, 62, 63, 64, 65, 66, 67, 68, 69, 70, 71, 72, 73, 74, 75, 76, 77, 78, 79, 80, 81, 82, 83, 84, 85, 86, 87, 88, 89, 90, 91, 92, 93, 94, 95, 96, 97, 98, 99], "cv_accuracy": [0.1125, 0.1125, 0.15, 0.11875, 0.11875, 0.1125, 0.1125, 0.1375, 0.15, 0.1375, 0.14375, 0.1375, 0.1375, 0.1125, 0.1125, 0.11875, 0.29375, 0.14375, 0.1125, 0.1125, 0.1125, 0.1375, 0.1125, 0.1125, 0.15, 0.1, 0.1125, 0.15, 0.1375, 0.13125, 0.15625, 0.1125, 0.1125, 0.15625, 0.10625, 0.1125, 0.1125, 0.1125, 0.1375, 0.1125, 0.11875, 0.1375, 0.1125, 0.1375, 0.11875, 0.1625, 0.1125, 0.1, 0.1, 0.1125, 0.15, 0.2, 0.15, 0.1375, 0.1375, 0.24375, 0.1375, 0.1125, 0.1125, 0.14375, 0.1125, 0.1125, 0.24375, 0.1125, 0.15, 0.1125, 0.1125, 0.1125, 0.1125, 0.14375, 0.15625, 0.13125, 0.10625, 0.1125, 0.1375, 0.1125, 0.1, 0.1125, 0.1125, 0.10625, 0.1125, 0.1125, 0.11875, 0.1125, 0.15625, 0.15, 0.1125, 0.15, 0.15, 0.15625, 0.1125, 0.15625, 0.11875, 0.1125, 0.1125, 0.14375, 0.1125, 0.1125, 0.14375, 0.1125], "timestamp": [0.1036943909857655, 0.10335612899507396, 0.22947556698636618, 0.2832516419875901, 0.3213787529966794, 0.10314293899864424, 0.39759904198581353, 0.521380998994573, 0.46978383998794015, 0.39730670298740733, 0.5602551389893051, 0.6172693589905975, 1.0047994999913499, 0.7120610649872106, 0.6634588399901986, 0.8170796259946655, 1.822179385999334, 0.7798102059896337, 0.8605204669875093, 0.8892889799899422, 1.0440878109948244, 1.0886622469988652, 1.1325467049900908, 0.9602627069980372, 1.3951696379954228, 1.2326767799968366, 1.1946544479869772, 1.3062751379911788, 1.4542345119989477, 1.3547956709953723, 1.5317610029887874, 1.495807977989898, 1.5840842709876597, 1.876932005994604, 1.6929816749907332, 1.7347789259947604, 1.6540201239986345, 1.7658814349997556, 2.043029246997321, 1.9352986699959729, 2.0923491939902306, 2.1866929749958217, 1.9762235599919222, 2.282517313986318, 2.150387571993633, 2.3212027069967007, 2.234580495991395, 2.3618888329947367, 2.4187775749887805, 2.4560136459913338, 2.6004212649859255, 3.3736649169877637, 2.6377307359944098, 2.546339131993591, 2.69199233398831, 3.537666177988285, 2.8394199079921236, 2.7982144549896475, 2.7462972569919657, 2.92686610299279, 2.889248541992856, 2.984666026997729, 3.42489267498604, 3.0731371109868633, 3.113025498998468, 3.039710060998914, 3.2208922799909487, 3.267387976986356, 3.181927347992314, 3.5070685669925297, 3.695115092996275, 3.328716138988966, 3.42547574598575, 3.5823916149965953, 3.8746461379923858, 3.735582996989251, 3.822557252991828, 3.77694816699659, 3.660387563999393, 3.9361510559974704, 4.011592244991334, 3.973149065990583, 4.10632222899585, 4.053231910991599, 4.228536339986022, 4.288298910993035, 4.18122244499682, 4.494498303, 4.440743875995395, 4.340932824998163, 4.388773117985693, 4.541321558994241, 4.668372938991524, 4.574490745988442, 4.621388508996461, 4.717266617997666, 4.7578215039975476, 4.798414729986689, 4.832261335992371, 4.869370026994147], "final_accuracy": ["accuracy", 0.35]}