{"trial_id": [0, 1, 2, 3, 4, 5, 6, 7, 8, 9, 10, 11, 12, 13, 14, 15, 16, 17, 18, 19, 20, 21, 22, 23, 24, 25, 26, 27, 28, 29, 30, 31, 32, 33, 34, 35, 36, 37, 38, 39, 40, 41, 42, 43, 44, 45, 46, 47, 48, 49, 50, 51, 52, 53, 54, 55, 56, 57, 58, 59, 60, 61, 62, 63, 64, 65, 66, 67, 68, 69, 70, 71, 72, 73, 74, 75, 76, 77, 78, 79, 80, 81, 82, 83, 84, 85, 86, 87, 88, 89, 90, 91, 92, 93, 94, 95, 96, 97, 98, 99], "cv_accuracy": [0.14375, 0.14375, 0.18125, 0.15, 0.15625, 0.16875, 0.2, 0.14375, 0.15625, 0.1375, 0.15625, 0.2, 0.1125, 0.23125, 0.26875, 0.14375, 0.1375, 0.14375, 0.15, 0.15625, 0.14375, 0.19375, 0.1875, 0.14375, 0.1875, 0.20625, 0.2, 0.15, 0.15, 0.15, 0.14375, 0.14375, 0.18125, 0.13125, 0.14375, 0.2, 0.15, 0.20625, 0.15, 0.18125, 0.15, 0.20625, 0.14375, 0.14375, 0.15, 0.1625, 0.14375, 0.16875, 0.14375, 0.175, 0.14375, 0.25, 0.14375, 0.14375, 0.21875, 0.14375, 0.3125, 0.21875, 0.16875, 0.19375, 0.21875, 0.14375, 0.15, 0.24375, 0.14375, 0.15, 0.175, 0.16875, 0.28125, 0.21875, 0.14375, 0.15625, 0.14375, 0.15625, 0.14375, 0.20625, 0.1625, 0.15625, 0.15, 0.15625, 0.15, 0.19375, 0.14375, 0.14375, 0.14375, 0.15625, 0.18125, 0.15625, 0.15625, 0.1875, 0.15, 0.19375, 0.1875, 0.2, 0.14375, 0.14375, 0.2, 0.15625, 0.2, 0.14375], "timestamp": [0.1079525620007189, 0.16187120899849106, 0.20985753599961754, 0.3560298119991785, 0.2587306250061374, 0.3191114179935539, 0.5070604570064461, 0.45584567400510423, 0.5645425940019777, 0.42087985599937383, 0.6049051099980716, 0.7133672399941133, 0.6533473470044555, 1.259047722996911, 2.30020497199439, 0.7615783560031559, 0.7972597040061373, 0.840063249997911, 1.0018597610032884, 0.9544371270021657, 0.9142547609953908, 1.0482517479977105, 1.1052685269969516, 1.1452483140019467, 1.2202571840025485, 1.296074090001639, 1.4570279530016705, 1.7530398910021177, 1.4928716069989605, 1.5531304739997722, 1.360085642998456, 1.4196877869981108, 1.6524549019959522, 1.6973395709937904, 1.5946835530048702, 1.9139447899942752, 2.0446393540041754, 2.006075318000512, 1.8213495170057286, 1.875342762999935, 1.968036411999492, 2.5760719679965405, 2.1127710580040002, 2.193280488005257, 2.2461350730009144, 2.1557129849970806, 2.3864372490061214, 2.482306410005549, 2.344966047006892, 2.7883062030014116, 2.4452874379931018, 4.335300460996223, 2.5294672809977783, 2.6315635710052447, 3.1551902899955167, 2.677132986005745, 3.5750582379987463, 3.1190150220063515, 2.737995718998718, 2.84337909000169, 3.0163022159977118, 2.9036329539958388, 2.963635117994272, 3.5354519840038847, 3.067975337995449, 3.198799624995445, 3.38195758999791, 3.275933997996617, 3.340774020005483, 3.6292797089990927, 3.440558841000893, 3.675035911001032, 3.493879995003226, 3.7282390049949754, 3.768178092999733, 4.067219638003735, 3.8263492480036803, 3.9736993959959364, 3.8944600139948307, 4.018362040995271, 3.931182494998211, 4.242515578996972, 4.124356679007178, 4.1611276530020405, 4.208922952006105, 4.2870298019988695, 4.404883680996136, 4.538521583002876, 4.581845245003933, 4.443824514004518, 4.495057599997381, 4.620195302006323, 4.690735986994696, 4.860859779000748, 4.72589110500121, 4.77762957700179, 4.827848511995398, 4.902678137004841, 4.991682987005333, 4.937944870995125], "final_accuracy": ["accuracy", 0.275]}