{"trial_id": [0, 1, 2, 3, 4, 5, 6, 7, 8, 9, 10, 11, 12, 13, 14, 15, 16, 17, 18, 19, 20, 21, 22, 23, 24, 25, 26, 27, 28, 29, 30, 31, 32, 33, 34, 35, 36, 37, 38, 39, 40, 41, 42, 43, 44, 45, 46, 47, 48, 49, 50, 51, 52, 53, 54, 55, 56, 57, 58, 59, 60, 61, 62, 63, 64, 65, 66, 67, 68, 69, 70, 71, 72, 73, 74, 75, 76, 77, 78, 79, 80, 81, 82, 83, 84, 85, 86, 87, 88, 89, 90, 91, 92, 93, 94, 95, 96, 97, 98, 99], "cv_accuracy": [0.0, 0.0, 0.0, 0.0, 0.0, 0.0, 0.0, 0.0, 0.0, 0.0, 0.0, 0.0, 0.0, 0.0, 0.0, 0.0, 0.0, 0.0, 0.0, 0.0, 0.0, 0.0, 0.0, 0.0, 0.0, 0.0, 0.0, 0.0, 0.0, 0.0, 0.0, 0.0, 0.0, 0.0, 0.0, 0.0, 0.0, 0.0, 0.0, 0.0, 0.0, 0.0, 0.0, 0.0, 0.0, 0.0, 0.0, 0.0, 0.0, 0.0, 0.0, 0.0, 0.0, 0.0, 0.0, 0.0, 0.0, 0.0, 0.0, 0.0, 0.0, 0.0, 0.0, 0.0, 0.0, 0.0, 0.0, 0.0, 0.0, 0.0, 0.0, 0.0, 0.0, 0.0, 0.0, 0.0, 0.0, 0.0, 0.0, 0.0, 0.0, 0.0, 0.0, 0.0, 0.0, 0.0, 0.0, 0.0, 0.0, 0.0, 0.0, 0.0, 0.0, 0.0, 0.0, 0.0, 0.0, 0.0, 0.0, 0.0], "timestamp": [0.25391437199141365, 0.25723335199290887, 0.14150189099018462, 0.10145940899383277, 0.1401791849930305, 0.10066054698836524, 0.4245182079903316, 0.46056057199893985, 0.460043715997017, 0.5751203050022013, 0.4598342230019625, 0.3648324849928031, 0.6321013449924067, 0.7455414479918545, 0.8603641369991237, 0.8191490039898781, 0.7838132759934524, 0.6895662099996116, 0.9055785099917557, 0.9626753920019837, 1.0703797589958413, 1.1081640249904012, 1.0695930879883235, 1.032387530998676, 1.183065576988156, 1.2507941039948491, 1.4239226409990806, 1.3895113179896725, 1.4241503389930585, 1.3517414789967006, 1.2996624449879164, 1.5276651719905203, 1.5708484719943954, 1.6675728819973301, 1.7061679799953708, 1.7504435680020833, 1.6199488139973255, 1.8049715369998012, 1.8471285010018619, 1.8937443759932648, 2.0212258419924183, 1.9841677849908592, 1.9428348369983723, 2.127598078994197, 2.0872973020013887, 2.171159819001332, 2.262662706998526, 2.31130501399457, 2.2206755509978393, 2.4014467949891696, 2.441419627997675, 2.3669960900006117, 2.4968087209999794, 2.5354924199928064, 2.5827438389969757, 2.637861144001363, 2.7147979750006925, 2.673744485990028, 2.81661991099827, 2.7708460159919923, 2.856937720993301, 2.9124300599942217, 2.988692111990531, 2.9481922869890695, 3.0469386399927316, 3.1363874730013777, 3.0930877209902974, 3.2326684189902153, 3.2339943580009276, 3.1934370579983806, 3.3282406229991466, 3.417371267991257, 3.3758986799948616, 3.5107301639945945, 3.559796395988087, 3.466295384991099, 3.6090327949932544, 3.65878877499199, 3.658965607988648, 3.749218454991933, 3.7937850409944076, 3.87612769799307, 3.8466500219947193, 3.9770882989978418, 3.9279922299901955, 4.024972997998702, 4.073174660996301, 4.172147575998679, 4.118922534995363, 4.1726735979900695, 4.254600296990247, 4.307111222995445, 4.399494924989995, 4.361237878998509, 4.455905098991934, 4.5233943429921055, 4.486281101999339, 4.5633540069975425, 4.60620581699186, 4.606415778995142], "final_accuracy": ["accuracy", 0.1]}