{"trial_id": [0, 1, 2, 3, 4, 5, 6, 7, 8, 9, 10, 11, 12, 13, 14, 15, 16, 17, 18, 19, 20, 21, 22, 23, 24, 25, 26, 27, 28, 29, 30, 31, 32, 33, 34, 35, 36, 37, 38, 39, 40, 41, 42, 43, 44, 45, 46, 47, 48, 49, 50, 51, 52, 53, 54, 55, 56, 57, 58, 59, 60, 61, 62, 63, 64, 65, 66, 67, 68, 69, 70, 71, 72, 73, 74, 75, 76, 77, 78, 79, 80, 81, 82, 83, 84, 85, 86, 87, 88, 89, 90, 91, 92, 93, 94, 95, 96, 97, 98, 99], "cv_accuracy": [0.0, 0.0, 0.0, 0.0, 0.0, 0.0, 0.0, 0.0, 0.0, 0.0, 0.0, 0.0, 0.0, 0.0, 0.0, 0.0, 0.0, 0.0, 0.0, 0.0, 0.0, 0.0, 0.0, 0.0, 0.0, 0.0, 0.0, 0.0, 0.0, 0.0, 0.0, 0.0, 0.0, 0.0, 0.0, 0.0, 0.0, 0.0, 0.0, 0.0, 0.0, 0.0, 0.0, 0.0, 0.0, 0.0, 0.0, 0.0, 0.0, 0.0, 0.0, 0.0, 0.0, 0.0, 0.0, 0.0, 0.0, 0.0, 0.0, 0.0, 0.0, 0.0, 0.0, 0.0, 0.0, 0.0, 0.0, 0.0, 0.0, 0.0, 0.0, 0.0, 0.0, 0.0, 0.0, 0.0, 0.0, 0.0, 0.0, 0.0, 0.0, 0.0, 0.0, 0.0, 0.0, 0.0, 0.0, 0.0, 0.0, 0.0, 0.0, 0.0, 0.0, 0.0, 0.0, 0.0, 0.0, 0.0, 0.0, 0.0], "timestamp": [0.28542094500153325, 0.1155536730075255, 0.24353372999757994, 0.167729249005788, 0.2877816889958922, 0.16844158500316553, 0.4477758910070406, 0.49426274599682074, 0.5297176790045341, 0.6063421629951335, 0.4070808819960803, 0.5703741850011284, 0.691305109008681, 0.6905236720049288, 0.8548902830079896, 0.8138728420017287, 0.8968112760048825, 0.6909953319991473, 1.018424469002639, 1.0542173849971732, 0.9735102370032109, 1.0544875240011606, 1.1778971620078664, 1.0535151020012563, 1.2601051289966563, 1.3852618149976479, 1.3847342810040573, 1.3415713169961236, 1.3851046420022612, 1.2597083950095112, 1.5483798060013214, 1.6290003059984883, 1.5862521800008835, 1.750400670003728, 1.6696915820066351, 1.7151316460076487, 1.8297936500021024, 1.8692829060018994, 1.9106555620091967, 1.9907314470037818, 2.0407821310072904, 1.9495608779980103, 2.154708243004279, 2.1137340029963525, 2.1962629449990345, 2.196476855999208, 2.2675309799960814, 2.315279483998893, 2.395027268998092, 2.4360631199961063, 2.5985487830039347, 2.5589413349953247, 2.5195017509977333, 2.435841911996249, 2.682722110999748, 2.873468839999987, 2.7199002249981277, 2.837870584000484, 2.8032646229985403, 2.761395581997931, 3.0549240880063735, 3.0989358660008293, 2.988282264006557, 3.141112172001158, 2.9513375719980104, 2.9878206880093785, 3.2224625289964024, 3.338916048000101, 3.3776079160015797, 3.2611537640041206, 3.378063320997171, 3.296300087997224, 3.5746322960039834, 3.612199823008268, 3.5361127170035616, 3.656975625999621, 3.7004296380036976, 3.4925147339963587, 3.766111416000058, 3.8929726369970012, 3.815461147009046, 3.8498350029985886, 3.93698387099721, 3.979505244002212, 4.043334052999853, 4.098162743001012, 4.170140429007006, 4.097726471009082, 4.220392428003834, 4.261152068997035, 4.322596227997565, 4.380778923004982, 4.461884164004005, 4.3815133169991896, 4.500637265999103, 4.538653896001051, 4.5895426659990335, 4.628877652998199, 4.6691381700075, 4.704444674003753], "final_accuracy": ["accuracy", 0.125]}