{"trial_id": [0, 1, 2, 3, 4, 5, 6, 7, 8, 9, 10, 11, 12, 13, 14, 15, 16, 17, 18, 19, 20, 21, 22, 23, 24, 25, 26, 27, 28, 29, 30, 31, 32, 33, 34, 35, 36, 37, 38, 39, 40, 41, 42, 43, 44, 45, 46, 47, 48, 49, 50, 51, 52, 53, 54, 55, 56, 57, 58, 59, 60, 61, 62, 63, 64, 65, 66, 67, 68, 69, 70, 71, 72, 73, 74, 75, 76, 77, 78, 79, 80, 81, 82, 83, 84, 85, 86, 87, 88, 89, 90, 91, 92, 93, 94, 95, 96, 97, 98, 99], "cv_accuracy": [0.0, 0.0, 0.0, 0.0, 0.0, 0.0, 0.0, 0.0, 0.0, 0.0, 0.0, 0.0, 0.0, 0.0, 0.0, 0.0, 0.0, 0.0, 0.0, 0.0, 0.0, 0.0, 0.0, 0.0, 0.0, 0.0, 0.0, 0.0, 0.0, 0.0, 0.0, 0.0, 0.0, 0.0, 0.0, 0.0, 0.0, 0.0, 0.0, 0.0, 0.0, 0.0, 0.0, 0.0, 0.0, 0.0, 0.0, 0.0, 0.0, 0.0, 0.0, 0.0, 0.0, 0.0, 0.0, 0.0, 0.0, 0.0, 0.0, 0.0, 0.0, 0.0, 0.0, 0.0, 0.0, 0.0, 0.0, 0.0, 0.0, 0.0, 0.0, 0.0, 0.0, 0.0, 0.0, 0.0, 0.0, 0.0, 0.0, 0.0, 0.0, 0.0, 0.0, 0.0, 0.0, 0.0, 0.0, 0.0, 0.0, 0.0, 0.0, 0.0, 0.0, 0.0, 0.0, 0.0, 0.0, 0.0, 0.0, 0.0], "timestamp": [0.21067814799607731, 0.12083998099842574, 0.1718832759943325, 0.21295655900030397, 0.16870265098987147, 0.21112321999680717, 0.4844545029918663, 0.484960660993238, 0.4459314879932208, 0.5591340309911175, 0.3788526830030605, 0.5981247489980888, 0.6355354330007685, 0.8007685229968047, 0.7566297349985689, 0.7202806389977923, 0.9156547530001262, 0.8717879999894649, 0.8014806959981797, 1.0905753379920498, 1.0506039659958333, 1.1730537059920607, 1.1378464119916316, 0.9855934439983685, 1.0201457969960757, 1.3763994039909448, 1.4154254629975185, 1.3345214489963837, 1.255730857999879, 1.454051544991671, 1.2969129190023523, 1.536605643996154, 1.5361262380029075, 1.5362884170026518, 1.696266924001975, 1.7352671999979066, 1.6569794730021385, 1.886010610993253, 1.9482467519992497, 1.8127116830000887, 1.9904270569968503, 1.8512670429918217, 1.886375470989151, 2.118955736994394, 2.240797776990803, 2.1981519339897204, 2.2411415099923033, 2.118473513997742, 2.0586180679965764, 2.3176508649921743, 2.429550050001126, 2.389380551991053, 2.467771808995167, 2.5528887109976495, 2.517216982989339, 2.552293708999059, 2.70924983099394, 2.751705310991383, 2.664798600002541, 2.794260262991884, 2.8337665279977955, 2.8699248769989936, 2.9406073470017873, 2.9876261839963263, 3.0303472529922146, 3.109596206995775, 3.150611877994379, 3.073583953999332, 3.2129717669886304, 3.26300212899514, 3.3008090869989246, 3.421059710002737, 3.2976657529943623, 3.38071728599607, 3.4946042749943445, 3.623009924995131, 3.584778071992332, 3.622586058001616, 3.622039876994677, 3.5452819839993026, 3.768853417990613, 3.8543074329936644, 3.9024502980028046, 3.9845705990010174, 3.8076988269895082, 3.943196801992599, 4.044410793998395, 4.083253427001182, 4.128217506993678, 4.181824166997103, 4.221158977990854, 4.220056692996877, 4.363202029999229, 4.324822773996857, 4.402058425999712, 4.491219110990642, 4.535398512991378, 4.446623045994784, 4.605264818994328, 4.573798632991384], "final_accuracy": ["accuracy", 0.075]}