{"trial_id": [0, 1, 2, 3, 4, 5, 6, 7, 8, 9, 10, 11, 12, 13, 14, 15, 16, 17, 18, 19, 20, 21, 22, 23, 24, 25, 26, 27, 28, 29, 30, 31, 32, 33, 34, 35, 36, 37, 38, 39, 40, 41, 42, 43, 44, 45, 46, 47, 48, 49, 50, 51, 52, 53, 54, 55, 56, 57, 58, 59, 60, 61, 62, 63, 64, 65, 66, 67, 68, 69, 70, 71, 72, 73, 74, 75, 76, 77, 78, 79, 80, 81, 82, 83, 84, 85, 86, 87, 88, 89, 90, 91, 92, 93, 94, 95, 96, 97, 98, 99], "cv_accuracy": [0.0, 0.0, 0.0, 0.0, 0.0, 0.0, 0.0, 0.0, 0.0, 0.0, 0.0, 0.0, 0.0, 0.0, 0.0, 0.0, 0.0, 0.0, 0.0, 0.0, 0.0, 0.0, 0.0, 0.0, 0.0, 0.0, 0.0, 0.0, 0.0, 0.0, 0.0, 0.0, 0.0, 0.0, 0.0, 0.0, 0.0, 0.0, 0.0, 0.0, 0.0, 0.0, 0.0, 0.0, 0.0, 0.0, 0.0, 0.0, 0.0, 0.0, 0.0, 0.0, 0.0, 0.0, 0.0, 0.0, 0.0, 0.0, 0.0, 0.0, 0.0, 0.0, 0.0, 0.0, 0.0, 0.0, 0.0, 0.0, 0.0, 0.0, 0.0, 0.0, 0.0, 0.0, 0.0, 0.0, 0.0, 0.0, 0.0, 0.0, 0.0, 0.0, 0.0, 0.0, 0.0, 0.0, 0.0, 0.0, 0.0, 0.0, 0.0, 0.0, 0.0, 0.0, 0.0, 0.0, 0.0, 0.0, 0.0, 0.0], "timestamp": [0.12977648999367375, 0.13085204899834935, 0.22019270800228696, 0.129310219999752, 0.13012150800204836, 0.13064344399026595, 0.5063838429923635, 0.6174403369950596, 0.4681434160011122, 0.507270795002114, 0.5828712939983234, 0.3995690619922243, 0.6620057190011721, 0.8628503670042846, 0.8258732639951631, 0.8637889840028947, 0.9400610089942347, 0.7868624080001609, 0.7479741559945978, 1.0274140169931343, 1.0269916859979276, 1.1884295359923271, 1.1890810199984116, 1.1107112890022108, 1.1496345949999522, 1.3923339100001613, 1.3114086679997854, 1.4321369569952367, 1.4732553560024826, 1.5139924279937986, 1.3522514770011185, 1.6359524470026372, 1.5976467010041233, 1.6778998389927438, 1.7524779389932519, 1.7961961739929393, 1.7165590730000986, 1.9546331530000316, 1.9549944549944485, 2.032658255993738, 1.8783232339919778, 2.0333349330030615, 1.9117349890002515, 2.1375220749905566, 2.2519362540042493, 2.2147849729954032, 2.307867533992976, 2.348503269997309, 2.1783619909983827, 2.3989566870004637, 2.461045631993329, 2.5447630309936358, 2.460640648001572, 2.626360788999591, 2.5882400419941405, 2.668129169003805, 2.7396160189964576, 2.779209746993729, 2.8176615400006995, 2.90245163399959, 2.936375777993817, 2.8610184459976153, 3.0005152910016477, 3.133186373990611, 3.0482144900015555, 3.174435533990618, 3.2109082929964643, 3.0876075129926903, 3.261054813003284, 3.3573496519966284, 3.3170089990017004, 3.402793159999419, 3.481442420001258, 3.4438110899936873, 3.5289809239911847, 3.5817641969915712, 3.624177580990363, 3.6730575209949166, 3.74993864899443, 3.717316768001183, 3.749195618001977, 3.84186017299362, 3.8885676600039005, 3.984076113993069, 4.02803597599268, 3.945357734002755, 4.05804804500076, 4.111478356004227, 4.151827619003598, 4.304870842999662, 4.266598296002485, 4.352178147993982, 4.216271937999409, 4.43309446699277, 4.3525172189984005, 4.486294718997669, 4.569006498990348, 4.486438335996354, 4.625105439001345, 4.599430589994881], "final_accuracy": ["accuracy", 0.2]}