{"trial_id": [0, 1, 2, 3, 4, 5, 6, 7, 8, 9, 10, 11, 12, 13, 14, 15, 16, 17, 18, 19, 20, 21, 22, 23, 24, 25, 26, 27, 28, 29, 30, 31, 32, 33, 34, 35, 36, 37, 38, 39, 40, 41, 42, 43, 44, 45, 46, 47, 48, 49, 50, 51, 52, 53, 54, 55, 56, 57, 58, 59, 60, 61, 62, 63, 64, 65, 66, 67, 68, 69, 70, 71, 72, 73, 74, 75, 76, 77, 78, 79, 80, 81, 82, 83, 84, 85, 86, 87, 88, 89, 90, 91, 92, 93, 94, 95, 96, 97, 98, 99], "cv_accuracy": [0.0, 0.0, 0.0, 0.0, 0.0, 0.0, 0.0, 0.0, 0.0, 0.0, 0.0, 0.0, 0.0, 0.0, 0.0, 0.0, 0.0, 0.0, 0.0, 0.0, 0.0, 0.0, 0.0, 0.0, 0.0, 0.0, 0.0, 0.0, 0.0, 0.0, 0.0, 0.0, 0.0, 0.0, 0.0, 0.0, 0.0, 0.0, 0.0, 0.0, 0.0, 0.0, 0.0, 0.0, 0.0, 0.0, 0.0, 0.0, 0.0, 0.0, 0.0, 0.0, 0.0, 0.0, 0.0, 0.0, 0.0, 0.0, 0.0, 0.0, 0.0, 0.0, 0.0, 0.0, 0.0, 0.0, 0.0, 0.0, 0.0, 0.0, 0.0, 0.0, 0.0, 0.0, 0.0, 0.0, 0.0, 0.0, 0.0, 0.0, 0.0, 0.0, 0.0, 0.0, 0.0, 0.0, 0.0, 0.0, 0.0, 0.0, 0.0, 0.0, 0.0, 0.0, 0.0, 0.0, 0.0, 0.0, 0.0, 0.0], "timestamp": [0.2493361939996248, 0.16936941699532326, 0.1195485380012542, 0.2510748509957921, 0.2899230409966549, 0.1698886689991923, 0.45606321799277794, 0.498278016995755, 0.4990073049993953, 0.49856049098889343, 0.6163628369977232, 0.3920049469888909, 0.6708115279907361, 0.7359248779976042, 0.7792775269917911, 0.8913266869931249, 0.850042272999417, 0.8181602709955769, 0.9296410779934376, 1.0355914379906608, 1.0852731149934698, 1.1244591639988357, 1.0042289029952371, 1.2058534489915473, 1.1238494379940676, 1.3295742880000034, 1.283780248995754, 1.4099173029972007, 1.4513804519956466, 1.4508978910016594, 1.3680498850008007, 1.5645335899898782, 1.6520672929909779, 1.6528189689997816, 1.606944882994867, 1.7840316689980682, 1.7315547519974643, 1.8403276919998461, 1.8806740079890005, 1.9663143049983773, 1.921452123002382, 2.007127249002224, 2.039256261996343, 2.1026678279886255, 2.1777168679982424, 2.1430931289942237, 2.2758851789985783, 2.318280393999885, 2.235681164995185, 2.368195160990581, 2.461076993989991, 2.4141261729964754, 2.508123395993607, 2.543383497992181, 2.5846463149937335, 2.6283109499927377, 2.6792407329921843, 2.7354507179989014, 2.7850629710010253, 2.8182736379967537, 2.8602717199973995, 2.902664155990351, 2.9508078520011622, 3.008455351999146, 3.063157135999063, 3.105392818994005, 3.143740278988844, 3.1857484380016103, 3.2294592059915885, 3.2902657800004818, 3.3468539379973663, 3.4291002879908774, 3.3896501489944058, 3.429458729995531, 3.508582992988522, 3.5693742430012207, 3.6679074769926956, 3.712555631995201, 3.756284944989602, 3.7565352319943486, 3.6296353679936146, 3.8459081780019915, 3.952288595988648, 3.9100355179980397, 3.993905437993817, 4.036955805000616, 4.082083781002439, 4.081696996989194, 4.196119157990324, 4.234678291992168, 4.276520109997364, 4.3190983239910565, 4.359298114999547, 4.405546880996553, 4.478474973002449, 4.478622759997961, 4.5512432389950845, 4.661939115991117, 4.627625455992529, 4.593604622001294], "final_accuracy": ["accuracy", 0.15]}