{"5":0.666013717651367,"3":0.630913257598877,"2":0.603444576263428,"1":0.663523435592651,"4":0.841992855072021}
