{"2":0.0952380952380952,"4":0.0952380952380952,"1":0.80952380952381,"3":0.714285714285714}
