{"2":2.28012108802795,"4":1.98807597160339,"1":1.56975388526917,"3":2.20628499984741}
