{"5":0.874166011810303,"3":0.915487051010132,"1":0.831781625747681,"2":0.776147127151489,"4":1.04122710227966}
