{"2":0.630560159683228,"4":0.741658926010132,"3":1.07415628433228,"5":1.30629277229309,"1":0.422399520874023}
