{"1": 0.3684210526315789, "2": 0.5789473684210527, "3": 0.42105263157894735, "4": 0.47368421052631576}