{"1": 10.664888381958008, "2": 9.303200960159302, "3": 7.702012300491333, "4": 10.960669755935669}