{"1": 2.5307681560516357, "2": 2.6125283241271973, "3": 2.5486679077148438, "4": 2.9089393615722656}