{"5":0.427101612091064,"3":0.417461633682251,"2":0.424457788467407,"1":0.426098108291626,"4":0.447958707809448}
