{"trial_id": [0, 1, 2, 3, 4, 5, 6, 7, 8, 9, 10, 11, 12, 13, 14, 15, 16, 17, 18, 19, 20, 21, 22, 23, 24, 25, 26, 27, 28, 29, 30, 31, 32, 33, 34, 35, 36, 37, 38, 39, 40, 41, 42, 43, 44, 45, 46, 47, 48, 49, 50, 51, 52, 53, 54, 55, 56, 57, 58, 59, 60, 61, 62, 63, 64, 65, 66, 67, 68, 69, 70, 71, 72, 73, 74, 75, 76, 77, 78, 79, 80, 81, 82, 83, 84, 85, 86, 87, 88, 89, 90, 91, 92, 93, 94, 95, 96, 97, 98, 99], "cv_accuracy": [0.0, 0.0, 0.0, 0.0, 0.0, 0.4, 0.0, 0.0, 0.0, 0.0, 0.0, 0.0, 0.4736842, 0.0, 0.0, 0.0, 0.0, 0.0, 0.0, 0.0, 0.0, 0.35789479999999996, 0.0, 0.0, 0.0, 0.0, 0.0, 0.4000001999999999, 0.3894737999999999, 0.0, 0.0, 0.0, 0.0, 0.0, 0.0, 0.4526316, 0.0, 0.0, 0.0, 0.5052632, 0.0, 0.0, 0.0, 0.43157900000000005, 0.0, 0.5368421999999999, 0.0, 0.5684212, 0.0, 0.0, 0.0, 0.0, 0.0, 0.0, 0.0, 0.44210520000000003, 0.0, 0.0, 0.0, 0.5157894, 0.0, 0.0, 0.0, 0.4, 0.0, 0.5473684, 0.0, 0.0, 0.0, 0.0, 0.0, 0.0, 0.0, 0.0, 0.3894737999999999, 0.0, 0.0, 0.0, 0.4105264, 0.0, 0.0, 0.0, 0.0, 0.0, 0.0, 0.0, 0.0, 0.5368421999999999, 0.4, 0.0, 0.40000020000000003, 0.0, 0.3894736, 0.0, 0.0, 0.0, 0.4526316, 0.0, 0.4210526, 0.5894737999999999], "timestamp": [0.09617948999220971, 0.14615305699408054, 0.21426582700223662, 0.1464663910010131, 0.14570234798884485, 0.29739229899132624, 0.41944716600119136, 0.5772336410009302, 0.5405918239994207, 0.5001264979946427, 0.3772826999920653, 0.4603785069921287, 0.8132278199918801, 0.6985142299963627, 0.766506877989741, 0.6604053729970474, 0.8547933230001945, 0.6987626530026319, 1.0859831650013803, 1.124020755989477, 0.9204396989953239, 0.9600809879921144, 1.0485852279962273, 1.0050840659969253, 1.1889429799921345, 1.1886121999996249, 1.2751979579916224, 1.4667871040001046, 1.6002604669920402, 1.3155937879928388, 1.4282061440026155, 1.387933111996972, 1.509858343997621, 1.5504490879975492, 1.7005657580011757, 1.7403355759888655, 1.8222341489890823, 1.7819088559917873, 1.6540277079911903, 2.012236110997037, 1.8957125789893325, 1.9709176359901903, 2.0508073509990936, 2.2034428069891874, 1.9307224429940106, 2.357079741996131, 2.125780786998803, 2.357940639994922, 2.254718016993138, 2.125645412990707, 2.321321123992675, 2.4697021119936835, 2.3964757539943093, 2.6892612889932934, 2.6488654900022084, 2.7330561540002236, 2.6110403039929224, 2.5352895120013272, 2.566238246989087, 2.8737683959916467, 2.794424709994928, 2.9171596849919297, 2.839302635999047, 3.034316980993026, 2.963145235000411, 3.263257733997307, 3.106128350002109, 3.0710835399950156, 3.2018455090001225, 3.106783147988608, 3.3015394029935123, 3.41467324399855, 3.373343813989777, 3.3410680779925315, 3.4653116299887188, 3.53161675199226, 3.577174922989798, 3.752926036991994, 3.7069705489993794, 3.6162080649955897, 3.6635175609990256, 3.801940151999588, 3.886531759999343, 3.843962888000533, 3.9314399769937154, 3.976465489002294, 4.025232152998797, 4.490055078000296, 4.116020672998275, 4.080010371995741, 4.162831812995137, 4.205039087988553, 4.263691029991605, 4.307131990994094, 4.387801727993065, 4.3492715429893, 4.446998789993813, 4.52754839399131, 4.5868321750022005, 4.671085606998531], "final_accuracy": ["accuracy", 0.42105263157894735]}