{"trial_id": [0, 1, 2, 3, 4, 5, 6, 7, 8, 9, 10, 11, 12, 13, 14, 15, 16, 17, 18, 19, 20, 21, 22, 23, 24, 25, 26, 27, 28, 29, 30, 31, 32, 33, 34, 35, 36, 37, 38, 39, 40, 41, 42, 43, 44, 45, 46, 47, 48, 49, 50, 51, 52, 53, 54, 55, 56, 57, 58, 59, 60, 61, 62, 63, 64, 65, 66, 67, 68, 69, 70, 71, 72, 73, 74, 75, 76, 77, 78, 79, 80, 81, 82, 83, 84, 85, 86, 87, 88, 89, 90, 91, 92, 93, 94, 95, 96, 97, 98, 99], "cv_accuracy": [0.0, 0.0, 0.0, 0.0, 0.0, 0.5048434, 0.0, 0.0, 0.0, 0.0, 0.5492877999999999, 0.5569801999999999, 0.0, 0.0, 0.0, 0.0, 0.0, 0.0, 0.0, 0.0, 0.5641027999999999, 0.5868946, 0.0, 0.5717949999999999, 0.5113958, 0.0, 0.5339031999999999, 0.5487181999999999, 0.5794874, 0.5566952, 0.0, 0.0, 0.0, 0.0, 0.0, 0.0, 0.0, 0.2188034, 0.5566952, 0.5193734, 0.0, 0.0, 0.0, 0.0, 0.0, 0.5492877999999999, 0.0, 0.5709404, 0.5940173999999999, 0.0, 0.0, 0.0, 0.0, 0.5492877999999999, 0.0, 0.0, 0.0, 0.0, 0.0, 0.0, 0.1649572, 0.0, 0.0, 0.0, 0.5267807999999999, 0.0, 0.0, 0.0, 0.0, 0.0, 0.0, 0.5717949999999999, 0.0, 0.0, 0.5418801999999999, 0.0, 0.6162394, 0.0, 0.0, 0.0, 0.0, 0.0, 0.0, 0.0, 0.5492877999999999, 0.511681, 0.0, 0.0, 0.0, 0.6088321999999999, 0.0, 0.0, 0.0, 0.0, 0.5569801999999999, 0.0, 0.0, 0.0, 0.0, 0.0], "timestamp": [0.8795437929948093, 0.4586834520014236, 0.15509308800392319, 0.11788263099151663, 0.11855873400054406, 0.0793786409922177, 0.3088736740028253, 0.35105514200404286, 0.3506980929960264, 0.25640280700463336, 0.5417609400028596, 0.7854096730006859, 0.4584577710047597, 0.5955082779983059, 0.6473580019955989, 0.8473545379965799, 1.2308127249998506, 0.6999731889955001, 0.7460223929956555, 0.8820032619987614, 1.0914878110052086, 1.4308549129927997, 1.1847595819999697, 1.2682044809916988, 0.9821458880032878, 1.0367112959938822, 1.1323126109928126, 1.4859458299906692, 1.528196357001434, 1.3472936039906926, 1.3849574670020957, 1.6854044490028173, 1.5790408739994746, 2.0880625510035316, 1.6267048570007319, 1.7220909070019843, 1.761040191995562, 1.9435072820051573, 1.9023654659977183, 1.831375776004279, 1.9794660119951004, 1.8683334209927125, 2.1820123350044014, 2.2227036129916087, 2.1360602519998793, 2.402831243991386, 2.046968886992545, 2.574590573000023, 3.1286161149910185, 2.3130874909984414, 2.2809225380042335, 2.360466126992833, 2.5100108420010656, 2.7005655489920173, 2.7459991039941087, 2.467226157998084, 3.2030595510004787, 2.6620782279933337, 2.6290848689968698, 2.882445657000062, 3.0339431579923257, 2.8030418989947066, 2.843078356992919, 2.9512545600009616, 2.990168698001071, 3.074437242001295, 3.166629284998635, 3.2592651509912685, 3.3043208140006755, 3.523767446997226, 3.4002204129938036, 3.6960279969935073, 3.358738101000199, 3.468539598005009, 3.641829112995765, 3.559155672992347, 4.493652691991883, 3.601751301001059, 3.7578710050001973, 3.7902986179979052, 3.9176685709971935, 3.8247499510034686, 3.8703286279924214, 4.067123885994079, 4.242069650994381, 3.9887680749961874, 4.068666235994897, 4.032755987995188, 4.203100433995132, 4.8104169690050185, 4.311533678992419, 4.1677471389994025, 4.395612979991711, 4.395984977993066, 4.350155883003026, 4.588524990991573, 4.588138357998105, 4.665090558992233, 4.545257766003488, 4.708382814991637], "final_accuracy": ["accuracy", 0.4473684210526316]}