{"trial_id": [0, 1, 2, 3, 4, 5, 6, 7, 8, 9, 10, 11, 12, 13, 14, 15, 16, 17, 18, 19, 20, 21, 22, 23, 24, 25, 26, 27, 28, 29, 30, 31, 32, 33, 34, 35, 36, 37, 38, 39, 40, 41, 42, 43, 44, 45, 46, 47, 48, 49, 50, 51, 52, 53, 54, 55, 56, 57, 58, 59, 60, 61, 62, 63, 64, 65, 66, 67, 68, 69, 70, 71, 72, 73, 74, 75, 76, 77, 78, 79, 80, 81, 82, 83, 84, 85, 86, 87, 88, 89, 90, 91, 92, 93, 94, 95, 96, 97, 98, 99], "cv_accuracy": [0.4145296, 0.0, 0.0, 0.0, 0.0, 0.5344732, 0.0, 0.0, 0.0, 0.0, 0.0, 0.5484332000000001, 0.0, 0.0, 0.0, 0.0, 0.0, 0.0, 0.0, 0.0, 0.0, 0.0, 0.0, 0.5418803999999999, 0.0, 0.4358974, 0.0, 0.526211, 0.0, 0.0, 0.0, 0.5190884, 0.481766, 0.5199431999999999, 0.5037038, 0.0, 0.0, 0.0, 0.0, 0.0, 0.5182338, 0.534473, 0.0, 0.5421653999999999, 0.0, 0.0, 0.0, 0.0, 0.0, 0.0, 0.0, 0.43532760000000004, 0.534473, 0.5042736, 0.0, 0.0, 0.0, 0.49658119999999994, 0.0, 0.0, 0.0, 0.0, 0.0, 0.0, 0.0, 0.0, 0.0, 0.0, 0.0, 0.0, 0.0, 0.0, 0.0, 0.0, 0.0, 0.0, 0.0, 0.0, 0.0, 0.0, 0.0, 0.0, 0.0, 0.0, 0.5276352, 0.0, 0.0, 0.0, 0.0, 0.5418803999999999, 0.0, 0.0, 0.0, 0.0, 0.0, 0.0, 0.0, 0.0, 0.5193734, 0.0], "timestamp": [0.2838339419977274, 0.17707163300656248, 0.08995032400707714, 0.1320484900061274, 0.17628824300481938, 0.3661993730056565, 0.7961018539936049, 0.4147771610005293, 0.4590893910062732, 0.3259663909993833, 0.516775657000835, 1.9139546759979567, 0.5979739820031682, 1.0107513590046437, 0.5554212129936786, 0.7039721570035908, 0.748538739993819, 0.6581526800000574, 0.8338820170029067, 0.8965892400010489, 0.9318299300066428, 1.0676930220070062, 0.9717670499958331, 1.4236243829946034, 1.2730093110003509, 1.1792176599992672, 1.1218377059994964, 1.3397613330016611, 1.2264742760016816, 1.5192218360025436, 1.423307995995856, 1.3750114550057333, 1.632165190007072, 1.7617569050053135, 1.711361747002229, 1.576858351007104, 1.6710381019947818, 2.0045091360079823, 1.827282780999667, 1.9530837729980703, 1.8654443720006384, 2.142955924005946, 2.0561043250054354, 2.1012005649972707, 2.1944491659960477, 2.6966898429964203, 2.330016206993605, 2.255779432001873, 2.4182045140041737, 2.255515980999917, 2.374645125004463, 2.5349023089947877, 2.6586581879964797, 2.5772408369957702, 2.616632507997565, 2.488923494995106, 2.7499990299984347, 2.9407141279953066, 2.8197727969964035, 2.819473459996516, 3.0153710690065054, 2.8976817060029134, 2.9757481289998395, 3.289412705998984, 3.0839610749972053, 3.1256752909976058, 3.2546980199986137, 3.206718394998461, 3.126250132001587, 3.7167003590002423, 3.3662481750070583, 3.402792820998002, 3.4032142880023457, 3.530833419994451, 3.472131486996659, 3.601796821996686, 3.762154551994172, 3.8043187680013943, 3.6016638000000967, 3.6784998619987164, 3.8801345079991734, 3.92028391599888, 4.001972509999177, 3.9622512869973434, 4.253566986008082, 4.053305541994632, 4.116452439993736, 4.193705854006112, 4.11683939199429, 4.449002822002512, 4.296987922003609, 4.357366718002595, 4.788118370997836, 4.731335474003572, 4.402655109995976, 4.498286422996898, 4.546734850999201, 4.595111044996884, 4.641027335004765, 4.693846292007947], "final_accuracy": ["accuracy", 0.5]}