{"trial_id": [0, 1, 2, 3, 4, 5, 6, 7, 8, 9, 10, 11, 12, 13, 14, 15, 16, 17, 18, 19, 20, 21, 22, 23, 24, 25, 26, 27, 28, 29, 30, 31, 32, 33, 34, 35, 36, 37, 38, 39, 40, 41, 42, 43, 44, 45, 46, 47, 48, 49, 50, 51, 52, 53, 54, 55, 56, 57, 58, 59, 60, 61, 62, 63, 64, 65, 66, 67, 68, 69, 70, 71, 72, 73, 74, 75, 76, 77, 78, 79, 80, 81, 82, 83, 84, 85, 86, 87, 88, 89, 90, 91, 92, 93, 94, 95, 96, 97, 98, 99], "cv_accuracy": [0.0, 0.49892460000000005, 0.0, 0.0, 0.0, 0.5058064000000001, 0.5053761999999999, 0.0, 0.5333332, 0.0, 0.5126879999999999, 0.0, 0.0, 0.46666679999999994, 0.47225799999999996, 0.0, 0.0, 0.0, 0.552688, 0.0, 0.0, 0.0, 0.0, 0.0, 0.5184946, 0.0, 0.0, 0.5529029999999999, 0.0, 0.0, 0.5135483999999999, 0.0, 0.0, 0.0, 0.0, 0.0, 0.5331181999999999, 0.0, 0.0, 0.0, 0.0, 0.0, 0.0, 0.0, 0.0, 0.0, 0.0, 0.0, 0.5462366000000001, 0.0, 0.0, 0.0, 0.0, 0.0, 0.0, 0.5722579999999999, 0.0, 0.0, 0.0, 0.0, 0.0, 0.0, 0.0, 0.0, 0.5187098000000001, 0.0, 0.0, 0.0, 0.0, 0.4599998, 0.0, 0.4593548, 0.0, 0.0, 0.0, 0.0, 0.0, 0.0, 0.5331181999999999, 0.0, 0.4939786, 0.0, 0.0, 0.5258064, 0.0, 0.0, 0.0, 0.0, 0.5395698, 0.48623659999999996, 0.5189248, 0.49913960000000007, 0.0, 0.0, 0.0, 0.0, 0.0, 0.5187096, 0.0, 0.0], "timestamp": [0.12079762399662286, 1.0815520229953108, 0.20174434399814345, 0.16125922500214074, 0.07435443700524047, 0.31550447500194423, 0.7008817080059089, 0.3553437649970874, 0.3968121399957454, 0.27090022900665645, 0.6128387589997146, 0.5463436779973563, 0.5075989769975422, 0.4694529669941403, 0.7467522889928659, 0.7865948989929166, 0.6546170179935871, 1.2178625950036803, 1.2655605409963755, 0.8910503160004737, 0.9425829450046876, 0.8530039100005524, 1.0384703769959742, 1.0013449260004563, 1.121599599995534, 1.3552516439958708, 1.3088976480066776, 1.5489329239935614, 1.1871452930063242, 1.5017209130019182, 1.5961919999972451, 1.4275085970002692, 1.634680068003945, 1.4277441809972515, 1.8321553499990841, 1.7100185449962737, 2.012604485003976, 1.7892798660031985, 1.8804510079935426, 1.7499960620043566, 1.9391182480030693, 2.0481643920065835, 2.08469657599926, 1.9388032510032644, 2.1305125869985204, 2.189337029994931, 2.231031018003705, 2.3506216340028914, 2.4198959130008006, 2.2726581290044123, 2.3131396230019163, 2.4499410949938465, 2.5880319550051354, 2.691935894006747, 2.5059191519976594, 3.5024061690055532, 2.7291062949952902, 2.555413273992599, 2.7624068900040584, 2.8195991160027916, 2.6497132789954776, 2.859580606003874, 3.0921054880018346, 3.0556936170032714, 2.913464508994366, 3.0053726170008304, 2.9676105130056385, 3.1282239290012512, 3.1910766850051004, 4.832001051996485, 3.2810436349973315, 3.320121137992828, 4.018554017005954, 3.2453716790041653, 3.4471343939949293, 3.4115176420018543, 3.3768908960046247, 3.595992426999146, 4.345735875001992, 3.5530959839961724, 3.7405592809955124, 3.7057459839998046, 3.658439406994148, 3.8480421120038955, 3.907307529996615, 3.8059969339956297, 3.954668638005387, 4.053168002006714, 4.155247741000494, 4.099460408004234, 4.763053782997304, 4.566388885999913, 4.19617348400061, 4.308016517999931, 4.258416433003731, 4.390231622004649, 4.526463012996828, 4.470049404000747, 4.664881257005618, 4.608951200993033], "final_accuracy": ["accuracy", 0.3157894736842105]}