{"trial_id": [0, 1, 2, 3, 4, 5, 6, 7, 8, 9, 10, 11, 12, 13, 14, 15, 16, 17, 18, 19, 20, 21, 22, 23, 24, 25, 26, 27, 28, 29, 30, 31, 32, 33, 34, 35, 36, 37, 38, 39, 40, 41, 42, 43, 44, 45, 46, 47, 48, 49, 50, 51, 52, 53, 54, 55, 56, 57, 58, 59, 60, 61, 62, 63, 64, 65, 66, 67, 68, 69, 70, 71, 72, 73, 74, 75, 76, 77, 78, 79, 80, 81, 82, 83, 84, 85, 86, 87, 88, 89, 90, 91, 92, 93, 94, 95, 96, 97, 98, 99], "cv_accuracy": [0.0, 0.4462364, 0.5529032, 0.0, 0.484946, 0.0, 0.0, 0.0, 0.0, 0.0, 0.4397848, 0.5529032, 0.5131182, 0.0, 0.46043, 0.0, 0.4937636, 0.0, 0.4397848, 0.0, 0.0, 0.49806439999999996, 0.5462364, 0.4397848, 0.0, 0.0, 0.0, 0.0, 0.0, 0.0, 0.0, 0.5397848, 0.0, 0.46623659999999995, 0.0, 0.4524732, 0.0, 0.4726882, 0.5395698, 0.0, 0.48, 0.0, 0.0, 0.0, 0.0, 0.5529032, 0.0, 0.5264515999999999, 0.4397848, 0.0, 0.0, 0.5397848, 0.0, 0.0, 0.0, 0.0, 0.0, 0.0, 0.0, 0.4937636, 0.48645159999999993, 0.0, 0.0, 0.520215, 0.0, 0.0, 0.5333332, 0.5462364, 0.4397848, 0.0, 0.0, 0.0, 0.0, 0.5462366, 0.0, 0.0, 0.0, 0.0, 0.0, 0.0, 0.0, 0.0, 0.0, 0.0, 0.0, 0.0, 0.0, 0.5331181999999999, 0.5333332, 0.4397848, 0.0, 0.0, 0.47892460000000003, 0.452473, 0.5053761999999999, 0.4397848, 0.0, 0.5266666, 0.500215, 0.48666660000000006], "timestamp": [0.17896238299726974, 0.095951116993092, 0.6820797300024424, 0.09643037999921944, 0.9136256499914452, 0.17954044698853977, 0.34221992299717385, 0.37965088899363764, 0.3790651189920027, 0.2795778519939631, 0.4637043149996316, 0.7243879849993391, 0.5877778509893687, 0.5411322399886558, 0.6298433289921377, 0.7711211389978416, 0.8683630849991459, 0.8267903149971971, 0.966111297995667, 0.9658215149975149, 1.0511461659916677, 1.9898171319946414, 1.1597123139945325, 1.1187684379983693, 1.2407255939906463, 1.2829430619894993, 1.2014756629941985, 1.3455672069976572, 1.3959493860020302, 1.439310822999687, 1.4735224619944347, 1.5957146449945867, 1.5446667069918476, 1.684339881001506, 1.7205199619929772, 1.6366274589963723, 1.7721024429920362, 1.9518277600000147, 1.9108812249905895, 1.837440274990513, 1.876855752998381, 2.0225852329895133, 2.107869106999715, 2.1084895509993657, 2.108245954994345, 2.4879033229954075, 2.2377232419967186, 2.3450905619974947, 2.3923900319932727, 2.4320436519919895, 2.3045183349895524, 2.8738637679925887, 2.5459769779990893, 2.584306855991599, 2.675581056988449, 2.6308188709954266, 2.7330035119957756, 2.832699115999276, 2.783252900990192, 3.0603849469916895, 2.930607431990211, 2.931211931994767, 3.0262939009990077, 3.1685843750019558, 3.111748062990955, 3.21986839499732, 3.3166222399886465, 3.5060802969965152, 3.267627528999583, 3.358848276999197, 3.413281253990135, 3.4664688209886663, 3.5500535710016266, 3.9359194839926204, 3.604570284995134, 3.6588676489918726, 3.7911264799913624, 3.7126303569966694, 3.7528007849905407, 3.849150217996794, 3.894447238999419, 4.03811660700012, 4.078498923990992, 3.9888210259960033, 4.132685140997637, 4.208496355000534, 4.170048372994643, 4.572885834000772, 4.533983283996349, 4.2748386379971635, 4.383987630993943, 4.342811644994072, 4.42476604199328, 4.492237949001719, 4.71159319599974, 4.673715418000938, 4.623353274000692, 4.814014871997642, 4.757665974000702, 4.8428246900002705], "final_accuracy": ["accuracy", 0.42105263157894735]}