{"trial_id": [0, 1, 2, 3, 4, 5, 6, 7, 8, 9, 10, 11, 12, 13, 14, 15, 16, 17, 18, 19, 20, 21, 22, 23, 24, 25, 26, 27, 28, 29, 30, 31, 32, 33, 34, 35, 36, 37, 38, 39, 40, 41, 42, 43, 44, 45, 46, 47, 48, 49, 50, 51, 52, 53, 54, 55, 56, 57, 58, 59, 60, 61, 62, 63, 64, 65, 66, 67, 68, 69, 70, 71, 72, 73, 74, 75, 76, 77, 78, 79, 80, 81, 82, 83, 84, 85, 86, 87, 88, 89, 90, 91, 92, 93, 94, 95, 96, 97, 98, 99], "cv_accuracy": [0.0, 0.0, 0.549003, 0.0, 0.0, 0.0, 0.0, 0.0, 0.0, 0.4954414, 0.0, 0.5569801999999999, 0.0, 0.437322, 0.0, 0.0, 0.0, 0.5413106, 0.0, 0.5569801999999999, 0.5176638, 0.488034, 0.0, 0.0, 0.6165246, 0.0, 0.0, 0.0, 0.0, 0.0, 0.0, 0.0, 0.0, 0.488034, 0.0, 0.0, 0.0, 0.0, 0.0, 0.5415956, 0.488034, 0.0, 0.5415956, 0.0, 0.0, 0.0, 0.609402, 0.0, 0.5176638, 0.0, 0.0, 0.0, 0.5108264, 0.0, 0.0, 0.0, 0.0, 0.0, 0.0, 0.0, 0.488034, 0.0, 0.5569801999999999, 0.0, 0.0, 0.0, 0.0, 0.0, 0.5185185999999999, 0.6019943999999999, 0.0, 0.0, 0.0, 0.488034, 0.0, 0.0, 0.0, 0.0, 0.488034, 0.488034, 0.0, 0.5102564, 0.0, 0.0, 0.0, 0.0, 0.0, 0.0, 0.488034, 0.0, 0.0, 0.0, 0.6162395999999999, 0.6239319999999999, 0.0, 0.5643876, 0.5720799999999999, 0.5492877999999999, 0.0, 0.5715104], "timestamp": [0.2356484409974655, 0.19281797599978745, 1.407831920994795, 0.15305427799466997, 0.10230938099266496, 0.23464665000210516, 0.39538010899559595, 0.4741272649989696, 0.435410045000026, 0.5895723400026327, 0.34156679500301834, 0.7149782689957647, 0.6378521970036672, 0.6766014070017263, 0.5508722579979803, 0.8295401049981592, 0.787898951995885, 0.9730983740009833, 0.8835452570056077, 0.9336701220017858, 1.0660772599949269, 1.0241497380047804, 1.1150138389930362, 1.177342602997669, 3.2242570469970815, 1.2715905020013452, 1.2316277929930948, 1.3091534870036412, 1.3709086879971437, 1.5078037159983069, 1.5624745300010545, 1.4588599449925823, 1.657775234998553, 1.6084450670023216, 1.7009622879995732, 1.7438872659986373, 1.845788681996055, 1.8094007119943853, 1.9419208559993422, 1.9965288829989731, 1.900061705004191, 2.0589584770059446, 2.189520571002504, 2.148634276003577, 2.1032123409968335, 2.2324254980048863, 2.884907332001603, 2.305734933994245, 2.39271438299329, 2.433391140992171, 2.3426583029940957, 2.5408953549922444, 2.6312723650044063, 2.5878403639944736, 2.5032941319950623, 2.697536877996754, 2.7359607910038903, 2.82309589900251, 2.7356857270060573, 2.9731876159930835, 3.0219914780027466, 2.934928189002676, 3.3176398990035523, 3.0828261470014695, 3.2733152610016987, 3.1335172739927657, 3.183653382002376, 3.3550702829961665, 3.408620433998294, 3.948274121998111, 3.461626766991685, 3.5178900989994872, 3.5606743389944313, 3.594092254003044, 3.6394757599919103, 3.69057295199309, 4.073221989005106, 3.8428253040037816, 3.757726591997198, 3.80199988700042, 3.890791193000041, 3.9953384090040345, 4.0373827400035225, 4.164559384997119, 4.036846299000899, 4.211729400005424, 4.272379717993317, 4.367950460000429, 4.315054552993388, 4.404889647994423, 4.4483647430024575, 4.4823985650000395, 4.879292205994716, 4.98154397799226, 4.5693836659920635, 4.670353619003436, 4.821344825002598, 4.628674097999465, 4.7250600749976, 4.783092330995714], "final_accuracy": ["accuracy", 0.4473684210526316]}