{"trial_id": [0, 1, 2, 3, 4, 5, 6, 7, 8, 9, 10, 11, 12, 13, 14, 15, 16, 17, 18, 19, 20, 21, 22, 23, 24, 25, 26, 27, 28, 29, 30, 31, 32, 33, 34, 35, 36, 37, 38, 39, 40, 41, 42, 43, 44, 45, 46, 47, 48, 49, 50, 51, 52, 53, 54, 55, 56, 57, 58, 59, 60, 61, 62, 63, 64, 65, 66, 67, 68, 69, 70, 71, 72, 73, 74, 75, 76, 77, 78, 79, 80, 81, 82, 83, 84, 85, 86, 87, 88, 89, 90, 91, 92, 93, 94, 95, 96, 97, 98, 99], "cv_accuracy": [0.0, 0.0, 0.0, 0.0, 0.0, 0.5684212, 0.0, 0.0, 0.5263158, 0.0, 0.0, 0.0, 0.5789476, 0.0, 0.0, 0.0, 0.0, 0.0, 0.0, 0.0, 0.0, 0.0, 0.5157894, 0.0, 0.0, 0.0, 0.0, 0.0, 0.0, 0.4526316, 0.0, 0.28421060000000004, 0.0, 0.0, 0.0, 0.0, 0.0, 0.0, 0.0, 0.0, 0.4421052, 0.0, 0.0, 0.0, 0.0, 0.0, 0.0, 0.0, 0.0, 0.0, 0.0, 0.27368439999999994, 0.0, 0.0, 0.0, 0.0, 0.0, 0.0, 0.0, 0.0, 0.0, 0.0, 0.4105264, 0.0, 0.0, 0.5157894, 0.0, 0.0, 0.0, 0.0, 0.0, 0.27368439999999994, 0.336842, 0.0, 0.5157894, 0.0, 0.5052632, 0.0, 0.0, 0.0, 0.0, 0.5263158, 0.0, 0.4842104, 0.5157896, 0.0, 0.0, 0.0, 0.0, 0.0, 0.0, 0.0, 0.4736842, 0.27368439999999994, 0.0, 0.27368439999999994, 0.326316, 0.0, 0.4, 0.4631578], "timestamp": [0.27098385299905203, 0.15139075700426474, 0.09375420800643042, 0.15190925399656408, 0.1906659380038036, 0.6620676960010314, 0.3447588690032717, 0.4641595819994109, 0.7281234849942848, 0.3449041150015546, 0.4216119949996937, 0.5798338610038627, 0.7783225599996513, 0.54431029400439, 0.5808432649937458, 0.9415864930051612, 0.903767202005838, 0.8201294769969536, 0.865812124000513, 1.0095764139987295, 1.0098620729986578, 1.0963431949930964, 1.2280751619982766, 1.1795056330010993, 1.1380694450053852, 1.337065967003582, 1.286189998005284, 1.3775956290046452, 1.4208858289930504, 1.526125663993298, 1.4659944199956954, 1.565753927003243, 1.658936375999474, 1.618996071993024, 1.7018626259960001, 1.7352097069961019, 1.8423234420042718, 1.7961590189952403, 1.8970591709949076, 1.9398924429988256, 2.428322855994338, 1.9792563509981846, 2.0433894129964756, 2.0891104720067233, 2.1803426499973284, 2.238052172004245, 2.141904396004975, 2.288888759998372, 2.3317962839937536, 2.4663402900041547, 2.3816476259962656, 2.571120816995972, 2.5315752339956816, 2.572271601005923, 2.6625400460034143, 2.7568821320019197, 2.6987544400035404, 2.8561945279943757, 2.8974268110032426, 2.813670778006781, 2.9851562039984856, 2.9407012890005717, 3.036357703997055, 3.095248438999988, 3.138761805006652, 3.8919278779940214, 3.1861931059975177, 3.228913262995775, 3.280647299005068, 3.3392051279952284, 3.3803587069996865, 3.430087935004849, 3.790001080997172, 3.481830685006571, 4.52356395899551, 3.5386752579943277, 4.947606175002875, 3.610263328999281, 3.668378396992921, 3.7462889040034497, 3.831604253005935, 4.26841641899955, 3.962004162996891, 4.130148338997969, 4.170268522997503, 4.053025169996545, 4.217269825996482, 4.376396052000928, 4.3345354110060725, 4.416634232999058, 4.470988696004497, 4.567661673994735, 5.094512765004765, 4.567342006004765, 4.6592724609945435, 4.706538030994125, 4.756672617004369, 4.798350381999626, 4.839310852999915, 4.888005180997425], "final_accuracy": ["accuracy", 0.4473684210526316]}