{"trial_id": [0, 1, 2, 3, 4, 5, 6, 7, 8, 9, 10, 11, 12, 13, 14, 15, 16, 17, 18, 19, 20, 21, 22, 23, 24, 25, 26, 27, 28, 29, 30, 31, 32, 33, 34, 35, 36, 37, 38, 39, 40, 41, 42, 43, 44, 45, 46, 47, 48, 49, 50, 51, 52, 53, 54, 55, 56, 57, 58, 59, 60, 61, 62, 63, 64, 65, 66, 67, 68, 69, 70, 71, 72, 73, 74, 75, 76, 77, 78, 79, 80, 81, 82, 83, 84, 85, 86, 87, 88, 89, 90, 91, 92, 93, 94, 95, 96, 97, 98, 99], "cv_accuracy": [0.4658118, 0.0, 0.0, 0.0, 0.0, 0.49772059999999996, 0.0, 0.0, 0.0, 0.5262108000000001, 0.0, 0.0, 0.5202278, 0.0, 0.5495728, 0.0, 0.0, 0.0, 0.43532760000000004, 0.0, 0.5111112, 0.0, 0.43532760000000004, 0.5111112, 0.0, 0.0, 0.43532760000000004, 0.0, 0.0, 0.5495728000000001, 0.5498576, 0.0, 0.0, 0.0, 0.5199429999999999, 0.0, 0.0, 0.0, 0.0, 0.0, 0.0, 0.518234, 0.0, 0.5259262, 0.43532760000000004, 0.0, 0.0, 0.0, 0.0, 0.0, 0.0, 0.0, 0.5350428, 0.0, 0.5495728000000001, 0.0, 0.0, 0.5262108000000001, 0.0, 0.0, 0.0, 0.43532760000000004, 0.0, 0.0, 0.0, 0.0, 0.0, 0.0, 0.5259262, 0.5421653999999999, 0.0, 0.5487181999999999, 0.0, 0.0, 0.5105413999999999, 0.5350428, 0.0, 0.534758, 0.6099716000000001, 0.0, 0.0, 0.0, 0.5495728000000001, 0.0, 0.0, 0.0, 0.0, 0.5262108000000001, 0.43532760000000004, 0.0, 0.511681, 0.0, 0.43532760000000004, 0.5797722000000001, 0.0, 0.0, 0.45868919999999996, 0.0, 0.5495728000000001, 0.0], "timestamp": [0.20694137099781074, 0.12985492900770623, 0.24792947100650053, 0.12932152600842528, 0.0842200920014875, 0.4099539760063635, 0.36222438400727697, 0.4458046369982185, 0.4878150989970891, 0.5516477210039739, 0.3266988749965094, 0.6444937519991072, 0.7490741390065523, 0.606594719007262, 1.0757877300056862, 0.6851438650046475, 0.7939699569978984, 0.8585923079954227, 0.8591935690055834, 0.9386001460079569, 0.9995746460044757, 1.0006117739976617, 1.3147005430073477, 1.3588021540053887, 1.1441835080040619, 1.2793320790078724, 1.2386578699952224, 1.1899825830041664, 1.4220711509988178, 1.6270248110085959, 1.6890711460000603, 1.5266824580030516, 1.5664089299971238, 1.4838597950001713, 1.8669536060042446, 1.723946693004109, 1.8084104099980323, 1.7647415710089263, 1.9044010719953803, 1.9985694850038271, 2.0767901350045577, 1.9599087149981642, 2.034279323008377, 2.142055281001376, 2.1417169960041065, 2.269572881006752, 2.352251300995704, 2.3134466110059293, 2.2291337049973663, 2.4049798199994257, 2.438228024999262, 2.493972506999853, 2.538117856005556, 2.5735761770047247, 3.264938919004635, 2.643343443007325, 2.6440677890059305, 2.7699353369971504, 2.820654404000379, 2.728737141995225, 2.883466290004435, 2.923137530000531, 2.9695037189958384, 3.008280485999421, 3.0499893649976, 3.1212389550055377, 3.159638390003238, 3.2053752270003315, 3.4441002020030282, 3.320591826006421, 3.3210107659979258, 3.7041995440085884, 3.4042053340090206, 3.5040813570085447, 3.609829004999483, 3.661443667995627, 3.5745982929947786, 3.8025660120038083, 4.741217932998552, 3.8526198040053714, 3.7612508830061415, 3.8961707599955844, 4.102611609006999, 4.003252793001593, 3.9607220990001224, 4.1397121059999336, 4.051716754998779, 4.293929904000834, 4.211512590001803, 4.211879797003348, 4.38936400100647, 4.339220426001702, 4.48838551400695, 4.901157986008911, 4.451316699007293, 4.545168270997237, 4.594780158004141, 4.644964389997767, 4.776575320007396, 4.698993066005642], "final_accuracy": ["accuracy", 0.39473684210526316]}