{"trial_id": [0, 1, 2, 3, 4, 5, 6, 7, 8, 9, 10, 11, 12, 13, 14, 15, 16, 17, 18, 19, 20, 21, 22, 23, 24, 25, 26, 27, 28, 29, 30, 31, 32, 33, 34, 35, 36, 37, 38, 39, 40, 41, 42, 43, 44, 45, 46, 47, 48, 49, 50, 51, 52, 53, 54, 55, 56, 57, 58, 59, 60, 61, 62, 63, 64, 65, 66, 67, 68, 69, 70, 71, 72, 73, 74, 75, 76, 77, 78, 79, 80, 81, 82, 83, 84, 85, 86, 87, 88, 89, 90, 91, 92, 93, 94, 95, 96, 97, 98, 99], "cv_accuracy": [0.0, 0.0, 0.0, 0.5462364, 0.0, 0.0, 0.5460213999999999, 0.6184946, 0.0, 0.0, 0.0, 0.0, 0.0, 0.0, 0.0, 0.0, 0.0, 0.5329032, 0.0, 0.5055914, 0.0, 0.0, 0.5070968, 0.5133333999999999, 0.512043, 0.512258, 0.0, 0.0, 0.5329032, 0.09333340000000001, 0.0, 0.0, 0.5333332, 0.0, 0.0, 0.0, 0.6109678000000001, 0.0, 0.0, 0.0, 0.0, 0.0, 0.0, 0.0, 0.0, 0.0, 0.0, 0.0, 0.0, 0.0, 0.0, 0.5462364, 0.0, 0.5395698, 0.4593548, 0.0, 0.5333332, 0.0, 0.0, 0.0, 0.38903219999999994, 0.0, 0.0, 0.5055914, 0.0, 0.4864516, 0.0, 0.0, 0.5333332, 0.5720430000000001, 0.0, 0.0, 0.42838719999999997, 0.4526879999999999, 0.0, 0.0, 0.47247300000000003, 0.0, 0.0, 0.0, 0.0, 0.0, 0.0, 0.48709679999999994, 0.0, 0.0, 0.0, 0.0, 0.5264515999999999, 0.0, 0.0, 0.5582796, 0.0, 0.0, 0.5793548, 0.0, 0.5253764000000001, 0.5791398000000001, 0.0, 0.0], "timestamp": [0.1398401729966281, 0.2283398860017769, 0.1404685659945244, 0.31245069099531975, 0.2725367829989409, 0.09224899399850983, 0.9197063049941789, 1.0582572139974218, 0.4180029989947798, 0.37484985300397966, 0.49828768099541776, 0.45552808699721936, 0.8232928030047333, 0.6468680239922833, 0.6100631330045871, 0.5649254860036308, 0.7084978909988422, 1.1034053769981256, 0.7596997590007959, 0.9759229509945726, 0.8626749419927364, 1.0209819169976981, 1.2170196340011898, 1.1035943970055087, 1.2561796049994882, 1.3465411600045627, 1.3116546099918196, 1.3891167340043467, 1.5707926899922313, 1.9098581610014662, 1.4557505730044795, 1.619098266994115, 1.762942714995006, 1.5125664619990857, 1.653233506003744, 1.7078111029986758, 3.5847073609911604, 2.5848336670023855, 1.8080481880024308, 1.8465029749932, 2.00549124799727, 2.046489892003592, 1.948641865994432, 2.153789510994102, 2.095611982003902, 2.246215745995869, 2.344614917994477, 2.193570378993172, 2.39223094600311, 2.2982098069915082, 2.4430739270028425, 2.490430606994778, 2.5454285129962955, 2.7385929849988315, 2.638347400003113, 2.6869417739944765, 3.0309524909971515, 2.7858715430047596, 2.831068001993117, 2.878276443996583, 3.690381915002945, 2.95028255500074, 2.988416709995363, 3.067253856002935, 3.1861460259970045, 3.2256318110012216, 3.288831953992485, 3.1384454520011786, 3.540598991996376, 3.411704864993226, 3.3330344729911303, 3.4429751970019424, 3.4425942020025104, 3.73879496200243, 3.771240606001811, 3.6323870490014087, 3.8146249870042084, 3.859619759998168, 3.899934179993579, 3.966142780991504, 4.0230738849932095, 4.050907042998006, 4.093959776000702, 4.184039710991783, 4.141756944998633, 4.246092782996129, 4.297377408001921, 4.485264286995516, 4.332273737993091, 4.373438567999983, 4.418477800005348, 4.880856321004103, 4.60389167899848, 4.549023857995053, 4.708836290999898, 4.520496640005149, 4.799064142003772, 4.929564837002545, 4.653303329003393, 4.764761327998713], "final_accuracy": ["accuracy", 0.3684210526315789]}