{"trial_id": [0, 1, 2, 3, 4, 5, 6, 7, 8, 9, 10, 11, 12, 13, 14, 15, 16, 17, 18, 19, 20, 21, 22, 23, 24, 25, 26, 27, 28, 29, 30, 31, 32, 33, 34, 35, 36, 37, 38, 39, 40, 41, 42, 43, 44, 45, 46, 47, 48, 49, 50, 51, 52, 53, 54, 55, 56, 57, 58, 59, 60, 61, 62, 63, 64, 65, 66, 67, 68, 69, 70, 71, 72, 73, 74, 75, 76, 77, 78, 79, 80, 81, 82, 83, 84, 85, 86, 87, 88, 89, 90, 91, 92, 93, 94, 95, 96, 97, 98, 99], "cv_accuracy": [0.0, 0.0, 0.0, 0.534473, 0.0, 0.370655, 0.43532760000000004, 0.0, 0.541026, 0.0, 0.0, 0.0, 0.5418803999999999, 0.5418806, 0.5259262, 0.0, 0.0, 0.0, 0.5185185999999999, 0.511681, 0.0, 0.0, 0.0, 0.5410256, 0.0, 0.5185185999999999, 0.0, 0.0, 0.0, 0.43532760000000004, 0.5042734, 0.0, 0.0, 0.0, 0.0, 0.0, 0.5333336, 0.0, 0.0, 0.0, 0.0, 0.5495728000000001, 0.0, 0.0, 0.0, 0.5421653999999999, 0.534473, 0.5495728000000001, 0.5190884, 0.0, 0.0, 0.0, 0.0, 0.0, 0.0, 0.0, 0.0, 0.48888879999999996, 0.0, 0.0, 0.0, 0.0, 0.0, 0.0, 0.0, 0.0, 0.48860400000000004, 0.0, 0.5276352, 0.0, 0.0, 0.0, 0.0, 0.0, 0.0, 0.0, 0.0, 0.4358974, 0.0, 0.0, 0.0, 0.0, 0.0, 0.0, 0.0, 0.0, 0.0, 0.0, 0.0, 0.0, 0.0, 0.0, 0.0, 0.0, 0.0, 0.0, 0.0, 0.5202278, 0.0, 0.0], "timestamp": [0.18271927199384663, 0.09813363300054334, 0.3088251219887752, 0.2565737580007408, 0.1429056709894212, 0.4382503879896831, 0.3936872779886471, 0.3535992809920572, 1.3331308539927704, 0.4962594779935898, 0.7551086049934383, 0.5523710229899734, 0.6050583879987244, 1.0405780360015342, 0.6536680129938759, 0.710333062990685, 0.8405656480026664, 0.8017395490023773, 1.0010660909902072, 0.9558594819973223, 1.0745080329943448, 0.924023692990886, 1.1876715699909255, 1.8187383369950112, 1.2301599579950562, 1.2884048859996255, 1.1504697399941506, 1.4570169700018596, 1.4186611949990038, 1.37670527100272, 1.5173781589983264, 1.5756352549942676, 1.6185717899934389, 1.7041137969936244, 1.6574562979949405, 1.7513328189961612, 1.9951230759907048, 1.909843835994252, 1.8682954219984822, 1.946773994990508, 2.089741300995229, 2.1435469379939605, 2.1437089419923723, 2.1443272789911134, 2.0556454729958205, 2.1441075549955713, 2.7353231119923294, 2.5816052399895852, 2.475797937993775, 2.3897612979926635, 2.348436252999818, 2.4292071359959664, 2.5460731119965203, 3.296899052002118, 2.6832011450023856, 2.6219798870006343, 2.858098943994264, 2.781467836990487, 2.7816880289901746, 3.1406756049982505, 2.9533189950016094, 3.0452612379885977, 3.09792771100183, 2.918082668998977, 3.183418642001925, 3.0148861149937147, 3.3701184620003914, 3.251831310990383, 3.4640475019987207, 3.412680982000893, 3.2973895350005478, 3.57782994498848, 3.698783685991657, 3.5358174509892706, 3.6513194979925174, 3.616100489991368, 3.753619651994086, 3.819988499992178, 3.928134275993216, 3.9010287150013028, 3.8626932490005856, 3.9728662580018863, 4.017527391988551, 4.126266969993594, 4.172136262001004, 4.304932451996137, 4.088712255994324, 4.253779701000894, 4.213431630996638, 4.405101878001005, 4.530237408995163, 4.363511574993026, 4.490030078988639, 4.4445952709938865, 4.58652806498867, 4.724420170998201, 4.630606431994238, 4.677579399998649, 4.832880331989145, 4.759545572989737], "final_accuracy": ["accuracy", 0.42105263157894735]}