{"trial_id": [0, 1, 2, 3, 4, 5, 6, 7, 8, 9, 10, 11, 12, 13, 14, 15, 16, 17, 18, 19, 20, 21, 22, 23, 24, 25, 26, 27, 28, 29, 30, 31, 32, 33, 34, 35, 36, 37, 38, 39, 40, 41, 42, 43, 44, 45, 46, 47, 48, 49, 50, 51, 52, 53, 54, 55, 56, 57, 58, 59, 60, 61, 62, 63, 64, 65, 66, 67, 68, 69, 70, 71, 72, 73, 74, 75, 76, 77, 78, 79, 80, 81, 82, 83, 84, 85, 86, 87, 88, 89, 90, 91, 92, 93, 94, 95, 96, 97, 98, 99], "cv_accuracy": [0.0, 0.5789472, 0.0, 0.5052632, 0.4210526, 0.0, 0.0, 0.5368421999999999, 0.0, 0.0, 0.0, 0.0, 0.0, 0.0, 0.0, 0.0, 0.0, 0.0, 0.0, 0.0, 0.5473686, 0.0, 0.0, 0.0, 0.0, 0.0, 0.0, 0.0, 0.0, 0.0, 0.505263, 0.0, 0.5263158, 0.0, 0.0, 0.0, 0.0, 0.5157894, 0.0, 0.0, 0.0, 0.0, 0.0, 0.0, 0.0, 0.0, 0.5157896, 0.0, 0.0, 0.0, 0.0, 0.39999979999999996, 0.0, 0.0, 0.0, 0.5789473999999999, 0.0, 0.0, 0.0, 0.0, 0.0, 0.5157894, 0.0, 0.0, 0.5157896, 0.5157894, 0.5894738, 0.0, 0.0, 0.0, 0.0, 0.49473700000000004, 0.5368421999999999, 0.5578947999999999, 0.5473686, 0.0, 0.0, 0.0, 0.5368419999999999, 0.0, 0.5052632, 0.505263, 0.0, 0.0, 0.0, 0.0, 0.5368421999999999, 0.0, 0.0, 0.0, 0.0, 0.0, 0.0, 0.5052632, 0.0, 0.0, 0.0, 0.5894737999999999, 0.0, 0.0], "timestamp": [0.10717440200096462, 0.7114005870098481, 0.10828652100462932, 0.24757144101022277, 0.28545184701215476, 0.19739606900839135, 0.385874377010623, 1.397592840003199, 0.3473630610096734, 0.48485288400843274, 0.7488909230014542, 0.528747854012181, 0.44626775600772817, 0.5813128470035736, 0.6235033490083879, 0.6624921250040643, 0.796389346010983, 0.836183630002779, 0.8767695900023682, 0.969700298999669, 2.0375943740073126, 1.056038131006062, 0.9377536470128689, 1.0114339020074112, 1.1667799850110896, 1.1284200440131826, 1.2069727460038848, 1.2460132970009, 1.3029193969996413, 1.3496923670027172, 4.296969776012702, 1.5917771189997438, 1.4963716890051728, 1.4591429420106579, 1.4960023190069478, 1.7419832420127932, 1.6989570320001803, 1.6549256800062722, 1.787456258010934, 1.8505937610025285, 1.898634335011593, 1.9861542010039557, 1.950692569007515, 2.0750133500114316, 2.121656264003832, 2.195987144004903, 2.394118515003356, 2.2818733460007934, 2.2826885130052688, 2.234002021010383, 2.4933981970098102, 2.6500495440122904, 2.435935004003113, 2.543175394006539, 2.586354362007114, 3.02014483801031, 2.6850468140037265, 2.7787881460099015, 2.7261623710073764, 2.9279284730000654, 2.845325517002493, 2.975574364012573, 2.893489660011255, 3.082414028001949, 3.320410157000879, 3.251325747012743, 3.4091093170136446, 3.1355480310012354, 3.2022712290054187, 3.28712075301155, 3.373432694002986, 3.4791062000003876, 3.682182240008842, 3.8694587070058333, 3.6154720800113864, 3.5119040020072134, 3.7176628790039103, 3.5777718140016077, 4.041710103003425, 3.754469573003007, 3.9688060090120416, 3.930105972001911, 3.830558182002278, 3.998024726010044, 4.1086270500090905, 4.201710485009244, 4.578991012007464, 4.202536302007502, 4.147118932000012, 4.334566151010222, 4.379508271013037, 4.4975223210058175, 4.428690111002652, 4.694432347008842, 4.499029975006124, 4.620444592001149, 4.657621729013044, 4.8388261680083815, 4.749578950009891, 4.7986036440124735], "final_accuracy": ["accuracy", 0.4342105263157895]}