{"trial_id": [0, 1, 2, 3, 4, 5, 6, 7, 8, 9, 10, 11, 12, 13, 14, 15, 16, 17, 18, 19, 20, 21, 22, 23, 24, 25, 26, 27, 28, 29, 30, 31, 32, 33, 34, 35, 36, 37, 38, 39, 40, 41, 42, 43, 44, 45, 46, 47, 48, 49, 50, 51, 52, 53, 54, 55, 56, 57, 58, 59, 60, 61, 62, 63, 64, 65, 66, 67, 68, 69, 70, 71, 72, 73, 74, 75, 76, 77, 78, 79, 80, 81, 82, 83, 84, 85, 86, 87, 88, 89, 90, 91, 92, 93, 94, 95, 96, 97, 98, 99], "cv_accuracy": [0.609687, 0.0, 0.5641027999999999, 0.0, 0.0, 0.5566952, 0.0, 0.0, 0.0, 0.0, 0.5113958, 0.0, 0.5492877999999999, 0.5492877999999999, 0.5495728, 0.0, 0.0, 0.0, 0.5413108, 0.0, 0.0, 0.5792024, 0.0, 0.0, 0.595157, 0.0, 0.0, 0.0, 0.0, 0.0, 0.5717949999999999, 0.0, 0.0, 0.0, 0.0, 0.0, 0.41396, 0.0, 0.0, 0.0, 0.5643876000000001, 0.5643876, 0.0, 0.0, 0.0, 0.5492877999999999, 0.0, 0.5643876, 0.5267807999999999, 0.0, 0.5185185999999999, 0.0, 0.0, 0.0, 0.0, 0.0, 0.5717949999999999, 0.5643876, 0.0, 0.5131053999999999, 0.0, 0.0, 0.0, 0.0, 0.0, 0.0, 0.0, 0.0, 0.5418803999999999, 0.5267804, 0.0, 0.0, 0.0, 0.0, 0.5341882, 0.0, 0.5717949999999999, 0.45840460000000005, 0.0, 0.0, 0.5490032, 0.0, 0.0, 0.4880342, 0.0, 0.0, 0.0, 0.0, 0.0, 0.5495726000000001, 0.5566952, 0.0, 0.0, 0.0, 0.0, 0.60114, 0.0, 0.6091171999999999, 0.0, 0.0], "timestamp": [0.6580773540044902, 0.11479972999950405, 0.21760307899967302, 0.16241551301209256, 0.4332649540010607, 0.6231659420009237, 0.3319444790104171, 0.28781497600721195, 0.38197667700296734, 0.4878173210017849, 0.5319639049994294, 0.5841103900020244, 0.7224480850127293, 0.7889976930018747, 0.901799478000612, 0.8288418100128183, 0.8706708520039683, 0.9418153350125067, 0.9914990730030695, 1.0631756850052625, 1.10402388201328, 1.260488237006939, 1.1825591730012093, 1.1449160280026263, 1.9194289320003008, 1.3397028500039596, 1.376778085003025, 1.4225147730030585, 1.2603132860094775, 1.4963676240004133, 1.8297977660113247, 1.5875921140104765, 1.6236913020111388, 1.5418593710055575, 1.6968539820081787, 1.7361567080079112, 1.868343646012363, 1.7789010280102957, 1.9720779040071648, 2.0135206560080405, 2.064424582000356, 2.4036391640111106, 2.1064050260029035, 2.1596804430009797, 2.2153450730111217, 2.2654157070064684, 2.9214266240014695, 2.3203758599993307, 2.3603525230137166, 2.455283847011742, 2.5102759920118842, 2.6012306730117416, 2.5601849340018816, 2.6997181850019842, 2.654184222003096, 2.747254370013252, 2.8456569580012, 3.0772800900012953, 2.884941656011506, 2.9914919500006363, 2.811020068009384, 3.2171506120066624, 3.076918849008507, 3.1614973380055744, 3.0372911160084186, 3.2763497220003046, 3.3216350940056145, 3.4010178520111367, 3.465310039013275, 3.362650080001913, 3.503646356999525, 3.5446140810090583, 3.8351339640066726, 3.637154731011833, 3.5969881790078944, 3.7502322060026927, 3.9273534400126664, 3.7911441730102524, 3.835856514007901, 3.7104360640078085, 3.9974829470011173, 4.080450920009753, 4.036585748006473, 4.205700399004854, 4.1168694400112145, 4.159057570010191, 4.347329197000363, 4.271001901011914, 4.305207952013006, 4.7593704700120725, 4.439642659010133, 4.3931598990020575, 4.578504621007596, 4.5016542760131415, 4.535284251003759, 4.8960108760074945, 4.620633983009611, 4.9588960820110515, 4.684428434004076, 4.721862642007181], "final_accuracy": ["accuracy", 0.3684210526315789]}