{"3":2.6773567199707,"1":4.26599621772766,"2":3.15882110595703,"4":3.61744713783264}
