{"1": 0.7692307692307693, "2": 0.6923076923076923, "3": 0.8846153846153846, "4": 0.9807692307692307}