{"1": 6.368526220321655, "2": 7.1910560131073, "3": 6.478214263916016, "4": 7.088125944137573}