{"4":0.756539235412475,"1":0.496503496503497,"3":0.80672268907563,"2":0.898120672601385}
