{"4":1.21096014976501,"1":1.49030089378357,"3":1.27810120582581,"2":1.08640480041504}
