{"4":0.754527162977867,"1":0.510489510489511,"3":0.868347338935574,"2":0.908011869436202}
