{"4":10.953551530838,"1":14.3199005126953,"3":12.3067388534546,"2":13.4279406070709}
