{"2":0.728196382522583,"4":0.719707727432251,"3":0.729389905929565,"5":0.733098030090332,"1":0.756220102310181}
