{"3":0.263157894736842,"2":0.421052631578947,"1":0.131578947368421,"4":0.421052631578947}
