{"3":0.500096559524536,"2":0.493871212005615,"1":0.562305450439453,"4":0.496788501739502}
