{"trial_id": [0, 1, 2, 3, 4, 5, 6, 7, 8, 9, 10, 11, 12, 13, 14, 15, 16, 17, 18, 19, 20, 21, 22, 23, 24, 25, 26, 27, 28, 29, 30, 31, 32, 33, 34, 35, 36, 37, 38, 39, 40, 41, 42, 43, 44, 45, 46, 47, 48, 49, 50, 51, 52, 53, 54, 55, 56, 57, 58, 59, 60, 61, 62, 63, 64, 65, 66, 67, 68, 69, 70, 71, 72, 73, 74, 75, 76, 77, 78, 79, 80, 81, 82, 83, 84, 85, 86, 87, 88, 89, 90, 91, 92, 93, 94, 95, 96, 97, 98, 99], "cv_accuracy": [0.1375, 0.14375, 0.1375, 0.1375, 0.1375, 0.1375, 0.1375, 0.1375, 0.1375, 0.1375, 0.14375, 0.1375, 0.14375, 0.1375, 0.1375, 0.1375, 0.1375, 0.1375, 0.1375, 0.1375, 0.14375, 0.1375, 0.1375, 0.1375, 0.1375, 0.1375, 0.14375, 0.1375, 0.1375, 0.1375, 0.1375, 0.1375, 0.1375, 0.14375, 0.1375, 0.1375, 0.1375, 0.15, 0.14375, 0.1375, 0.1375, 0.14375, 0.15, 0.1375, 0.1375, 0.14375, 0.1375, 0.1375, 0.1375, 0.1375, 0.1375, 0.1375, 0.1375, 0.1375, 0.1375, 0.1375, 0.1375, 0.1375, 0.14375, 0.1375, 0.1375, 0.1375, 0.1375, 0.1375, 0.1375, 0.1375, 0.1375, 0.1375, 0.1375, 0.1375, 0.1375, 0.1375, 0.14375, 0.14375, 0.1375, 0.1375, 0.1375, 0.1375, 0.1375, 0.1375, 0.1375, 0.1375, 0.1375, 0.1375, 0.14375, 0.1375, 0.1375, 0.1375, 0.1375, 0.1375, 0.1375, 0.1375, 0.1375, 0.1375, 0.14375, 0.1375, 0.1375, 0.1375, 0.1375, 0.1375], "timestamp": [0.21173262000957038, 0.7645663000002969, 0.08737284100789111, 0.2747825420083245, 0.16185799200320616, 0.1249611770035699, 0.3166912340093404, 0.7641177180048544, 0.49374062901188154, 0.4021350200055167, 0.6873535260092467, 0.441915298011736, 0.7225481270143064, 0.5448805350024486, 0.6462452330015367, 0.5987276420055423, 0.869712811007048, 0.9056988840020495, 1.074257670014049, 1.276400292001199, 1.1534014880016912, 1.1102852130134124, 0.9783901820046594, 1.1997356080100872, 1.0309802150004543, 1.2389550800144207, 1.4178169500082731, 1.377784195006825, 1.4641540330048883, 1.6023134180140914, 1.5102715150133008, 1.3431689420103794, 2.249504057006561, 1.7090807580098044, 1.9024225190078141, 1.6595913400087738, 1.5691972840140807, 1.9705945920140948, 1.7578126170119504, 1.8089281030115671, 2.300264175006305, 1.8630365740100387, 2.7393603330128826, 2.007997600012459, 2.047303830011515, 2.1740462200104957, 2.2129337750084233, 2.116737185002421, 2.6532427920028567, 2.610691049005254, 2.3685770540032536, 2.4170751930068946, 2.9384670020081103, 2.4663789220066974, 2.5200459730112925, 2.568670665001264, 2.700313189008739, 2.8419252970052185, 3.0002931270137196, 3.0844277720025275, 3.039896468006191, 2.7983567240007687, 2.904916839004727, 3.2218597710016184, 3.133091295007034, 3.1727285940141883, 3.353408612005296, 3.2746719340066193, 3.3122674790065503, 3.4084402580047026, 3.6074359780031955, 3.457707149005728, 3.5423198170028627, 3.7751393180078594, 3.505515926008229, 3.647255040006712, 3.687844401007169, 3.8179940520058153, 3.736131192999892, 3.879680690006353, 3.9219761510030366, 4.21748610000941, 3.9749137980106752, 4.361282086014398, 4.026075325004058, 4.07542838100926, 4.312050924010691, 4.122055367013672, 4.36170298900106, 4.254340472005424, 4.1819573160028085, 4.453153809008654, 4.540219236005214, 4.500481264010887, 4.602514394005993, 4.635209202009719, 4.82553335200646, 4.783200320001924, 4.672226090013282, 4.729123209006502], "final_accuracy": ["accuracy", 0.125]}