{"trial_id": [0, 1, 2, 3, 4, 5, 6, 7, 8, 9, 10, 11, 12, 13, 14, 15, 16, 17, 18, 19, 20, 21, 22, 23, 24, 25, 26, 27, 28, 29, 30, 31, 32, 33, 34, 35, 36, 37, 38, 39, 40, 41, 42, 43, 44, 45, 46, 47, 48, 49, 50, 51, 52, 53, 54, 55, 56, 57, 58, 59, 60, 61, 62, 63, 64, 65, 66, 67, 68, 69, 70, 71, 72, 73, 74, 75, 76, 77, 78, 79, 80, 81, 82, 83, 84, 85, 86, 87, 88, 89, 90, 91, 92, 93, 94, 95, 96, 97, 98, 99], "cv_accuracy": [0.15, 0.125, 0.1375, 0.125, 0.15, 0.14375, 0.14375, 0.14375, 0.14375, 0.125, 0.125, 0.1375, 0.14375, 0.125, 0.14375, 0.14375, 0.14375, 0.125, 0.14375, 0.1375, 0.125, 0.14375, 0.125, 0.14375, 0.14375, 0.14375, 0.14375, 0.14375, 0.14375, 0.14375, 0.125, 0.125, 0.14375, 0.125, 0.14375, 0.125, 0.14375, 0.1375, 0.14375, 0.14375, 0.125, 0.125, 0.14375, 0.1375, 0.125, 0.125, 0.125, 0.125, 0.14375, 0.14375, 0.125, 0.14375, 0.14375, 0.14375, 0.125, 0.14375, 0.14375, 0.14375, 0.125, 0.14375, 0.1375, 0.14375, 0.14375, 0.125, 0.14375, 0.125, 0.14375, 0.125, 0.14375, 0.14375, 0.125, 0.125, 0.125, 0.14375, 0.14375, 0.125, 0.1375, 0.14375, 0.14375, 0.125, 0.14375, 0.125, 0.14375, 0.125, 0.125, 0.125, 0.125, 0.14375, 0.14375, 0.125, 0.125, 0.14375, 0.14375, 0.14375, 0.14375, 0.14375, 0.14375, 0.125, 0.14375, 0.14375], "timestamp": [0.799086091996287, 0.08106471199425869, 0.11893814499489963, 0.22310957900481299, 0.5643952219979838, 0.164867856001365, 0.33639689299161546, 0.2932728989981115, 0.6347415839991299, 0.7436614960024599, 0.500369942994439, 0.3932888279960025, 0.4649649689963553, 0.5972636039950885, 0.9702544379979372, 1.074249195997254, 0.8712255680002272, 0.6947409089916619, 0.7987163049983792, 1.0108426980004879, 1.8331978850037558, 1.123011478994158, 0.9309168949985178, 1.2163244639959885, 1.1707942990033189, 1.3001602180011105, 1.2660444810026092, 1.348895654999069, 1.3984906160039827, 1.5588410799973644, 1.6398493199958466, 1.504524625997874, 1.7342676340049366, 1.456253711003228, 1.697120394994272, 1.600073023000732, 2.004569961995003, 2.354634139002883, 2.1936311399913393, 1.9012958770035766, 1.7945672999921953, 1.9348990849975962, 2.1547168719989713, 2.2569461520033656, 2.5424686129990732, 2.059236842003884, 2.1142488729965407, 2.2957548499980476, 2.738731634002761, 2.452763966997736, 2.590182026993716, 2.393520270998124, 2.9371801870001946, 2.493617001004168, 2.6430389849992935, 2.701125060004415, 2.9374668340024073, 3.018413352998323, 2.8938707530032843, 2.858564023001236, 2.8163257150008576, 3.082796068993048, 3.28399031200388, 3.4856501419999404, 3.536559304004186, 3.2355925150041003, 3.2029997409990756, 3.1623352610040456, 3.3882200549996924, 3.7827977429988096, 3.424080058000982, 3.347918881001533, 3.8773506529978476, 3.6437700009992113, 3.707377518003341, 3.5906321840011515, 3.7384070779953618, 3.8438536699977703, 4.212229262004257, 4.168294685005094, 3.9821843190002255, 3.928138137998758, 4.2708768760057865, 4.04036558799271, 4.077282123995246, 4.124517645002925, 4.316401238000253, 4.524698142995476, 4.485880669002654, 4.433171747994493, 4.3579258719983045, 4.820706509999582, 4.624282339995261, 4.575395238993224, 4.673573124993709, 4.892921987993759, 4.772414753999328, 4.719871477005654, 4.955944578003255, 5.006840134999948], "final_accuracy": ["accuracy", 0.15]}