{"trial_id": [0, 1, 2, 3, 4, 5, 6, 7, 8, 9, 10, 11, 12, 13, 14, 15, 16, 17, 18, 19, 20, 21, 22, 23, 24, 25, 26, 27, 28, 29, 30, 31, 32, 33, 34, 35, 36, 37, 38, 39, 40, 41, 42, 43, 44, 45, 46, 47, 48, 49, 50, 51, 52, 53, 54, 55, 56, 57, 58, 59, 60, 61, 62, 63, 64, 65, 66, 67, 68, 69, 70, 71, 72, 73, 74, 75, 76, 77, 78, 79, 80, 81, 82, 83, 84, 85, 86, 87, 88, 89, 90, 91, 92, 93, 94, 95, 96, 97, 98, 99], "cv_accuracy": [0.14375, 0.14375, 0.13125, 0.125, 0.125, 0.14375, 0.13125, 0.13125, 0.125, 0.14375, 0.1375, 0.14375, 0.1375, 0.125, 0.1375, 0.13125, 0.14375, 0.125, 0.125, 0.125, 0.14375, 0.125, 0.125, 0.14375, 0.14375, 0.14375, 0.125, 0.14375, 0.125, 0.125, 0.125, 0.1375, 0.1375, 0.125, 0.1375, 0.125, 0.14375, 0.14375, 0.1375, 0.14375, 0.14375, 0.14375, 0.1375, 0.125, 0.14375, 0.14375, 0.1375, 0.13125, 0.14375, 0.125, 0.13125, 0.125, 0.125, 0.125, 0.14375, 0.14375, 0.125, 0.14375, 0.1375, 0.14375, 0.125, 0.14375, 0.1375, 0.125, 0.14375, 0.14375, 0.14375, 0.14375, 0.14375, 0.125, 0.125, 0.14375, 0.14375, 0.14375, 0.14375, 0.125, 0.14375, 0.1375, 0.125, 0.125, 0.1375, 0.125, 0.125, 0.125, 0.14375, 0.125, 0.125, 0.125, 0.125, 0.14375, 0.125, 0.125, 0.14375, 0.14375, 0.14375, 0.1375, 0.125, 0.14375, 0.125, 0.125], "timestamp": [0.171719617996132, 0.6162375260028057, 0.1297935740003595, 0.08913303399458528, 0.21821096699568443, 0.2870498419943033, 0.3840280239965068, 0.4192885340016801, 0.3238540329912212, 0.7358943400031421, 0.694764193991432, 0.45982618199195713, 2.25024891999783, 0.567048053999315, 0.536382167992997, 0.9892514289967949, 0.8340243900020141, 0.7689545769972028, 0.9354663330013864, 1.5915378839999903, 1.1860729649924906, 0.888215497994679, 1.0285977149906103, 1.0887012930033961, 1.3853804669925012, 1.1290096519951476, 1.2345292910031276, 1.423577049994492, 1.3462354639923433, 1.2926061199977994, 1.6851214399939636, 1.939599820994772, 1.6505122819944518, 1.4816576699959114, 1.548827231003088, 1.7983393890026491, 1.7524765199923422, 1.8887895480002044, 1.851268390993937, 1.9999294619919965, 2.443801319997874, 2.1015330660011386, 2.061294236991671, 2.2913085089967353, 2.1587313289928716, 2.915799235997838, 2.196004120996804, 2.8250323519896483, 2.328354978002608, 2.477620527992258, 2.5661132739915047, 2.3889447569963522, 2.522755882993806, 2.740195691003464, 2.630581628996879, 2.7773293039936107, 2.692475634990842, 2.8628602259996114, 3.2596733550017234, 3.0611703619943, 2.9746915610012366, 3.105850099993404, 3.1662120099936146, 3.013772769001662, 3.225495423001121, 3.3373510529927444, 3.2984845339960884, 3.387221730998135, 3.4514559599920176, 3.538261509995209, 3.934753813999123, 3.590900570998201, 3.970351973999641, 3.490388106991304, 3.886888162989635, 3.6383343699999386, 3.701294318001601, 3.7983879840030568, 3.735672238995903, 4.014975161990151, 4.569368595999549, 3.8562907019950217, 4.117426480996073, 4.232991363998735, 4.383918223989895, 4.162917025998468, 4.083255734993145, 4.3109011389897205, 4.270203533989843, 4.4199863910034765, 4.47387935599545, 4.753818129989668, 4.527080731000751, 4.625085913998191, 4.79026572399016, 4.664156523998827, 4.710452163999435, 4.872065100003965, 4.841672501992434, 4.9313113579992205], "final_accuracy": ["accuracy", 0.15]}