{"trial_id": [0, 1, 2, 3, 4, 5, 6, 7, 8, 9, 10, 11, 12, 13, 14, 15, 16, 17, 18, 19, 20, 21, 22, 23, 24, 25, 26, 27, 28, 29, 30, 31, 32, 33, 34, 35, 36, 37, 38, 39, 40, 41, 42, 43, 44, 45, 46, 47, 48, 49, 50, 51, 52, 53, 54, 55, 56, 57, 58, 59, 60, 61, 62, 63, 64, 65, 66, 67, 68, 69, 70, 71, 72, 73, 74, 75, 76, 77, 78, 79, 80, 81, 82, 83, 84, 85, 86, 87, 88, 89, 90, 91, 92, 93, 94, 95, 96, 97, 98, 99], "cv_accuracy": [0.125, 0.125, 0.1375, 0.1375, 0.125, 0.1375, 0.125, 0.125, 0.1375, 0.125, 0.125, 0.1375, 0.125, 0.125, 0.13125, 0.1375, 0.125, 0.125, 0.1375, 0.1375, 0.125, 0.125, 0.125, 0.125, 0.125, 0.125, 0.125, 0.125, 0.1375, 0.13125, 0.125, 0.125, 0.125, 0.1375, 0.14375, 0.1375, 0.125, 0.1375, 0.14375, 0.1375, 0.1375, 0.125, 0.14375, 0.1375, 0.1375, 0.13125, 0.13125, 0.1375, 0.13125, 0.1375, 0.13125, 0.1375, 0.1375, 0.125, 0.125, 0.13125, 0.125, 0.125, 0.125, 0.13125, 0.125, 0.1375, 0.1375, 0.125, 0.1375, 0.1375, 0.125, 0.125, 0.125, 0.125, 0.1375, 0.1375, 0.1375, 0.125, 0.1375, 0.13125, 0.125, 0.1375, 0.125, 0.15, 0.125, 0.1375, 0.1375, 0.125, 0.125, 0.1375, 0.125, 0.125, 0.1375, 0.125, 0.1375, 0.13125, 0.1375, 0.1375, 0.125, 0.125, 0.1375, 0.125, 0.1375, 0.125], "timestamp": [0.0777850610029418, 0.12149940799281467, 0.47876261599594727, 0.3395863309997367, 0.4331516109959921, 0.5230818319978425, 0.2312334159942111, 0.18258642200089525, 0.560635595000349, 0.29048237900133245, 0.38547631600522436, 0.8975474600010784, 0.6025094060023548, 0.6630613720044494, 0.7103959590021987, 0.8586358780012233, 0.7988228570029605, 0.7511809720017482, 0.933209661001456, 0.9916963199939346, 1.130905033001909, 1.0825002729980042, 1.2140884989930782, 1.2663092860020697, 1.0436420479964, 1.1780679340008646, 1.3114632939978037, 1.7250210600032005, 1.8220000540022738, 1.5599070449970895, 1.3639822599943727, 1.4218554719991516, 1.5207036359934136, 1.4852021889964817, 1.6258061370026553, 1.6741088019916788, 1.9118075940059498, 1.7793965059972834, 3.0395089630037546, 1.8660056619992247, 1.9530575569951907, 2.3507610319938976, 2.226883600000292, 2.070571963005932, 2.028009422996547, 2.1229876129946206, 2.432612970005721, 2.943776165993768, 2.179837674004375, 2.2744369930005632, 3.073204442000133, 2.3948078649991658, 2.6477403869939735, 2.5099634409998544, 2.6091158549970714, 2.561759174001054, 2.6922347840009024, 3.1196370079996996, 2.797011376998853, 2.7537439110019477, 2.8555935750046046, 2.9009499569947366, 2.9964924980013166, 3.6353963059955277, 3.226918307991582, 3.26414599599957, 3.318468056997517, 3.3734005720034475, 3.187462344998494, 3.4265626359992893, 3.476353830003063, 3.527787247992819, 3.5951567419979256, 4.22035968999262, 3.668513768003322, 4.513359039003262, 3.721185204994981, 3.9172103909950238, 3.8773464739933843, 4.636750325997127, 3.7831748600001447, 3.8395334929955425, 4.032690509004169, 4.0663176300004125, 3.976541857002303, 4.121993830005522, 4.348181730005308, 4.163192047999473, 4.473313523005345, 4.254830398000195, 4.581975976994727, 4.313723654995556, 4.722062372995424, 4.409496780004702, 4.723865855004988, 4.812590525994892, 5.036439756004256, 4.945164866003324, 4.691127205005614, 4.8938815709989285], "final_accuracy": ["accuracy", 0.175]}