{"trial_id": [0, 1, 2, 3, 4, 5, 6, 7, 8, 9, 10, 11, 12, 13, 14, 15, 16, 17, 18, 19, 20, 21, 22, 23, 24, 25, 26, 27, 28, 29, 30, 31, 32, 33, 34, 35, 36, 37, 38, 39, 40, 41, 42, 43, 44, 45, 46, 47, 48, 49, 50, 51, 52, 53, 54, 55, 56, 57, 58, 59, 60, 61, 62, 63, 64, 65, 66, 67, 68, 69, 70, 71, 72, 73, 74, 75, 76, 77, 78, 79, 80, 81, 82, 83, 84, 85, 86, 87, 88, 89, 90, 91, 92, 93, 94, 95, 96, 97, 98, 99], "cv_accuracy": [0.1625, 0.1625, 0.175, 0.1625, 0.1625, 0.175, 0.175, 0.1625, 0.1625, 0.175, 0.175, 0.175, 0.175, 0.1625, 0.1625, 0.1625, 0.1625, 0.16875, 0.1625, 0.1625, 0.1625, 0.175, 0.175, 0.1625, 0.1625, 0.1625, 0.175, 0.1625, 0.1625, 0.1625, 0.175, 0.1625, 0.1625, 0.175, 0.1625, 0.1625, 0.175, 0.16875, 0.175, 0.175, 0.175, 0.1625, 0.175, 0.1625, 0.1625, 0.16875, 0.175, 0.16875, 0.1625, 0.1625, 0.1625, 0.16875, 0.175, 0.1625, 0.1625, 0.16875, 0.1625, 0.16875, 0.175, 0.16875, 0.175, 0.1625, 0.1625, 0.175, 0.1625, 0.175, 0.16875, 0.175, 0.16875, 0.175, 0.1625, 0.1625, 0.175, 0.1625, 0.175, 0.175, 0.175, 0.1625, 0.1625, 0.16875, 0.175, 0.175, 0.1625, 0.1625, 0.175, 0.1625, 0.1625, 0.175, 0.1625, 0.16875, 0.1625, 0.175, 0.1625, 0.175, 0.1625, 0.1625, 0.175, 0.1625, 0.16875, 0.1625], "timestamp": [0.2635044810012914, 0.08611707099771593, 0.1666901809949195, 0.08601573400665075, 0.31098843200015835, 0.4140374319977127, 0.920990137004992, 0.36440484899503645, 0.22817717200086918, 0.6016890659957426, 0.4758228069986217, 0.5633744569931878, 0.6571520050056279, 0.5159435649984516, 0.7524357950023841, 0.8187059610063443, 0.7202465870068409, 1.5468896679958561, 1.0158414900070056, 1.311181190001662, 1.0593487459991593, 0.881704396000714, 1.119502929999726, 0.9801367750042118, 1.1748955399962142, 1.4028071770007955, 1.2639446539978962, 1.2133770189975621, 1.451959429992712, 1.3560758539970266, 1.7050125670066336, 1.940840573006426, 1.5098687050049193, 1.590091667996603, 1.6384824450069573, 1.7383827500016196, 1.8341260320012225, 2.5715640270063886, 2.5348838189966045, 2.0766912160033826, 1.8012396010017255, 1.9854666809987975, 1.9005991739977617, 2.044263937001233, 2.2410339640046004, 2.3896768419945147, 2.4437312240042957, 2.1403621899953578, 2.192717358993832, 2.2909016299963696, 2.3431021879951004, 2.7563587320037186, 3.034739702998195, 2.482550643995637, 2.6297888120025164, 3.136963386001298, 2.797329916997114, 2.797639871001593, 2.687654366993229, 2.898126237007091, 2.994774121994851, 2.947339609003393, 3.389654394995887, 3.082055641003535, 3.287335257002269, 3.546953818993643, 3.1991466210020008, 3.1989722959988285, 3.327857487005531, 3.7171688100061147, 3.5837364879989764, 3.498833873003605, 3.4397625919955317, 3.5834236899972893, 3.6727901690028375, 3.9709102060005534, 3.9315612740028882, 3.7858838620013557, 4.095706427004188, 3.8230259730044054, 3.871805563001544, 4.150216199996066, 4.050184466002975, 4.006425486004446, 4.32825057899754, 4.376719416002743, 4.211334588995669, 4.288219018999371, 4.251816164003685, 4.960503801994491, 4.4452748320036335, 4.590947724995203, 4.528899651995744, 4.671001335998881, 4.481788977995166, 4.735029632996884, 4.832681315994705, 4.632600602999446, 4.911382403995958, 4.7800170029950095], "final_accuracy": ["accuracy", 0.025]}