{"trial_id": [0, 1, 2, 3, 4, 5, 6, 7, 8, 9, 10, 11, 12, 13, 14, 15, 16, 17, 18, 19, 20, 21, 22, 23, 24, 25, 26, 27, 28, 29, 30, 31, 32, 33, 34, 35, 36, 37, 38, 39, 40, 41, 42, 43, 44, 45, 46, 47, 48, 49, 50, 51, 52, 53, 54, 55, 56, 57, 58, 59, 60, 61, 62, 63, 64, 65, 66, 67, 68, 69, 70, 71, 72, 73, 74, 75, 76, 77, 78, 79, 80, 81, 82, 83, 84, 85, 86, 87, 88, 89, 90, 91, 92, 93, 94, 95, 96, 97, 98, 99], "cv_accuracy": [0.14375, 0.125, 0.1375, 0.13125, 0.14375, 0.125, 0.14375, 0.13125, 0.14375, 0.125, 0.125, 0.14375, 0.125, 0.125, 0.125, 0.1375, 0.11875, 0.1375, 0.14375, 0.125, 0.14375, 0.14375, 0.14375, 0.1375, 0.125, 0.1375, 0.125, 0.125, 0.14375, 0.125, 0.125, 0.13125, 0.125, 0.14375, 0.14375, 0.125, 0.125, 0.13125, 0.14375, 0.1375, 0.125, 0.125, 0.125, 0.14375, 0.125, 0.125, 0.1375, 0.14375, 0.13125, 0.125, 0.125, 0.125, 0.1375, 0.1375, 0.14375, 0.1375, 0.1375, 0.1375, 0.1375, 0.14375, 0.125, 0.14375, 0.125, 0.125, 0.125, 0.14375, 0.14375, 0.1375, 0.1375, 0.125, 0.125, 0.125, 0.14375, 0.125, 0.125, 0.13125, 0.125, 0.14375, 0.125, 0.125, 0.125, 0.125, 0.14375, 0.14375, 0.125, 0.14375, 0.14375, 0.1375, 0.125, 0.125, 0.14375, 0.125, 0.1375, 0.125, 0.125, 0.125, 0.1375, 0.125, 0.1375, 0.14375], "timestamp": [0.26330904598580673, 0.09111839499382768, 0.31211032799910754, 0.21536000299965963, 0.09089188899088185, 0.13143716999911703, 0.6183055659930687, 0.4671729669935303, 0.507221721985843, 0.3808590609987732, 0.4231745999859413, 0.7005542789993342, 0.5804787539964309, 0.6184889099968132, 0.7429204479994951, 1.2420661649957765, 0.8175152669864474, 0.8633547259960324, 1.1495334909996018, 0.90543376399728, 0.96100019098958, 1.0127985069993883, 2.283018006986822, 1.0468555869883858, 1.1041467619943433, 1.2860035309859086, 1.1892165439930977, 1.3304557369992835, 1.4342677789973095, 1.3765655859897379, 1.4806345339893596, 1.5717406509938883, 1.5314832059957553, 1.6768649789883057, 1.8309968519897666, 1.6363312989997212, 1.7667911509925034, 1.7280329009954585, 1.956143636998604, 1.8674489759869175, 1.9985445559868822, 1.9097238239919534, 2.096610915992642, 2.099770704997354, 2.063791255990509, 2.2245254659937927, 2.1792365219880594, 2.4527444959967397, 2.4986890649888664, 2.3700093919906067, 2.411004548994242, 2.3344352899875958, 2.5503852589899907, 2.6150234089873265, 2.7585792149911867, 3.6081041419965914, 2.7092819229874294, 2.653662788987276, 2.9798735980002675, 2.900954610988265, 2.801362355996389, 2.86566859499726, 3.0260729000001447, 2.9401308489905205, 3.1342109749966767, 3.1795495779952034, 3.228068923999672, 3.101911604986526, 3.288683114995365, 3.4167688979941886, 3.338804684986826, 3.339001909000217, 3.5699508889956633, 3.4815944359870628, 3.652557037989027, 3.7094105539872544, 3.524518978985725, 3.758786981998128, 3.759216053993441, 3.9255185289948713, 3.847737934993347, 3.886261221996392, 4.110728664993076, 4.189659486990422, 4.044344747992, 4.15919290499005, 4.321113154990599, 4.003487570997095, 4.269263760987087, 4.231611734998296, 4.381574089988135, 4.5059283539885655, 4.467744163994212, 4.5493549079983495, 4.426869118993636, 4.549127172998851, 4.642327011999441, 4.678564068992273, 4.71726732699608, 4.717482885986101], "final_accuracy": ["accuracy", 0.175]}