{"trial_id": [0, 1, 2, 3, 4, 5, 6, 7, 8, 9, 10, 11, 12, 13, 14, 15, 16, 17, 18, 19, 20, 21, 22, 23, 24, 25, 26, 27, 28, 29, 30, 31, 32, 33, 34, 35, 36, 37, 38, 39, 40, 41, 42, 43, 44, 45, 46, 47, 48, 49, 50, 51, 52, 53, 54, 55, 56, 57, 58, 59, 60, 61, 62, 63, 64, 65, 66, 67, 68, 69, 70, 71, 72, 73, 74, 75, 76, 77, 78, 79, 80, 81, 82, 83, 84, 85, 86, 87, 88, 89, 90, 91, 92, 93, 94, 95, 96, 97, 98, 99], "cv_accuracy": [0.1375, 0.1375, 0.1375, 0.1375, 0.1375, 0.1375, 0.1375, 0.1375, 0.1375, 0.14375, 0.1375, 0.1375, 0.14375, 0.1375, 0.1375, 0.1375, 0.1375, 0.1375, 0.1375, 0.1375, 0.1375, 0.1375, 0.1375, 0.1375, 0.1375, 0.1375, 0.1375, 0.13125, 0.1375, 0.1375, 0.1375, 0.1375, 0.1375, 0.14375, 0.1375, 0.1375, 0.1375, 0.1375, 0.1375, 0.1375, 0.1375, 0.1375, 0.1375, 0.13125, 0.13125, 0.1375, 0.1375, 0.13125, 0.1375, 0.1375, 0.1375, 0.1375, 0.15, 0.1375, 0.1375, 0.1375, 0.14375, 0.1375, 0.1375, 0.1375, 0.14375, 0.1375, 0.1375, 0.1375, 0.1375, 0.14375, 0.1375, 0.1375, 0.1375, 0.1375, 0.1375, 0.1375, 0.1375, 0.1375, 0.1375, 0.1375, 0.1375, 0.1375, 0.1375, 0.1375, 0.13125, 0.14375, 0.13125, 0.14375, 0.1375, 0.1375, 0.1375, 0.14375, 0.1375, 0.1375, 0.1375, 0.13125, 0.1375, 0.1375, 0.1375, 0.1375, 0.14375, 0.1375, 0.1375, 0.13125], "timestamp": [0.15450990399403963, 0.31637495500035584, 0.2737982649996411, 0.10665460799646098, 0.19814736398984678, 0.1956606759922579, 0.5237232609943021, 0.4441121319978265, 0.561354063989711, 0.6034579459956149, 0.4854101979872212, 0.3895365139906062, 0.6555475139903137, 0.7183188880007947, 0.7581867749977391, 0.8063636199949542, 0.8764561269927071, 0.8062433679879177, 0.9201288689946523, 0.9950942430004943, 1.0360420159995556, 1.1960160809976514, 1.1572408590000123, 1.0784382129932055, 1.1156236449896824, 1.3012895329884486, 1.2636209880001843, 1.4691070650005713, 1.3916619319934398, 1.3920271519891685, 1.3458777619962348, 1.537385910996818, 1.6102867119916482, 2.04157547999057, 1.6693179669964593, 1.6691401999996742, 1.5743403609958477, 1.8629011159937363, 1.82781797098869, 1.7701705509971362, 1.9546079040010227, 1.9040376709890552, 1.9931865129910875, 2.1874658379965695, 2.1521376780001447, 2.090724206995219, 2.271823973991559, 2.1886271409894107, 2.3642320219951216, 2.32148350198986, 2.796876289998181, 2.4293811690004077, 2.836822953991941, 2.4739498179988004, 2.5114520469942363, 2.5544831070001237, 2.7585767839918844, 2.7002101599937305, 2.6275708509929245, 2.6628815609874437, 3.0300189629924716, 2.944890778991976, 2.8748968279978726, 3.0302444609988015, 3.1171340699947905, 3.3009289509936934, 2.991971575000207, 3.1716160559881246, 3.3381259049929213, 3.3792977559933206, 3.223954495988437, 3.2606017270009033, 3.441029183988576, 3.5021327099966584, 3.5793052339868154, 3.6606689599866513, 3.6180277109961025, 3.538381398000638, 3.7170866659871535, 3.8214184009993915, 3.783369215991115, 3.960302680992754, 3.8624346229917137, 3.9601610519894166, 3.9184770369902253, 4.0660474420001265, 4.0654749809909845, 4.282429417988169, 4.1487555709900334, 4.233352633993491, 4.19335633899027, 4.384652344990172, 4.336044290990685, 4.425399954998284, 4.471650155988755, 4.504663215993787, 4.693610970993177, 4.556320479998249, 4.630086010991363, 4.597049789997982], "final_accuracy": ["accuracy", 0.125]}