{"trial_id": [0, 1, 2, 3, 4, 5, 6, 7, 8, 9, 10, 11, 12, 13, 14, 15, 16, 17, 18, 19, 20, 21, 22, 23, 24, 25, 26, 27, 28, 29, 30, 31, 32, 33, 34, 35, 36, 37, 38, 39, 40, 41, 42, 43, 44, 45, 46, 47, 48, 49, 50, 51, 52, 53, 54, 55, 56, 57, 58, 59, 60, 61, 62, 63, 64, 65, 66, 67, 68, 69, 70, 71, 72, 73, 74, 75, 76, 77, 78, 79, 80, 81, 82, 83, 84, 85, 86, 87, 88, 89, 90, 91, 92, 93, 94, 95, 96, 97, 98, 99], "cv_accuracy": [0.1375, 0.1375, 0.1375, 0.14375, 0.125, 0.125, 0.125, 0.125, 0.14375, 0.21875, 0.1375, 0.14375, 0.14375, 0.14375, 0.1375, 0.125, 0.125, 0.14375, 0.14375, 0.125, 0.14375, 0.125, 0.14375, 0.125, 0.125, 0.125, 0.14375, 0.14375, 0.14375, 0.1375, 0.1375, 0.125, 0.125, 0.125, 0.15, 0.14375, 0.14375, 0.13125, 0.14375, 0.125, 0.125, 0.125, 0.125, 0.14375, 0.14375, 0.125, 0.14375, 0.14375, 0.125, 0.15, 0.14375, 0.14375, 0.125, 0.125, 0.15, 0.14375, 0.14375, 0.125, 0.125, 0.14375, 0.14375, 0.14375, 0.125, 0.125, 0.1375, 0.125, 0.125, 0.13125, 0.15, 0.14375, 0.15, 0.125, 0.15, 0.125, 0.125, 0.14375, 0.125, 0.125, 0.15, 0.14375, 0.15625, 0.14375, 0.125, 0.1375, 0.15, 0.125, 0.14375, 0.14375, 0.14375, 0.14375, 0.1375, 0.14375, 0.14375, 0.125, 0.1375, 0.14375, 0.125, 0.125, 0.14375, 0.125], "timestamp": [2.176222273003077, 0.2541078789945459, 0.08429606599383987, 0.1228407909948146, 0.20088602299802005, 0.16013559799466748, 0.35882363400014583, 0.30776265599706676, 0.4110242970054969, 1.2907421129930299, 0.46446415499667637, 1.0639258540031733, 0.7304126499948325, 0.5135610980069032, 0.5653318639961071, 0.6120628740027314, 0.6703111910028383, 0.9229698650015052, 0.7808658010035288, 0.8361743699933868, 0.8771610940020764, 1.105620275993715, 1.0261498159961775, 0.9802802479971433, 1.153425544995116, 1.2533436289959354, 1.5585098379960982, 1.3391526019986486, 1.2200594689929858, 1.5161625829932746, 1.4714788749988656, 1.3984905459947186, 1.4368619129963918, 1.6646989040018525, 1.8523222929943586, 1.7380508609930985, 1.9789427000068827, 1.6286201549955877, 2.0321245980012463, 1.7865077010064851, 1.9365829299931647, 1.8920801719941664, 2.0798202970036073, 2.281885892007267, 2.178002746004495, 2.129598037005053, 2.4291609119973145, 2.3737788230064325, 2.3177973550045863, 2.558222427003784, 2.429946339005255, 2.8562195359991165, 2.5238957700057654, 2.596614062000299, 2.728012460996979, 3.000516496002092, 2.803850430995226, 2.7639190119953128, 2.6813762039964786, 2.917721623001853, 3.086092177996761, 3.0509497879975243, 2.9560133060003864, 3.1237362520041643, 3.189158751993091, 3.2686755930044455, 3.222845024007256, 3.563336115999846, 3.3865139200061094, 3.314740439003799, 3.502935968004749, 3.419166456995299, 3.9920494819962187, 3.4189344339974923, 3.6578378319973126, 3.769175723005901, 3.697691234992817, 3.6167084140033694, 3.9546708739944734, 3.8605208179942565, 5.026359619005234, 3.8046311070065713, 4.047202613000991, 3.912027889993624, 4.1605020459974185, 4.114532955994946, 4.253154474994517, 4.209753262999584, 4.2997341290029, 4.362064216998988, 4.4009847169945715, 4.479814870006521, 4.479642403006437, 4.437614069000119, 4.592158515995834, 4.803550255994196, 4.647622700998909, 4.682434543006821, 4.720146495004883, 4.767167761005112], "final_accuracy": ["accuracy", 0.2]}