{"trial_id": [0, 1, 2, 3, 4, 5, 6, 7, 8, 9, 10, 11, 12, 13, 14, 15, 16, 17, 18, 19, 20, 21, 22, 23, 24, 25, 26, 27, 28, 29, 30, 31, 32, 33, 34, 35, 36, 37, 38, 39, 40, 41, 42, 43, 44, 45, 46, 47, 48, 49, 50, 51, 52, 53, 54, 55, 56, 57, 58, 59, 60, 61, 62, 63, 64, 65, 66, 67, 68, 69, 70, 71, 72, 73, 74, 75, 76, 77, 78, 79, 80, 81, 82, 83, 84, 85, 86, 87, 88, 89, 90, 91, 92, 93, 94, 95, 96, 97, 98, 99], "cv_accuracy": [0.1625, 0.1625, 0.16875, 0.175, 0.16875, 0.175, 0.1625, 0.1625, 0.1625, 0.1625, 0.175, 0.175, 0.1625, 0.20625, 0.1625, 0.225, 0.175, 0.175, 0.1625, 0.16875, 0.16875, 0.1625, 0.1625, 0.175, 0.175, 0.1625, 0.1625, 0.175, 0.175, 0.1625, 0.175, 0.175, 0.1625, 0.1625, 0.1625, 0.15625, 0.175, 0.1625, 0.1625, 0.2, 0.1625, 0.1625, 0.175, 0.19375, 0.175, 0.1625, 0.1625, 0.175, 0.175, 0.1625, 0.1625, 0.16875, 0.1625, 0.16875, 0.1625, 0.175, 0.1625, 0.1625, 0.1625, 0.1625, 0.175, 0.16875, 0.1625, 0.1625, 0.175, 0.1625, 0.1625, 0.1625, 0.225, 0.1625, 0.175, 0.16875, 0.1625, 0.1625, 0.175, 0.1625, 0.1625, 0.1625, 0.175, 0.16875, 0.1625, 0.16875, 0.16875, 0.1625, 0.1625, 0.175, 0.1625, 0.175, 0.175, 0.1625, 0.175, 0.1625, 0.1625, 0.175, 0.1625, 0.175, 0.1625, 0.1625, 0.15625, 0.175], "timestamp": [0.09560704699833877, 0.18773291099932976, 0.14223878599295858, 0.18734011000196915, 0.5860675050062127, 0.2926376929972321, 0.3306205249973573, 0.37394218900590204, 0.5865091540035792, 0.42233174199645873, 0.5306146770017222, 0.6552632770035416, 0.48889082300593145, 1.088449764996767, 0.7066854540025815, 1.9849199970049085, 0.9738230310031213, 0.8601603519928176, 0.7640647100051865, 0.8218161370023154, 0.9059897959959926, 1.04816263000248, 1.0069771760026924, 1.1405619319994003, 1.3435945050005103, 1.206329407999874, 1.2494684980047168, 1.2925693230063189, 1.449339572005556, 1.401876549993176, 1.6114961489947746, 1.6976598059991375, 1.5075911820022156, 1.560828950998257, 1.6120010820013704, 1.745827503997134, 1.9486274660011986, 1.8873406000057003, 1.816614634997677, 3.160617829998955, 1.8167058450053446, 2.0427811550034676, 2.1710145709948847, 4.092521201004274, 2.2117912270041415, 2.0842401279951446, 2.1354333850031253, 2.3484876250004163, 2.3909178799949586, 2.2680385599960573, 2.305792992003262, 2.441343529004371, 2.4819782330014277, 2.578793948996463, 2.53116334900551, 2.7597675870056264, 2.6197552579978947, 2.6746064570033923, 2.719727869000053, 2.8006173739995575, 2.8555256469990127, 2.9697820190049242, 2.8872434249933576, 2.93562566699984, 3.2199438029929297, 3.0785982189991046, 3.1234401840047212, 3.0366403549996903, 4.48312665100093, 3.2670211600052426, 3.364815856999485, 3.2672832219977863, 3.4194659469940234, 3.5042836079956032, 3.609095318999607, 3.465373428000021, 3.699969092005631, 3.6543547610053793, 3.572433605993865, 3.762911002006149, 3.7991097009944497, 3.8428540239983704, 3.8946512550028274, 3.990199516993016, 3.9521678619930753, 4.1762400080042426, 4.048193870999967, 4.224348365998594, 4.134922348996042, 4.291218047001166, 4.436741486002575, 4.3785332099942025, 4.335547416994814, 4.48285080200003, 4.568070156004978, 4.758629860007204, 4.616911566001363, 4.652574413004913, 4.710377114999574, 4.8068930150038796], "final_accuracy": ["accuracy", 0.2]}