{"trial_id": [0, 1, 2, 3, 4, 5, 6, 7, 8, 9, 10, 11, 12, 13, 14, 15, 16, 17, 18, 19, 20, 21, 22, 23, 24, 25, 26, 27, 28, 29, 30, 31, 32, 33, 34, 35, 36, 37, 38, 39, 40, 41, 42, 43, 44, 45, 46, 47, 48, 49, 50, 51, 52, 53, 54, 55, 56, 57, 58, 59, 60, 61, 62, 63, 64, 65, 66, 67, 68, 69, 70, 71, 72, 73, 74, 75, 76, 77, 78, 79, 80, 81, 82, 83, 84, 85, 86, 87, 88, 89, 90, 91, 92, 93, 94, 95, 96, 97, 98, 99], "cv_accuracy": [0.125, 0.125, 0.125, 0.125, 0.125, 0.125, 0.20625, 0.1375, 0.125, 0.1375, 0.1375, 0.1375, 0.14375, 0.1375, 0.1375, 0.125, 0.13125, 0.1375, 0.125, 0.125, 0.1375, 0.13125, 0.125, 0.1375, 0.125, 0.125, 0.1375, 0.125, 0.125, 0.13125, 0.1375, 0.125, 0.1375, 0.1375, 0.125, 0.125, 0.1375, 0.1375, 0.1375, 0.1375, 0.125, 0.125, 0.13125, 0.1375, 0.1375, 0.1375, 0.125, 0.1375, 0.14375, 0.1375, 0.1375, 0.125, 0.1375, 0.125, 0.125, 0.1375, 0.125, 0.125, 0.1375, 0.125, 0.1375, 0.125, 0.1375, 0.1375, 0.1375, 0.125, 0.125, 0.125, 0.125, 0.13125, 0.125, 0.125, 0.125, 0.125, 0.1375, 0.1375, 0.125, 0.14375, 0.14375, 0.125, 0.125, 0.125, 0.1375, 0.1375, 0.1375, 0.1375, 0.125, 0.125, 0.125, 0.13125, 0.1375, 0.125, 0.1375, 0.125, 0.1375, 0.125, 0.125, 0.1375, 0.125, 0.125], "timestamp": [0.20922746899304911, 0.16247133699653205, 0.20962359999248292, 0.11649886200029869, 0.2099439129960956, 0.2808284209895646, 2.725197494990425, 0.4848593719943892, 0.44144752599822823, 0.697128066996811, 0.5491696399985813, 0.38445793600112665, 1.340540958000929, 0.7773416859999998, 0.5495945110014873, 0.7400584369897842, 0.6426508259901311, 0.9180105959967477, 0.8760752079979284, 0.9688668360031443, 0.8425670879951213, 1.109044469994842, 1.0241920959961135, 1.06113608799933, 1.1674170249898452, 1.2506048240029486, 1.4492528809932992, 1.2103547680017073, 1.3066475270024966, 1.4962499989924254, 1.4077877149975393, 1.5314544959983323, 1.6306738830026006, 1.5929647919983836, 1.6724932979996083, 1.7712982299999567, 1.7251034369983245, 1.8340637340006651, 2.0120351529913023, 1.8773164779995568, 1.9609270130022196, 1.9203381089901086, 2.064413636995596, 2.2361651319952216, 2.157008059002692, 2.1167647929978557, 2.1954515339893987, 2.302712246993906, 2.545942664000904, 2.451862813992193, 2.5744064129976323, 2.340402821995667, 2.509882058991934, 2.4107613029918866, 2.6484586320002563, 2.648305235998123, 2.785192607989302, 2.8225209029915277, 2.8580083080014447, 2.9563989239977673, 3.1856883009895682, 2.9127884639892727, 3.0358992900000885, 3.0353052339924034, 3.2591114249953534, 3.1447085109975887, 3.1002604179957416, 3.382021543002338, 3.4176148109982023, 3.298620180998114, 3.4539176339894766, 3.3397924899909412, 3.5320437339978525, 3.6046163299906766, 3.708184839997557, 3.9580038689891808, 3.6651409920013975, 3.570093585003633, 4.00132040400058, 3.815621153000393, 3.76146571499703, 3.9171236230031354, 3.8770552259957185, 4.152882458001841, 4.05223771299643, 4.25041780200263, 4.114350844989531, 4.1934127069980605, 4.806978195003467, 4.37944285699632, 4.310440996996476, 4.379025895992527, 4.346589551001671, 4.465281935990788, 4.69306341400079, 4.620171032991493, 4.619835206001881, 4.578838586996426, 4.536554146994604, 4.736992929989356], "final_accuracy": ["accuracy", 0.275]}