{"trial_id": [0, 1, 2, 3, 4, 5, 6, 7, 8, 9, 10, 11, 12, 13, 14, 15, 16, 17, 18, 19, 20, 21, 22, 23, 24, 25, 26, 27, 28, 29, 30, 31, 32, 33, 34, 35, 36, 37, 38, 39, 40, 41, 42, 43, 44, 45, 46, 47, 48, 49, 50, 51, 52, 53, 54, 55, 56, 57, 58, 59, 60, 61, 62, 63, 64, 65, 66, 67, 68, 69, 70, 71, 72, 73, 74, 75, 76, 77, 78, 79, 80, 81, 82, 83, 84, 85, 86, 87, 88, 89, 90, 91, 92, 93, 94, 95, 96, 97, 98, 99], "cv_accuracy": [0.0, 0.0, 0.0, 0.0, 0.0, 0.0, 0.0, 0.0, 0.0, 0.0, 0.0, 0.0, 0.0, 0.0, 0.0, 0.0, 0.0, 0.0, 0.0, 0.0, 0.0, 0.0, 0.0, 0.0, 0.0, 0.0, 0.0, 0.0, 0.0, 0.0, 0.0, 0.0, 0.0, 0.0, 0.0, 0.0, 0.0, 0.0, 0.0, 0.0, 0.0, 0.0, 0.0, 0.0, 0.0, 0.0, 0.0, 0.0, 0.0, 0.0, 0.0, 0.0, 0.0, 0.0, 0.0, 0.0, 0.0, 0.0, 0.0, 0.0, 0.0, 0.0, 0.0, 0.0, 0.0, 0.0, 0.0, 0.0, 0.0, 0.0, 0.0, 0.0, 0.0, 0.0, 0.0, 0.0, 0.0, 0.0, 0.0, 0.0, 0.0, 0.0, 0.0, 0.0, 0.0, 0.0, 0.0, 0.0, 0.0, 0.0, 0.0, 0.0, 0.0, 0.0, 0.0, 0.0, 0.0, 0.0, 0.0, 0.0], "timestamp": [0.26615536300232634, 0.18847020000976045, 0.18631468400417361, 0.1047430640028324, 0.10380771300697234, 0.26680180001130793, 0.4639002430049004, 0.5087223510054173, 0.4291742510104086, 0.5869241960026557, 0.5509576570038917, 0.3679541120072827, 0.6254709770000773, 0.7355840930104023, 0.6998411670065252, 0.7794172290014103, 0.8657377170020482, 0.8648903960129246, 0.8266127990063978, 1.0062880640034564, 0.9661657770047896, 1.0450039990100777, 1.1723702500021318, 1.0889857220026897, 1.1282228290074272, 1.2391332560073351, 1.3198785990098258, 1.3544167090003612, 1.3993589210003847, 1.280008469009772, 1.4387039720022585, 1.5536885120091029, 1.5123874740093015, 1.6278493600111688, 1.6270031170133734, 1.706905071012443, 1.5539616580063011, 1.7888375470065512, 1.9875821490131784, 1.823090244011837, 1.9480747880006675, 1.8641459790087538, 1.8646085630025482, 2.0567028880032012, 2.099819392009522, 2.216566065006191, 2.1343217460089363, 2.2614206520083826, 2.1355020129994955, 2.3375252240075497, 2.4620365650043823, 2.500036847006413, 2.5401609920081683, 2.378431786011788, 2.422305840009358, 2.606942855010857, 2.649856350006303, 2.7359769960021367, 2.7720393370109377, 2.774360316005186, 2.693195341009414, 2.8825027010025224, 2.9271231470047496, 2.974609048003913, 3.0624196320131887, 3.0212416730064433, 3.062144811003236, 3.1662756350124255, 3.2073682690097485, 3.299919443001272, 3.3506776100111892, 3.389159867001581, 3.260582315007923, 3.4460554840043187, 3.480043044008198, 3.545776922008372, 3.5849681470135693, 3.673832274012966, 3.6232968930125935, 3.7817775730072754, 3.7189073260087753, 3.8644505980046233, 3.911123194004176, 3.825817615012056, 3.9480945210088976, 3.9868776200019056, 4.059814477004693, 4.112363080013893, 4.1115852700022515, 4.230781639009365, 4.276919392999844, 4.187690073013073, 4.342595673006144, 4.477601317004883, 4.439972503008903, 4.400003316011862, 4.5489509780018125, 4.513305737011251, 4.595842762006214, 4.638842149011907], "final_accuracy": ["accuracy", 0.175]}