{"trial_id": [0, 1, 2, 3, 4, 5, 6, 7, 8, 9, 10, 11, 12, 13, 14, 15, 16, 17, 18, 19, 20, 21, 22, 23, 24, 25, 26, 27, 28, 29, 30, 31, 32, 33, 34, 35, 36, 37, 38, 39, 40, 41, 42, 43, 44, 45, 46, 47, 48, 49, 50, 51, 52, 53, 54, 55, 56, 57, 58, 59, 60, 61, 62, 63, 64, 65, 66, 67, 68, 69, 70, 71, 72, 73, 74, 75, 76, 77, 78, 79, 80, 81, 82, 83, 84, 85, 86, 87, 88, 89, 90, 91, 92, 93, 94, 95, 96, 97, 98, 99], "cv_accuracy": [0.0, 0.0, 0.0, 0.0, 0.0, 0.0, 0.0, 0.0, 0.0, 0.0, 0.0, 0.0, 0.0, 0.0, 0.0, 0.0, 0.0, 0.0, 0.0, 0.0, 0.0, 0.0, 0.0, 0.0, 0.0, 0.0, 0.0, 0.0, 0.0, 0.0, 0.0, 0.0, 0.0, 0.0, 0.0, 0.0, 0.0, 0.0, 0.0, 0.0, 0.0, 0.0, 0.0, 0.0, 0.0, 0.0, 0.0, 0.0, 0.0, 0.0, 0.0, 0.0, 0.0, 0.0, 0.0, 0.0, 0.0, 0.0, 0.0, 0.0, 0.0, 0.0, 0.0, 0.0, 0.0, 0.0, 0.0, 0.0, 0.0, 0.0, 0.0, 0.0, 0.0, 0.0, 0.0, 0.0, 0.0, 0.0, 0.0, 0.0, 0.0, 0.0, 0.0, 0.0, 0.0, 0.0, 0.0, 0.0, 0.0, 0.0, 0.0, 0.0, 0.0, 0.0, 0.0, 0.0, 0.0, 0.0, 0.0, 0.0], "timestamp": [0.16633255600754637, 0.3258317639993038, 0.11806897600763477, 0.289524995998363, 0.21172493099584244, 0.25121729899547063, 0.475159096007701, 0.47461546599515714, 0.5546207589941332, 0.5540075580065604, 0.4051457419991493, 0.44311306200688705, 0.6810191130061867, 0.762313825005549, 0.798160927995923, 0.8427764460066101, 0.8856689990061568, 0.7186915049969684, 1.0089348470064579, 0.9679486149980221, 1.1272678009991068, 1.049524111993378, 1.157090585998958, 1.0882516459969338, 1.233343537998735, 1.3187530120048905, 1.2330314069986343, 1.4041674920008518, 1.4469825410051271, 1.3184220669936622, 1.511301035003271, 1.5537425280053867, 1.6715021760028321, 1.553003904002253, 1.6298262939963024, 1.7104613270057598, 1.8222713209979702, 1.9039239970006747, 1.9030553860065993, 1.784594469005242, 1.9868081290042028, 1.865092313993955, 2.10298795599374, 2.063948839000659, 2.22660172500764, 2.266134992998559, 2.144927204994019, 2.1811450380046153, 2.346104098993237, 2.5092926600045757, 2.468848396005342, 2.387938772997586, 2.5546386880014325, 2.387269191996893, 2.6197117819974665, 2.6986989279976115, 2.739737255004002, 2.777938989995164, 2.619568262001849, 2.8218100079975557, 2.9377333519951208, 2.8942288020043634, 3.017954726004973, 3.0884096329973545, 3.0581648649967974, 2.9726274160057073, 3.1661676350049675, 3.2931344420067035, 3.2542339460051153, 3.3304035229957663, 3.374743627005955, 3.2072787289944245, 3.482014467997942, 3.4404696349956794, 3.5701542729948414, 3.6449609139963286, 3.4813918610016117, 3.5703760089963907, 3.72028110800602, 3.7988209540053504, 3.8290537760040024, 3.8773194550012704, 3.911923084000591, 3.7196741649968317, 3.988094724001712, 4.027793443994597, 4.192195171999629, 4.062952777996543, 4.156630383993615, 4.114974298994639, 4.341524406001554, 4.308719045002363, 4.268529763998231, 4.4209219540061895, 4.478627211996354, 4.379355659999419, 4.553023774002213, 4.525657892998424, 4.619640029006405, 4.590547601997969], "final_accuracy": ["accuracy", 0.175]}