{"trial_id": [0, 1, 2, 3, 4, 5, 6, 7, 8, 9, 10, 11, 12, 13, 14, 15, 16, 17, 18, 19, 20, 21, 22, 23, 24, 25, 26, 27, 28, 29, 30, 31, 32, 33, 34, 35, 36, 37, 38, 39, 40, 41, 42, 43, 44, 45, 46, 47, 48, 49, 50, 51, 52, 53, 54, 55, 56, 57, 58, 59, 60, 61, 62, 63, 64, 65, 66, 67, 68, 69, 70, 71, 72, 73, 74, 75, 76, 77, 78, 79, 80, 81, 82, 83, 84, 85, 86, 87, 88, 89, 90, 91, 92, 93, 94, 95, 96, 97, 98, 99], "cv_accuracy": [0.0, 0.0, 0.0, 0.0, 0.0, 0.0, 0.0, 0.0, 0.0, 0.0, 0.0, 0.0, 0.0, 0.0, 0.0, 0.0, 0.0, 0.0, 0.0, 0.0, 0.0, 0.0, 0.0, 0.0, 0.0, 0.0, 0.0, 0.0, 0.0, 0.0, 0.0, 0.0, 0.0, 0.0, 0.0, 0.0, 0.0, 0.0, 0.0, 0.0, 0.0, 0.0, 0.0, 0.0, 0.0, 0.0, 0.0, 0.0, 0.0, 0.0, 0.0, 0.0, 0.0, 0.0, 0.0, 0.0, 0.0, 0.0, 0.0, 0.0, 0.0, 0.0, 0.0, 0.0, 0.0, 0.0, 0.0, 0.0, 0.0, 0.0, 0.0, 0.0, 0.0, 0.0, 0.0, 0.0, 0.0, 0.0, 0.0, 0.0, 0.0, 0.0, 0.0, 0.0, 0.0, 0.0, 0.0, 0.0, 0.0, 0.0, 0.0, 0.0, 0.0, 0.0, 0.0, 0.0, 0.0, 0.0, 0.0, 0.0], "timestamp": [0.11227189599594567, 0.27912967099109665, 0.11281939999025781, 0.2799377899937099, 0.2416213480028091, 0.15923401499458123, 0.5680285959970206, 0.6086057739885291, 0.4892650339897955, 0.4466422209952725, 0.4889266760001192, 0.37725350599794183, 0.6576634459925117, 0.7646817219938384, 0.7265250130003551, 0.8780135549895931, 0.8032998549897457, 0.8352052729896968, 0.9263851400028216, 1.0316322029975709, 1.0319281819975004, 1.1104283099994063, 0.9964680389966816, 1.153200057990034, 1.1954231779964175, 1.317778372002067, 1.3577050729945768, 1.2718070989940315, 1.4357113469886826, 1.4799193910002941, 1.3938604369905079, 1.5559279099979904, 1.6058109529985813, 1.6875673179893056, 1.6878455169935478, 1.7228549479914363, 1.6053767629928188, 1.8239490679989103, 1.917022266992717, 1.8734758169885026, 1.9926121829921613, 2.0312103549949825, 1.9591625519969966, 2.093084023988922, 2.1452292159956414, 2.1908077629923355, 2.2765479069930734, 2.312467284995364, 2.2343964649917325, 2.3641343219933333, 2.4164876750000985, 2.465414772988879, 2.5107972889964003, 2.551541995999287, 2.551975597991259, 2.6294375019933796, 2.6860954879957717, 2.736105732998112, 2.784501943999203, 2.8269386460015085, 2.826432535002823, 2.9115485770016676, 2.9687729040015256, 3.009401538001839, 3.0581253609998384, 3.182593616991653, 3.099161379999714, 3.1420367149985395, 3.249384412993095, 3.287662732996978, 3.378861891993438, 3.3793459180014906, 3.4710297739948146, 3.338220449993969, 3.5249615069915308, 3.5581712549901567, 3.6545440119953128, 3.6965026870020665, 3.612402580998605, 3.743104606997804, 3.8417066909896675, 3.795108493999578, 3.890537608996965, 3.933950995997293, 3.9749716249934863, 4.01491962998989, 4.0769655460026115, 4.076677512988681, 4.172719586989842, 4.251306377991568, 4.289011047992972, 4.215312479995191, 4.36029106398928, 4.359919759997865, 4.482081597991055, 4.565605834999587, 4.528368129991577, 4.441242873988813, 4.606611713999882, 4.638103378994856], "final_accuracy": ["accuracy", 0.125]}