{"trial_id": [0, 1, 2, 3, 4, 5, 6, 7, 8, 9, 10, 11, 12, 13, 14, 15, 16, 17, 18, 19, 20, 21, 22, 23, 24, 25, 26, 27, 28, 29, 30, 31, 32, 33, 34, 35, 36, 37, 38, 39, 40, 41, 42, 43, 44, 45, 46, 47, 48, 49, 50, 51, 52, 53, 54, 55, 56, 57, 58, 59, 60, 61, 62, 63, 64, 65, 66, 67, 68, 69, 70, 71, 72, 73, 74, 75, 76, 77, 78, 79, 80, 81, 82, 83, 84, 85, 86, 87, 88, 89, 90, 91, 92, 93, 94, 95, 96, 97, 98, 99], "cv_accuracy": [0.0, 0.0, 0.0, 0.0, 0.0, 0.0, 0.0, 0.0, 0.0, 0.0, 0.0, 0.0, 0.0, 0.0, 0.0, 0.0, 0.0, 0.0, 0.0, 0.0, 0.0, 0.0, 0.0, 0.0, 0.0, 0.0, 0.0, 0.0, 0.0, 0.0, 0.0, 0.0, 0.0, 0.0, 0.0, 0.0, 0.0, 0.0, 0.0, 0.0, 0.0, 0.0, 0.0, 0.0, 0.0, 0.0, 0.0, 0.0, 0.0, 0.0, 0.0, 0.0, 0.0, 0.0, 0.0, 0.0, 0.0, 0.0, 0.0, 0.0, 0.0, 0.0, 0.0, 0.0, 0.0, 0.0, 0.0, 0.0, 0.0, 0.0, 0.0, 0.0, 0.0, 0.0, 0.0, 0.0, 0.0, 0.0, 0.0, 0.0, 0.0, 0.0, 0.0, 0.0, 0.0, 0.0, 0.0, 0.0, 0.0, 0.0, 0.0, 0.0, 0.0, 0.0, 0.0, 0.0, 0.0, 0.0, 0.0, 0.0], "timestamp": [0.18247573399276007, 0.18006918199534994, 0.29192048199183773, 0.18284490999940317, 0.1316654949914664, 0.29135567900084425, 0.5103260699979728, 0.5502917289995821, 0.5497288560000015, 0.4713581690011779, 0.5850844590022461, 0.41834353399463, 0.6930493109975941, 0.8242531099967891, 0.7880736569932196, 0.870804694990511, 0.909227935000672, 0.7402232780004852, 0.9801602209918201, 1.0135732350026956, 1.1087010780029232, 1.1089391099958448, 1.1838136820006184, 1.067362478992436, 1.3416556570009561, 1.2471395100001246, 1.3411590280011296, 1.464462072995957, 1.4289654290041653, 1.2992936719965655, 1.5216322640044382, 1.5757655689958483, 1.6923610759986332, 1.6111292889981996, 1.7384015699935844, 1.6619266880006762, 1.7764112330041826, 1.8963535299990326, 1.8453564020019257, 1.979668574000243, 2.0187161779904272, 2.0538314989971695, 1.936939071994857, 2.1230572530039353, 2.258374069002457, 2.1778469510027207, 2.298818757000845, 2.351449551002588, 2.177468278998276, 2.398120095997001, 2.4578020719927736, 2.4974772650020896, 2.575597324001137, 2.498073423994356, 2.6224263820040505, 2.664611921994947, 2.733438221999677, 2.8523942549945787, 2.77217899900279, 2.8097344010020606, 2.897014745991328, 2.936432511996827, 3.0132712579943473, 3.0926287079928443, 3.051483025003108, 3.1286142809985904, 3.2184667739929864, 3.1695264089939883, 3.324694217997603, 3.2873406299913768, 3.447740634990623, 3.4043201949971262, 3.3643581789947348, 3.485758276001434, 3.552761475002626, 3.5986854689981556, 3.673595080996165, 3.67343650800467, 3.7578186089958763, 3.598432191996835, 3.8300312560022576, 4.035017948001041, 3.8736435099999653, 3.995369304000633, 3.913324085995555, 3.9513268070004415, 4.095188610997866, 4.1431699370004935, 4.219644661992788, 4.25811915200029, 4.305580393993296, 4.179302211996401, 4.371865663997596, 4.504567855998175, 4.503957438995712, 4.5044106080022175, 4.414634840999497, 4.463264015997993, 4.630466552000144, 4.660990937991301], "final_accuracy": ["accuracy", 0.175]}