{"trial_id": [0, 1, 2, 3, 4, 5, 6, 7, 8, 9, 10, 11, 12, 13, 14, 15, 16, 17, 18, 19, 20, 21, 22, 23, 24, 25, 26, 27, 28, 29, 30, 31, 32, 33, 34, 35, 36, 37, 38, 39, 40, 41, 42, 43, 44, 45, 46, 47, 48, 49, 50, 51, 52, 53, 54, 55, 56, 57, 58, 59, 60, 61, 62, 63, 64, 65, 66, 67, 68, 69, 70, 71, 72, 73, 74, 75, 76, 77, 78, 79, 80, 81, 82, 83, 84, 85, 86, 87, 88, 89, 90, 91, 92, 93, 94, 95, 96, 97, 98, 99], "cv_accuracy": [0.0, 0.0, 0.0, 0.0, 0.0, 0.0, 0.0, 0.0, 0.0, 0.0, 0.0, 0.0, 0.0, 0.0, 0.0, 0.0, 0.0, 0.0, 0.0, 0.0, 0.0, 0.0, 0.0, 0.0, 0.0, 0.0, 0.0, 0.0, 0.0, 0.0, 0.0, 0.0, 0.0, 0.0, 0.0, 0.0, 0.0, 0.0, 0.0, 0.0, 0.0, 0.0, 0.0, 0.0, 0.0, 0.0, 0.0, 0.0, 0.0, 0.0, 0.0, 0.0, 0.0, 0.0, 0.0, 0.0, 0.0, 0.0, 0.0, 0.0, 0.0, 0.0, 0.0, 0.0, 0.0, 0.0, 0.0, 0.0, 0.0, 0.0, 0.0, 0.0, 0.0, 0.0, 0.0, 0.0, 0.0, 0.0, 0.0, 0.0, 0.0, 0.0, 0.0, 0.0, 0.0, 0.0, 0.0, 0.0, 0.0, 0.0, 0.0, 0.0, 0.0, 0.0, 0.0, 0.0, 0.0, 0.0, 0.0, 0.0], "timestamp": [0.1612882740009809, 0.10875614700489677, 0.2035493029979989, 0.20376858800591435, 0.2770150680007646, 0.2032115649926709, 0.43461994400422554, 0.4757150509976782, 0.5566147499921499, 0.5923386749927886, 0.5159676500043133, 0.3889190729969414, 0.6591008660034277, 0.7149029249994783, 0.7994445920048747, 0.837057682001614, 0.8821365750045516, 0.7155883319937857, 0.9385718889971031, 1.038163927005371, 1.0009176369931083, 1.121280236999155, 1.0387399689934682, 1.1591980310040526, 1.2096005820058053, 1.3212688740022713, 1.2862132559966994, 1.2852996250003343, 1.4442871299979743, 1.4026317899988499, 1.4446702709974488, 1.6097594070015475, 1.6492223989916965, 1.5671982179919723, 1.7319642100046622, 1.7735354979959084, 1.6880315089947544, 1.8547291059949202, 1.9372579439950641, 2.0138088669918943, 1.9369391270010965, 2.057560443994589, 1.8977627929998562, 2.1362878880026983, 2.2194574549939716, 2.298229848005576, 2.2978167889959877, 2.218631526993704, 2.179191761999391, 2.4194716469937703, 2.4650980190053815, 2.5041401630005566, 2.5005679250025423, 2.627042445994448, 2.582662977001746, 2.6993115509976633, 2.8656001140043372, 2.827282922997256, 2.8284971239918377, 2.7451429670036305, 2.7888326399988728, 2.974541103001684, 3.0573762389976764, 3.1107345149939647, 3.1101055619947147, 3.1103818789997604, 3.014640915003838, 3.2585106100013945, 3.258693272000528, 3.34001830300258, 3.47653185899253, 3.4383283100032713, 3.391229471002589, 3.620203013997525, 3.5818657969939522, 3.5406402009975864, 3.6705038090003654, 3.761923662998015, 3.7156613459956134, 3.852543679997325, 3.8973874359944602, 3.8134099680028157, 3.9425610860052984, 3.978997669997625, 4.025596734005376, 4.086550678999629, 4.122073669001111, 4.168855071999133, 4.2862980229983805, 4.207402864994947, 4.253466045993264, 4.40358555399871, 4.364067333997809, 4.5164557169919135, 4.448294428992085, 4.566941033001058, 4.4487174800015055, 4.680814321996877, 4.645390511999722, 4.614205613994272], "final_accuracy": ["accuracy", 0.025]}