{"trial_id": [0, 1, 2, 3, 4, 5, 6, 7, 8, 9, 10, 11, 12, 13, 14, 15, 16, 17, 18, 19, 20, 21, 22, 23, 24, 25, 26, 27, 28, 29, 30, 31, 32, 33, 34, 35, 36, 37, 38, 39, 40, 41, 42, 43, 44, 45, 46, 47, 48, 49, 50, 51, 52, 53, 54, 55, 56, 57, 58, 59, 60, 61, 62, 63, 64, 65, 66, 67, 68, 69, 70, 71, 72, 73, 74, 75, 76, 77, 78, 79, 80, 81, 82, 83, 84, 85, 86, 87, 88, 89, 90, 91, 92, 93, 94, 95, 96, 97, 98, 99], "cv_accuracy": [0.0, 0.0, 0.0, 0.7637118, 0.0, 0.7623979999999999, 0.0, 0.0, 0.0, 0.0, 0.0, 0.0, 0.0, 0.0, 0.7994557999999999, 0.7610605999999999, 0.762385, 0.8590256000000001, 0.7637184000000001, 0.0, 0.0, 0.0, 0.870942, 0.0, 0.7643718, 0.7220402, 0.0, 0.0, 0.7359082, 0.8193192, 0.7339456, 0.8775708, 0.0, 0.0, 0.0, 0.0, 0.0, 0.0, 0.7650384, 0.0, 0.0, 0.0, 0.0, 0.0, 0.7829320000000001, 0.0, 0.7630538, 0.765705, 0.7279914, 0.0, 0.0, 0.0, 0.7385527999999999, 0.0, 0.0, 0.0, 0.0, 0.0, 0.0, 0.6916005999999999, 0.0, 0.7630582, 0.741864, 0.0, 0.0, 0.0, 0.0, 0.0, 0.0, 0.0, 0.0, 0.0, 0.0, 0.8768844, 0.7458374000000001, 0.0, 0.6916005999999999, 0.0, 0.7630472, 0.0, 0.7597492, 0.0, 0.0, 0.0, 0.8960788000000001, 0.827926, 0.8557168, 0.0, 0.0, 0.7623960000000001, 0.0, 0.0, 0.7623940000000001, 0.0, 0.0, 0.0, 0.7319629999999999, 0.2117676, 0.0, 0.0], "timestamp": [0.31051405500329565, 0.15502542800095398, 0.20246411301195621, 0.391952186007984, 0.11319969200121704, 0.2546177270123735, 0.4243285980046494, 0.5078328939998755, 0.4612117409997154, 0.5526095930108568, 0.6116153620096156, 0.7439354220114183, 0.7105975919985212, 1.2942547610000474, 0.7987167200044496, 0.8402022320078686, 0.8838323850068264, 1.2102506299997913, 1.1051087950036163, 1.0298145850101719, 1.1495705190027365, 0.9901584809995256, 1.7560967780009378, 1.3818746770120924, 1.4822106790088583, 1.3371620010002516, 1.8610391300026095, 1.5215683290007291, 1.5612771840096684, 1.6640796790015884, 1.7970335370046087, 2.532157804002054, 1.6998270650074119, 2.214478780006175, 1.9402630890108412, 2.028072000000975, 1.9839852350123692, 2.0892476420121966, 2.345295400999021, 2.1780962080083555, 2.675885583012132, 2.2734448410046753, 2.4615776950086, 2.41350711400446, 2.6249012320040492, 2.587150001010741, 2.736456654005451, 3.0318971509987023, 2.814844788008486, 2.966022979002446, 3.0851875100051984, 2.858825411007274, 2.9263296090066433, 3.158346715004882, 3.1958316060045036, 3.2474194440001156, 3.302626094009611, 3.9450789940019604, 3.373216168009094, 3.4464128140098182, 3.4770895360124996, 3.544699780002702, 3.6066586950037163, 3.6704148770077154, 3.8211748950125184, 3.7312092800129903, 3.7855085420014802, 3.871741806011414, 3.9843017700040946, 4.095783915006905, 4.170913529000245, 4.066146013006801, 4.131335799000226, 4.9638341950048925, 4.264346771000419, 4.5794374240067555, 4.338104485010263, 4.994513293000637, 4.520285833001253, 4.408596272012801, 4.488170691009145, 4.643817620002665, 4.781119396007853, 4.713219650002429, 5.7246913890121505, 5.08127278900065, 5.042251794002368, 4.88764413401077, 5.155525312002283, 5.428115112008527, 5.23512299801223, 5.27706353800022, 5.344714509003097, 5.378339070011862, 5.634534602009808, 5.512577369008795, 5.666590049004299, 6.0025825220072875, 5.572896495999885, 5.776799063998624], "final_accuracy": ["accuracy", 0.7283702213279678]}