{"trial_id": [0, 1, 2, 3, 4, 5, 6, 7, 8, 9, 10, 11, 12, 13, 14, 15, 16, 17, 18, 19, 20, 21, 22, 23, 24, 25, 26, 27, 28, 29, 30, 31, 32, 33, 34, 35, 36, 37, 38, 39, 40, 41, 42, 43, 44, 45, 46, 47, 48, 49, 50, 51, 52, 53, 54, 55, 56, 57, 58, 59, 60, 61, 62, 63, 64, 65, 66, 67, 68, 69, 70, 71, 72, 73, 74, 75, 76, 77, 78, 79, 80, 81, 82, 83, 84, 85, 86, 87, 88, 89, 90, 91, 92, 93, 94, 95, 96, 97, 98, 99], "cv_accuracy": [0.0, 0.6884718, 0.755496, 0.0, 0.6884718, 0.0, 0.0, 0.8235926000000001, 0.752815, 0.8321714, 0.0, 0.7018768, 0.0, 0.0, 0.8707774, 0.0, 0.7549596000000001, 0.0, 0.0, 0.0, 0.0, 0.8117962000000001, 0.0, 0.0, 0.8171584, 0.6884718, 0.8750671999999999, 0.0, 0.0, 0.0, 0.7764076000000001, 0.8310992, 0.0, 0.8884717999999999, 0.0, 0.0, 0.7571046, 0.7142090000000001, 0.7265414, 0.8482573999999999, 0.0, 0.0, 0.0, 0.7844506, 0.7479891999999999, 0.0, 0.0, 0.0, 0.6884718, 0.0, 0.7281500000000001, 0.0, 0.0, 0.0, 0.0, 0.0, 0.7624664, 0.0, 0.7554957999999999, 0.0, 0.0, 0.0, 0.6884718, 0.7576408000000001, 0.0, 0.7646114, 0.0, 0.7474532, 0.7849867999999999, 0.0, 0.0, 0.0, 0.0, 0.755496, 0.0, 0.0, 0.7533512000000001, 0.6884718, 0.0, 0.0, 0.7490615999999999, 0.0, 0.7549598, 0.0, 0.0, 0.0, 0.7512061999999999, 0.8890080000000001, 0.7544234000000001, 0.797319, 0.0, 0.0, 0.0, 0.0, 0.7554960000000001, 0.7544236, 0.8777480000000001, 0.7394102, 0.8782843999999999, 0.7694369999999999], "timestamp": [0.2912087500008056, 0.207498278003186, 0.39480940699286293, 0.2433045539946761, 0.12980441100080498, 0.1647545040032128, 0.5168127049983013, 0.8283707429945935, 0.5943051819922403, 0.8957513280038256, 0.45078551600454375, 0.6404143779946025, 0.7789115820050938, 0.7210145290009677, 2.2261354899965227, 0.933641419003834, 1.172507740004221, 1.07473571599985, 1.0316969529958442, 1.2439694689965108, 1.1402936240046984, 1.5007079049973981, 1.334973026998341, 1.3884345059923362, 1.5659832899982575, 1.4470822639996186, 3.620110528994701, 1.639562060998287, 1.6917195129935862, 1.7456540919956751, 1.910642855000333, 2.336896576991421, 1.8576948739937507, 2.977315105003072, 2.018454948993167, 2.0724295569962123, 2.448047626996413, 2.1883599269931437, 2.3937771819910267, 2.851664155998151, 2.543534943004488, 2.6000046230037697, 2.6485700399935013, 3.188466970997979, 2.8903808019967983, 2.7697086760017555, 3.5566984019969823, 3.1092211979994318, 3.049713903994416, 3.220531586994184, 3.2967406139941886, 3.4527024120034184, 4.643388808995951, 3.392239521999727, 3.50277035900217, 3.719727008996415, 3.841534139995929, 3.789574505004566, 3.92732309299754, 3.8949177030008286, 4.046069691001321, 4.935557849996258, 4.090194078991772, 4.308820985999773, 4.12604481499875, 4.603253078996204, 4.274490780997439, 4.429428176998044, 4.542924902998493, 4.46004575099505, 4.781803937992663, 4.7147587799991015, 4.834923351998441, 5.173357199004386, 4.898171608991106, 5.000816515996121, 5.081752294005128, 5.126427173992852, 5.277635648992145, 5.219454824997229, 5.34498579899082, 5.414720760003547, 5.694065942996531, 5.510745488994871, 5.457152009999845, 5.555497227993328, 5.655510527998558, 7.2079396579938475, 5.82202163200418, 5.990620866999961, 5.765503093003645, 5.940263618002064, 5.904227352992166, 6.063723183004186, 6.31738841200422, 6.233808663004311, 6.812047482992057, 6.166318267991301, 6.701598807994742, 6.384735279993038], "final_accuracy": ["accuracy", 0.46153846153846156]}