{"trial_id": [0, 1, 2, 3, 4, 5, 6, 7, 8, 9, 10, 11, 12, 13, 14, 15, 16, 17, 18, 19, 20, 21, 22, 23, 24, 25, 26, 27, 28, 29, 30, 31, 32, 33, 34, 35, 36, 37, 38, 39, 40, 41, 42, 43, 44, 45, 46, 47, 48, 49, 50, 51, 52, 53, 54, 55, 56, 57, 58, 59, 60, 61, 62, 63, 64, 65, 66, 67, 68, 69, 70, 71, 72, 73, 74, 75, 76, 77, 78, 79, 80, 81, 82, 83, 84, 85, 86, 87, 88, 89, 90, 91, 92, 93, 94, 95, 96, 97, 98, 99], "cv_accuracy": [0.0, 0.0, 0.0, 0.5837787999999999, 0.0, 0.0, 0.8154674, 0.0, 0.0, 0.0, 0.5155828, 0.5416684, 0.7342512, 0.6158794000000001, 0.591824, 0.0, 0.0, 0.7171908, 0.5476786, 0.5175878, 0.0, 0.585799, 0.0, 0.0, 0.0, 0.5677586, 0.0, 0.0, 0.6971508, 0.0, 0.0, 0.0, 0.0, 0.0, 0.726236, 0.0, 0.0, 0.0, 0.0, 0.0, 0.0, 0.0, 0.589804, 0.0, 0.0, 0.0, 0.0, 0.0, 0.0, 0.578779, 0.0, 0.0, 0.0, 0.0, 0.0, 0.5236182, 0.0, 0.5747587999999999, 0.0, 0.0, 0.6981106, 0.0, 0.0, 0.0, 0.0, 0.0, 0.5155828, 0.0, 0.6710452, 0.0, 0.731206, 0.0, 0.5155828, 0.590814, 0.0, 0.0, 0.0, 0.0, 0.0, 0.7181605999999999, 0.0, 0.0, 0.0, 0.0, 0.0, 0.0, 0.0, 0.0, 0.0, 0.0, 0.0, 0.6870754, 0.5667586, 0.0, 0.0, 0.0, 0.0, 0.0, 0.589809, 0.0], "timestamp": [0.264635734987678, 0.1458965499914484, 0.1062304429942742, 0.3431363129930105, 0.21717923200048972, 0.14603249498759396, 1.7886640950018773, 0.7611183789995266, 0.5215731599892024, 0.4439337169897044, 0.39570674899732694, 0.5213974989892449, 1.822786010990967, 0.8917557690001559, 0.7202892859932035, 0.6613941289979266, 0.8356962929974543, 1.1978217399882851, 0.9452475430007325, 1.016204152998398, 1.0704860879923217, 1.27914559499186, 1.147364552001818, 1.1979904519976117, 1.667806040000869, 1.414870485998108, 1.4569706649926957, 1.3828388940019067, 2.108863161993213, 1.5543806859932374, 1.6086327269877074, 2.2091947849985445, 1.7377240759960841, 1.8614118519908516, 2.765337961987825, 2.0019639499951154, 2.0444222829974024, 1.9492998739879113, 2.8720582589885453, 2.2671022199938307, 2.173184332990786, 2.317745576001471, 2.6211454430012964, 2.3906570299877785, 2.494078803996672, 2.4475517599930754, 2.57113942799333, 3.31935667200014, 4.718566940995515, 2.8182180659932783, 2.7078301909932634, 2.9294043839909136, 2.9949086389970034, 3.0370228809915716, 3.094716677995166, 3.1562278240016894, 3.2322041719889967, 3.2770096769963857, 3.5809657979989424, 3.363688227997045, 4.970280159992399, 3.5402641049877275, 3.473787575989263, 3.7132455609971657, 3.646553803991992, 3.8003200849925634, 3.7635275869979523, 3.8695412009983556, 4.482447876987862, 3.9473641509976005, 4.146090472000651, 4.001339141992503, 4.08303576799517, 4.1781773650000105, 4.255192886994337, 4.373230108991265, 4.3208047399966745, 4.432456816997728, 4.542379199992865, 5.035536366995075, 4.615039610987878, 4.6622437609912595, 4.782233511999948, 4.880097936998936, 4.844424369992339, 4.935010781991878, 5.101785991995712, 5.2031507559877355, 5.153732334001688, 5.282830233001732, 5.919284574993071, 5.84818139699928, 5.419564352996531, 5.325713439990068, 5.362785477002035, 5.54395168699557, 5.723643988996628, 5.502836305997334, 5.627143705001799, 5.660673898993991], "final_accuracy": ["accuracy", 0.9287833827893175]}