{"trial_id": [0, 1, 2, 3, 4, 5, 6, 7, 8, 9, 10, 11, 12, 13, 14, 15, 16, 17, 18, 19, 20, 21, 22, 23, 24, 25, 26, 27, 28, 29, 30, 31, 32, 33, 34, 35, 36, 37, 38, 39, 40, 41, 42, 43, 44, 45, 46, 47, 48, 49, 50, 51, 52, 53, 54, 55, 56, 57, 58, 59, 60, 61, 62, 63, 64, 65, 66, 67, 68, 69, 70, 71, 72, 73, 74, 75, 76, 77, 78, 79, 80, 81, 82, 83, 84, 85, 86, 87, 88, 89, 90, 91, 92, 93, 94, 95, 96, 97, 98, 99], "cv_accuracy": [0.7371601999999999, 0.0, 0.0, 0.0, 0.0, 0.7280418, 0.7492576, 0.0, 0.7438102000000001, 0.8195093999999999, 0.0, 0.746835, 0.0, 0.7886221999999999, 0.0, 0.0, 0.0, 0.0, 0.0, 0.0, 0.0, 0.0, 0.0, 0.7547138, 0.8522182, 0.0, 0.0, 0.7734432, 0.0, 0.0, 0.0, 0.0, 0.0, 0.0, 0.0, 0.0, 0.7177442, 0.7038324, 0.7135162, 0.8346642, 0.8340474, 0.0, 0.0, 0.7086805999999999, 0.0, 0.0, 0.0, 0.7389634, 0.0, 0.0, 0.0, 0.0, 0.8576637999999999, 0.0, 0.0, 0.8382878, 0.7492592, 0.0, 0.0, 0.0, 0.0, 0.751682, 0.0, 0.8528224000000002, 0.0, 0.7498672, 0.0, 0.0, 0.0, 0.7468296000000001, 0.7516818, 0.0, 0.0, 0.7444238000000001, 0.7843816, 0.0, 0.7886202, 0.7298782000000001, 0.0, 0.0, 0.7438176000000001, 0.0, 0.8013458, 0.7916489999999999, 0.0, 0.8588684000000001, 0.0, 0.7401758, 0.8231458, 0.0, 0.0, 0.0, 0.0, 0.0, 0.7474448, 0.0, 0.0, 0.7456266, 0.7504698, 0.0], "timestamp": [0.36612557600892615, 0.24698506300046574, 0.16876465499808546, 0.20307403900369536, 0.11563594899780583, 0.32231957200565375, 0.48125325499859173, 0.4511353819980286, 0.6057152450084686, 0.842126814997755, 0.5557591390097514, 0.6788003370020306, 2.680981810000958, 1.607641954004066, 0.7975811090000207, 0.7624895760091022, 0.9227621960017132, 1.0696695820079185, 1.0319987499970011, 0.9949385110085132, 1.1551942670048447, 1.3505567179963691, 1.2384921250049956, 1.3098087240068708, 2.3749404039990623, 1.4365979580034036, 1.6569039210007759, 1.5295888900000136, 1.9006783840013668, 2.8798156670090975, 1.7661443870019866, 1.8092389600060415, 1.962854605008033, 2.0036949640052626, 2.1004891760094324, 2.7735954800009495, 2.1655344949977007, 2.2573770730086835, 2.325361442999565, 3.2841875790036283, 5.123930770001607, 2.4964499729976524, 2.6148015710059553, 2.8113743940048153, 2.9259164679970127, 3.099166943007731, 3.1897781570005463, 3.39045098600036, 3.0598947620019317, 3.250554029000341, 3.28463862100034, 3.6169823450036347, 5.7799537100072484, 3.5435825070017017, 3.486489350005286, 3.9599011760001304, 3.683821208003792, 3.738713483005995, 4.11578320999979, 3.840771974006202, 3.8860667440021643, 4.182917145997635, 4.041506046996801, 4.686330942000495, 4.284579719998874, 4.388042503007455, 4.536246624003979, 4.429017386995838, 5.157296707009664, 4.603816987000755, 4.845736729999771, 4.879922399006318, 4.8001272340043215, 5.052064691000851, 5.416262015001848, 4.996888973997557, 5.362375438009622, 5.252858011008357, 5.416118351000478, 5.320134595007403, 5.549584427004447, 5.722912376004388, 5.831057278002845, 5.984178049009643, 5.608138430005056, 6.261204224007088, 6.188412764997338, 5.921188451000489, 6.612759994997759, 6.572148959996412, 6.071139874009532, 6.135189623004408, 6.313498080999125, 6.496043620005366, 6.391207167005632, 6.458024749008473, 6.968352951997076, 6.6910565120051615, 6.805298464008956, 6.7278226740018], "final_accuracy": ["accuracy", 0.773109243697479]}