{"trial_id": [0, 1, 2, 3, 4, 5, 6, 7, 8, 9, 10, 11, 12, 13, 14, 15, 16, 17, 18, 19, 20, 21, 22, 23, 24, 25, 26, 27, 28, 29, 30, 31, 32, 33, 34, 35, 36, 37, 38, 39, 40, 41, 42, 43, 44, 45, 46, 47, 48, 49, 50, 51, 52, 53, 54, 55, 56, 57, 58, 59, 60, 61, 62, 63, 64, 65, 66, 67, 68, 69, 70, 71, 72, 73, 74, 75, 76, 77, 78, 79, 80, 81, 82, 83, 84, 85, 86, 87, 88, 89, 90, 91, 92, 93, 94, 95, 96, 97, 98, 99], "cv_accuracy": [0.5757586000000001, 0.0, 0.0, 0.5155828, 0.0, 0.0, 0.64699, 0.5617436, 0.5597335999999999, 0.0, 0.0, 0.585799, 0.5827738, 0.0, 0.5787688, 0.0, 0.7984374, 0.0, 0.0, 0.0, 0.784392, 0.5155828, 0.0, 0.0, 0.0, 0.0, 0.0, 0.0, 0.0, 0.0, 0.65801, 0.0, 0.6649697999999999, 0.0, 0.5587136000000001, 0.7883668, 0.0, 0.0, 0.0, 0.0, 0.0, 0.0, 0.0, 0.0, 0.0, 0.0, 0.0, 0.0, 0.64498, 0.5938242, 0.0, 0.0, 0.6861003999999999, 0.0, 0.5155828, 0.585799, 0.0, 0.0, 0.7222012, 0.5155828, 0.5155828, 0.0, 0.0, 0.0, 0.0, 0.788392, 0.6730704, 0.5817688000000001, 0.0, 0.5747485999999999, 0.0, 0.576764, 0.0, 0.518593, 0.5697286, 0.5155828, 0.0, 0.7512664, 0.6600302, 0.5687738, 0.5155828, 0.0, 0.5155828, 0.0, 0.0, 0.0, 0.5155828, 0.0, 0.0, 0.0, 0.7843768000000001, 0.5857738000000001, 0.665, 0.5877938, 0.0, 0.5155828, 0.0, 0.0, 0.0, 0.5908140000000001], "timestamp": [1.2247820280026644, 0.2065934070124058, 0.24240046500926837, 0.08500411400746088, 0.16762811000808142, 0.12569767200329807, 0.5145342480100226, 0.3726446370128542, 0.46815415601304267, 0.4255054860113887, 0.32655595100368373, 0.5779805950005539, 0.8222689780086512, 1.5188477320043603, 0.763863301006495, 0.6401037130126497, 2.5891169410024304, 0.713903002004372, 0.8806554559996584, 0.9215206560038496, 4.55253572401125, 1.052815665010712, 1.0020940310059814, 1.1280209380056476, 1.1607911870087264, 1.3456849040085217, 1.284844702007831, 1.37857135401282, 1.44593555200845, 1.60892659300589, 1.567369245007285, 1.6496744970063446, 1.917315814003814, 1.7370824820100097, 1.774581700010458, 5.908537167008035, 1.9568339790130267, 1.8535888010083, 2.008155945004546, 2.1268404190050205, 2.1878150520060444, 2.0834298670088174, 2.2868768850021297, 2.2499941320129437, 2.352883967003436, 2.468934952004929, 2.412541495010373, 2.5245915740088094, 2.778531007003039, 2.7068182970106136, 2.641192116003367, 2.7445236240018858, 2.915948241003207, 2.869717801004299, 2.91570575600781, 3.0748012800031574, 3.0328619810024975, 3.133608518008259, 3.1681926520104753, 3.277093529002741, 3.239823267009342, 3.3935574970091693, 3.3282144840050023, 3.492771425007959, 3.450413805010612, 4.916413751008804, 3.639751630005776, 3.7596808369999053, 3.5700490470044315, 3.6869643130048644, 3.798248268009047, 3.875964147999184, 3.966838689011638, 3.8761503510031616, 4.133742168007302, 4.0288087400113, 4.083271049006726, 4.712854146011523, 4.606490950012812, 4.211252596011036, 4.284786042000633, 4.3574004900001455, 4.428253304009559, 4.501173050011857, 4.666036508002435, 4.76081122001051, 4.806074078005622, 4.878616808011429, 4.9650061590073165, 5.016585325007327, 6.050074349011993, 5.360450563006452, 5.161050548005733, 5.238807697009179, 5.093615220001084, 5.201657426005113, 5.468966712011024, 5.418823917003465, 5.317584745003842, 5.564076645008754], "final_accuracy": ["accuracy", 0.9327398615232443]}