{"trial_id": [0, 1, 2, 3, 4, 5, 6, 7, 8, 9, 10, 11, 12, 13, 14, 15, 16, 17, 18, 19, 20, 21, 22, 23, 24, 25, 26, 27, 28, 29, 30, 31, 32, 33, 34, 35, 36, 37, 38, 39, 40, 41, 42, 43, 44, 45, 46, 47, 48, 49, 50, 51, 52, 53, 54, 55, 56, 57, 58, 59, 60, 61, 62, 63, 64, 65, 66, 67, 68, 69, 70, 71, 72, 73, 74, 75, 76, 77, 78, 79, 80, 81, 82, 83, 84, 85, 86, 87, 88, 89, 90, 91, 92, 93, 94, 95, 96, 97, 98, 99], "cv_accuracy": [0.0, 0.0, 0.0, 0.0, 0.7989276000000001, 0.0, 0.0, 0.0, 0.0, 0.0, 0.855764, 0.7544236000000001, 0.7898122000000001, 0.752815, 0.724933, 0.0, 0.0, 0.7281500000000001, 0.755496, 0.0, 0.0, 0.833244, 0.0, 0.0, 0.0, 0.752815, 0.8428954, 0.0, 0.0, 0.6884718, 0.0, 0.6884718, 0.7554960000000001, 0.0, 0.0, 0.6884718, 0.730831, 0.6884718, 0.0, 0.7549598000000001, 0.0, 0.0, 0.7689008, 0.8766755999999999, 0.8943698000000001, 0.7538874, 0.0, 0.7549596000000001, 0.7329758, 0.8096514000000001, 0.0, 0.0, 0.0, 0.6884718, 0.7533512, 0.0, 0.0, 0.7286862000000001, 0.6884718, 0.0, 0.6884718, 0.0, 0.7554960000000001, 0.0, 0.6884718, 0.7587132000000001, 0.7426274000000002, 0.756032, 0.752815, 0.0, 0.7270776000000001, 0.9024127999999999, 0.0, 0.0, 0.6884718, 0.0, 0.880429, 0.0, 0.755496, 0.0, 0.7924933999999999, 0.8498660000000001, 0.0, 0.8863272, 0.0, 0.7351205999999999, 0.6884718, 0.0, 0.8509384000000001, 0.0, 0.752815, 0.8520108000000001, 0.0, 0.0, 0.8203752000000002, 0.0, 0.0, 0.7554960000000001, 0.0, 0.0], "timestamp": [0.23390754300635308, 0.29068367400032, 0.15144360599515494, 0.10511357999348547, 0.6427836210059468, 0.1945199239999056, 0.3775069609982893, 0.45621957200637553, 0.5150833889929345, 0.4147178480052389, 3.765661601006286, 0.7643426400027238, 0.9714728069957346, 0.6112243509996915, 0.6814152379956795, 0.8824579100037226, 0.9211218970012851, 0.8243820710049476, 1.1072942360042362, 1.0514749690046301, 1.1571058289991925, 1.2712147739948705, 1.1915056220022961, 1.3106375789939193, 1.3785462569940137, 1.43917925900314, 2.136719579997589, 1.5441808189934818, 1.4927795650000917, 1.6126209840003867, 1.6768408079951769, 1.7254050210030982, 1.8586209009954473, 1.8018521060002968, 1.9099845320015447, 1.946130780997919, 2.0361799179954687, 2.0786072369955946, 2.188626720002503, 2.2380445699964184, 2.320060137004475, 2.3792337350023445, 2.5645973899954697, 3.0922725929995067, 7.660133904995746, 2.46913806599332, 2.5351234819972888, 2.6930877800041344, 2.728206753003178, 3.517918857993209, 2.878616489993874, 2.8396582569985185, 3.0175704910070635, 2.973623541998677, 3.2216261660068994, 3.1605800520046614, 3.269899507999071, 3.351064280999708, 3.3959831849933835, 3.4522850109933643, 3.5898941820050823, 3.623586838002666, 3.931310202999157, 3.7036455899942666, 3.8196490639966214, 4.005407869000919, 3.8991968990012538, 4.0443609390058555, 4.103239482996287, 4.2224783309939085, 4.170238816994242, 5.427682517998619, 4.28568416100461, 4.3360632459953194, 4.408110716001829, 4.457914319995325, 5.3211534330039285, 4.5275012089987285, 4.6820329729962396, 4.604700160998618, 4.837852259006468, 5.524543416002416, 4.7807786379999015, 5.725350442997296, 4.9511860070051625, 5.055465761004598, 5.154911218007328, 5.253570162007236, 6.757882310994319, 5.602716722001787, 5.602896062002401, 5.904323517999728, 5.844781003004755, 5.779576403001556, 6.316244653004105, 6.074923773994669, 5.985869694995927, 6.258637085004011, 6.124341189002735, 6.212185095995665], "final_accuracy": ["accuracy", 0.40559440559440557]}