{"trial_id": [0, 1, 2, 3, 4, 5, 6, 7, 8, 9, 10, 11, 12, 13, 14, 15, 16, 17, 18, 19, 20, 21, 22, 23, 24, 25, 26, 27, 28, 29, 30, 31, 32, 33, 34, 35, 36, 37, 38, 39, 40, 41, 42, 43, 44, 45, 46, 47, 48, 49, 50, 51, 52, 53, 54, 55, 56, 57, 58, 59, 60, 61, 62, 63, 64, 65, 66, 67, 68, 69, 70, 71, 72, 73, 74, 75, 76, 77, 78, 79, 80, 81, 82, 83, 84, 85, 86, 87, 88, 89, 90, 91, 92, 93, 94, 95, 96, 97, 98, 99], "cv_accuracy": [0.0, 0.7590825999999999, 0.0, 0.6995431999999999, 0.7868730000000002, 0.0, 0.7564224, 0.7306405999999999, 0.0, 0.6916005999999999, 0.6916005999999999, 0.0, 0.0, 0.0, 0.6916005999999999, 0.886167, 0.8742442, 0.0, 0.0, 0.8682838, 0.8749043999999999, 0.8782112, 0.0, 0.0, 0.6916005999999999, 0.7220639999999999, 0.0, 0.6916005999999999, 0.0, 0.7339476, 0.0, 0.763058, 0.7637162, 0.7623892, 0.0, 0.0, 0.0, 0.0, 0.0, 0.7200773999999999, 0.6916005999999999, 0.6916005999999999, 0.7379212, 0.7379212, 0.7656986, 0.6916005999999999, 0.0, 0.8782112000000002, 0.6916005999999999, 0.0, 0.7623938000000001, 0.0, 0.0, 0.0, 0.0, 0.7623940000000001, 0.7637096, 0.0, 0.0, 0.0, 0.0, 0.6916005999999999, 0.0, 0.7643806000000001, 0.0, 0.7266736, 0.0, 0.7656962, 0.0, 0.0, 0.6916005999999999, 0.0, 0.8312263999999999, 0.6916005999999999, 0.6916005999999999, 0.6916005999999999, 0.0, 0.7895242, 0.0, 0.7623982, 0.8517471999999999, 0.7988132, 0.6916005999999999, 0.9033594, 0.0, 0.6916005999999999, 0.6916005999999999, 0.0, 0.0, 0.7650406000000001, 0.765034, 0.8828406, 0.7505146, 0.0, 0.0, 0.7121304, 0.0, 0.0, 0.0, 0.0], "timestamp": [0.10581685601209756, 0.2572810750134522, 0.20582055000704713, 0.13607097700878512, 0.3449042240099516, 0.13558624900178984, 0.5600849020120222, 0.5268847570114303, 0.4837933910021093, 0.4362082800071221, 0.3813938850071281, 0.7005454750033095, 0.6423151180060813, 0.7681072650011629, 0.9275395540025784, 1.2298177370103076, 2.122226245002821, 0.8116926810034784, 0.8742859000049066, 5.520402642010595, 1.9557330730021931, 1.176172948005842, 1.0152777900075307, 1.1010994120006217, 1.2714581660111435, 1.4187460140092298, 1.6193807420058874, 1.3616816390131135, 1.494622676007566, 1.5504830940044485, 1.6646293150115525, 1.745167607004987, 1.8508247640129412, 1.8079934420093196, 1.919725877000019, 2.0582791690103477, 2.026157068001339, 2.223722856011591, 2.167918439008645, 2.808521828002995, 2.2799554650118807, 2.3548222730023554, 2.4432416620111326, 2.4121563190128654, 2.6971779170125956, 2.5295563020044938, 2.6005212550080614, 7.100829568007612, 2.657260601001326, 2.779126413006452, 3.0393401800101856, 2.8696335290005663, 3.0804276240087347, 2.947980823999387, 3.001063203002559, 3.1701238070090767, 3.500310614006594, 3.266602857009275, 3.203740014010691, 3.391344053001376, 3.3405861140054185, 3.4402534130058484, 3.5717538200115087, 3.6679888300132006, 3.63734597300936, 3.6376133860030677, 3.779706127010286, 4.012862690011389, 3.9062505530018825, 3.8414662230061367, 3.9449382410093676, 4.049506544004544, 4.395852038011071, 4.120278328002314, 4.2243462660117075, 4.179904666001676, 4.297042118007084, 4.681382201000815, 4.359442382003181, 4.480951824007207, 5.152983049003524, 4.617319429002237, 4.566783458009013, 6.312326452010893, 4.7532324620115105, 4.8072152430104325, 4.885233264009003, 4.93671296100365, 5.015214161001495, 5.097520034003537, 5.411947157001123, 6.195701060001738, 5.253908733007847, 5.342858784002601, 5.473887984000612, 5.781382134009618, 5.606358683013241, 5.642675544004305, 5.829135636013234, 5.7340560000011465], "final_accuracy": ["accuracy", 0.7404426559356136]}