{"trial_id": [0, 1, 2, 3, 4, 5, 6, 7, 8, 9, 10, 11, 12, 13, 14, 15, 16, 17, 18, 19, 20, 21, 22, 23, 24, 25, 26, 27, 28, 29, 30, 31, 32, 33, 34, 35, 36, 37, 38, 39, 40, 41, 42, 43, 44, 45, 46, 47, 48, 49, 50, 51, 52, 53, 54, 55, 56, 57, 58, 59, 60, 61, 62, 63, 64, 65, 66, 67, 68, 69, 70, 71, 72, 73, 74, 75, 76, 77, 78, 79, 80, 81, 82, 83, 84, 85, 86, 87, 88, 89, 90, 91, 92, 93, 94, 95, 96, 97, 98, 99], "cv_accuracy": [0.0, 0.0, 0.8031529999999998, 0.0, 0.0, 0.0, 0.0, 0.0, 0.7468388, 0.7456284000000001, 0.0, 0.0, 0.0, 0.0, 0.0, 0.8540402, 0.0, 0.7432006, 0.8286002, 0.0, 0.8443484, 0.7195788, 0.0, 0.0, 0.7353256, 0.8570596, 0.746835, 0.0, 0.0, 0.7038324, 0.812242, 0.8455514000000001, 0.0, 0.0, 0.7492576, 0.7038324, 0.0, 0.0, 0.0, 0.7038324, 0.7413806000000001, 0.7407730000000001, 0.0, 0.0, 0.0, 0.0, 0.0, 0.0, 0.7583468, 0.7038324, 0.0, 0.0, 0.7038324, 0.7492558, 0.0, 0.0, 0.8758381999999999, 0.8401080000000001, 0.0, 0.0, 0.0, 0.0, 0.0, 0.0, 0.0, 0.0, 0.0, 0.0, 0.0, 0.0, 0.8455514, 0.0, 0.0, 0.7371618, 0.7444200000000001, 0.0, 0.0, 0.0, 0.0, 0.7789306, 0.0, 0.0, 0.8007326000000001, 0.0, 0.0, 0.751682, 0.7425944, 0.8461596, 0.0, 0.0, 0.7038324, 0.8667456000000001, 0.7486516000000001, 0.859489, 0.7450165999999999, 0.0, 0.7456227999999999, 0.7468296000000001, 0.7504714, 0.7516782], "timestamp": [0.2586342469876399, 0.14809638498991262, 0.4002575249905931, 0.22342126099101733, 0.10466140399512369, 0.14820761099690571, 0.3593550909863552, 0.4405507319897879, 0.6466119129909202, 0.7617928229883546, 0.5101281849929364, 0.6089523479895433, 0.7019087119988399, 0.5801215929968748, 0.7961638669949025, 1.3962661499972455, 0.8892652979993727, 0.9915617519873194, 1.6422070169937797, 0.94922868499998, 1.766714500990929, 1.0690236809896305, 1.1250114999857033, 1.1924884369946085, 1.2633834479929646, 3.7783595729997614, 1.340495797994663, 1.4581172929902095, 1.5220959319995018, 1.579795027995715, 3.387255434994586, 2.2871189789875643, 1.7144438089890173, 1.8137990069953958, 1.9398087909939932, 1.898649304988794, 1.9815810149884783, 2.108957096992526, 2.1642613639996853, 2.077155959996162, 2.4032029809895903, 2.3411878179904306, 2.2568176689965185, 2.5754744409932755, 2.4757831339957193, 2.5136633479996817, 2.6204840739956126, 2.7094691149977734, 3.1421462779981084, 2.9216152089938987, 2.754003638998256, 2.8493424089974724, 2.8494656729890266, 3.196273374996963, 3.0870491649984615, 3.0214077869895846, 6.686289938996197, 5.710588901987649, 3.2780375579895917, 3.330103819986107, 3.4590462559863226, 3.500290234995191, 3.567093487989041, 3.674868943999172, 3.6402530489867786, 3.7414103859919123, 3.9019838709937176, 3.860789290993125, 4.027429765992565, 3.950880286996835, 4.4854362459882395, 4.088363245988148, 4.790540181988035, 4.170599327990203, 4.253820290992735, 4.300990495990845, 4.426504071991076, 4.393131387987523, 4.617109920989606, 4.655402714997763, 4.578151769994292, 4.759674114990048, 6.223017679993063, 4.835948431995348, 4.939789261989063, 5.131492586995591, 5.005626816986478, 5.2624776199954795, 5.099023728995235, 5.33013996698719, 5.2274374309927225, 6.359647318997304, 5.46315093699377, 6.017762380986824, 5.57621090199973, 5.668447322997963, 5.8265302699874155, 5.8726984599925345, 6.076166702987393, 6.120801887998823], "final_accuracy": ["accuracy", 0.8095238095238095]}