{"trial_id": [0, 1, 2, 3, 4, 5, 6, 7, 8, 9, 10, 11, 12, 13, 14, 15, 16, 17, 18, 19, 20, 21, 22, 23, 24, 25, 26, 27, 28, 29, 30, 31, 32, 33, 34, 35, 36, 37, 38, 39, 40, 41, 42, 43, 44, 45, 46, 47, 48, 49, 50, 51, 52, 53, 54, 55, 56, 57, 58, 59, 60, 61, 62, 63, 64, 65, 66, 67, 68, 69, 70, 71, 72, 73, 74, 75, 76, 77, 78, 79, 80, 81, 82, 83, 84, 85, 86, 87, 88, 89, 90, 91, 92, 93, 94, 95, 96, 97, 98, 99], "cv_accuracy": [0.0, 0.0, 0.7359354, 0.7195826, 0.0, 0.0, 0.7432042, 0.0, 0.0, 0.7359496, 0.7498654, 0.8491918, 0.0, 0.0, 0.0, 0.0, 0.0, 0.0, 0.7207908000000001, 0.7165448000000001, 0.7480472, 0.4421514, 0.7874155999999999, 0.7886296, 0.7498672000000001, 0.0, 0.0, 0.0, 0.7740916, 0.0, 0.0, 0.0, 0.7480490000000001, 0.0, 0.7038324, 0.8491896000000001, 0.7892336, 0.7504698000000001, 0.794681, 0.0, 0.0, 0.0, 0.0, 0.7504679999999999, 0.0, 0.8703819999999999, 0.0, 0.7462308, 0.7813604, 0.0, 0.0, 0.7868058, 0.0, 0.0, 0.0, 0.0, 0.0, 0.0, 0.8516104, 0.0, 0.7298782000000001, 0.0, 0.0, 0.7504698000000001, 0.7256176, 0.7480456, 0.0, 0.0, 0.0, 0.7444236, 0.7498654, 0.0, 0.7946848000000001, 0.7474356000000001, 0.7195788000000001, 0.0, 0.0, 0.7038324, 0.7444222, 0.0, 0.7419993999999999, 0.7413934, 0.8497975999999999, 0.7510758, 0.7516782, 0.745623, 0.0, 0.8770448, 0.749858, 0.0, 0.8376856, 0.0, 0.7541024000000001, 0.0, 0.839491, 0.7038324, 0.7383594, 0.0, 0.7038324, 0.7492612000000001], "timestamp": [0.14299665699945763, 0.17458254600933287, 0.28664293300244026, 0.22090883999771904, 0.10067705000983551, 0.33405445600510575, 0.4908571470004972, 0.5364164030033862, 0.44418697099899873, 0.41013948401086964, 0.7931562140001915, 2.2559967310080538, 0.6278143910021754, 0.6653623890015297, 0.8447192960011307, 0.7287916580098681, 1.0789723880006932, 0.8820359660021495, 0.9485278650099644, 1.0152451530011604, 1.124661105000996, 1.5971754630008945, 1.1941858530044556, 1.3170046980085317, 1.5304756359983003, 1.2542306420073146, 1.3607580320094712, 1.4270361810049508, 1.8551741940027568, 1.490030631000991, 1.6638911260088207, 1.7059290890028933, 1.7651431120029883, 1.8160875720059266, 1.9325755610043416, 3.6611393860075623, 2.486312993001775, 2.02864791599859, 2.0967031740001403, 2.1518580310075777, 2.1951883130095666, 2.4424088040104834, 2.3300896260043373, 2.7201930560113396, 2.3991395230113994, 3.3787791159993503, 2.5763546740054153, 2.6057205600081943, 2.6691836070094723, 3.822206177006592, 2.793690788006643, 2.8773136850068113, 2.9360280630062334, 3.073863245997927, 3.0102640490076737, 3.103744149004342, 3.184247969009448, 3.272828487009974, 3.436898542000563, 3.323048528007348, 3.5021682960068574, 3.538401732002967, 3.6224985279986868, 4.008252505009295, 3.760096779005835, 3.7070275860023685, 3.890192298000329, 3.928669572007493, 3.9704363490018295, 4.063518847004161, 4.289372874001856, 4.253783332998864, 4.525799777009524, 4.352567726004054, 4.148078213009285, 4.183092042003409, 4.455574140010867, 4.404827951002517, 4.679198173005716, 4.745722460007528, 4.590384877010365, 4.648429666005541, 5.250021750005544, 4.861873710004147, 5.097293960003299, 4.944620214999304, 4.8202400139998645, 6.912550590001047, 5.045879672004958, 4.985014235004201, 5.493079324005521, 5.882615708003868, 5.299951902998146, 5.1860479960014345, 6.460060433004401, 5.3868367789982585, 5.424598783007241, 6.096531139002764, 5.559527976001846, 5.678659113007598], "final_accuracy": ["accuracy", 0.7983193277310925]}