{"trial_id": [0, 1, 2, 3, 4, 5, 6, 7, 8, 9, 10, 11, 12, 13, 14, 15, 16, 17, 18, 19, 20, 21, 22, 23, 24, 25, 26, 27, 28, 29, 30, 31, 32, 33, 34, 35, 36, 37, 38, 39, 40, 41, 42, 43, 44, 45, 46, 47, 48, 49, 50, 51, 52, 53, 54, 55, 56, 57, 58, 59, 60, 61, 62, 63, 64, 65, 66, 67, 68, 69, 70, 71, 72, 73, 74, 75, 76, 77, 78, 79, 80, 81, 82, 83, 84, 85, 86, 87, 88, 89, 90, 91, 92, 93, 94, 95, 96, 97, 98, 99], "cv_accuracy": [0.518598, 0.5456584, 0.0, 0.7362360000000001, 0.0, 0.585799, 0.7111707999999999, 0.0, 0.5476784, 0.0, 0.0, 0.591804, 0.0, 0.5867990000000001, 0.5857838, 0.5837939999999999, 0.5276282, 0.0, 0.0, 0.0, 0.6529598000000001, 0.6961356, 0.6860502, 0.0, 0.0, 0.0, 0.5837738, 0.589814, 0.0, 0.0, 0.5537186000000001, 0.5155828, 0.0, 0.0, 0.0, 0.0, 0.579779, 0.586794, 0.0, 0.0, 0.0, 0.7422462, 0.0, 0.581789, 0.0, 0.0, 0.0, 0.5155828, 0.0, 0.0, 0.0, 0.0, 0.5888192, 0.585789, 0.5847939999999999, 0.5787588, 0.7121508, 0.5918242, 0.591824, 0.0, 0.0, 0.5717336, 0.5697536, 0.0, 0.0, 0.0, 0.7572916000000001, 0.7753416000000001, 0.0, 0.0, 0.0, 0.0, 0.7442966, 0.8094522, 0.0, 0.0, 0.0, 0.7382312000000001, 0.7572811999999999, 0.0, 0.0, 0.0, 0.588804, 0.6920803999999999, 0.0, 0.5938242, 0.0, 0.0, 0.0, 0.0, 0.0, 0.0, 0.5757588, 0.0, 0.0, 0.0, 0.0, 0.734226, 0.0, 0.5948342], "timestamp": [0.11763791400881018, 0.16778119700029492, 0.08737659899634309, 1.0570903080079006, 0.2785659789951751, 0.24411313999735285, 0.42730445800407324, 0.3567010550032137, 0.3107038570014993, 0.5665495720022591, 0.5292838850000408, 0.616386103007244, 0.48067463500774466, 0.7264979620085796, 0.9485744970006635, 0.848406277000322, 0.7689209800009849, 0.69361574400682, 0.9824281680048443, 0.8949658700003056, 2.7148866549978266, 1.1000887480040547, 1.2347074090066599, 1.195307589994627, 1.135246965000988, 1.4221233349962858, 1.3156504229991697, 1.5657459430076415, 1.774053888002527, 1.3609215460019186, 1.4767080809979234, 1.5108221900009084, 1.6228096790000563, 1.6965507470013108, 1.7393667559954338, 2.2555620380007895, 1.773464095997042, 1.949442662007641, 1.9866748630010989, 2.0241182549943915, 1.889614629006246, 2.198840981000103, 2.1665700540033868, 2.355231654000818, 2.100829684000928, 2.303847080998821, 2.6286002050037496, 2.390779740002472, 2.6679012140084524, 2.525190936998115, 2.560149523007567, 2.467723659996409, 2.831807231006678, 2.928205104006338, 2.7602741239970783, 2.878842213001917, 3.4694702039996628, 3.071387196003343, 3.161789133999264, 4.219180628002505, 3.1220726140018087, 3.0155635620030807, 3.2128409480064875, 3.329485387002933, 3.2906363299989607, 3.4693538779974915, 4.131046412003343, 4.469032724999124, 3.4096869220084045, 3.5612333600001875, 3.696648291006568, 3.6288950300076976, 3.8350725180062, 5.817970201998833, 3.767162920004921, 3.894576570004574, 3.970132624002872, 4.101060369008337, 4.4379702279984485, 4.262969321003766, 4.335420026007341, 4.37261031800881, 4.566536900005303, 4.639013469000929, 4.528837584002758, 4.752534276005463, 4.672547440000926, 4.808232587005477, 4.8472200950054685, 5.301487899007043, 5.0026066830032505, 4.927834832997178, 4.962829327996587, 5.064212596000289, 5.166175766004017, 5.202139810004155, 5.129397181997774, 5.5097283350041835, 5.3677930679987185, 5.428761643008329], "final_accuracy": ["accuracy", 0.9218595450049456]}