{"trial_id": [0, 1, 2, 3, 4, 5, 6, 7, 8, 9, 10, 11, 12, 13, 14, 15, 16, 17, 18, 19, 20, 21, 22, 23, 24, 25, 26, 27, 28, 29, 30, 31, 32, 33, 34, 35, 36, 37, 38, 39, 40, 41, 42, 43, 44, 45, 46, 47, 48, 49, 50, 51, 52, 53, 54, 55, 56, 57, 58, 59, 60, 61, 62, 63, 64, 65, 66, 67, 68, 69, 70, 71, 72, 73, 74, 75, 76, 77, 78, 79, 80, 81, 82, 83, 84, 85, 86, 87, 88, 89, 90, 91, 92, 93, 94, 95, 96, 97, 98, 99], "cv_accuracy": [0.852403, 0.8537298, 0.762383, 0.886145, 0.8391645999999999, 0.762385, 0.8179814000000001, 0.9099798, 0.0, 0.7041747999999999, 0.9053528, 0.7048306, 0.7021856000000001, 0.0, 0.0, 0.6916005999999999, 0.7623892, 0.0, 0.0, 0.894103, 0.0, 0.7564378, 0.8471116000000001, 0.0, 0.0, 0.7670296000000001, 0.0, 0.0, 0.0, 0.7895329999999999, 0.0, 0.7061568000000001, 0.0, 0.0, 0.0, 0.0, 0.0, 0.0, 0.7657028, 0.7617225999999999, 0.0, 0.0, 0.0, 0.8530697999999999, 0.0, 0.7617336000000001, 0.0, 0.7610694, 0.7306386, 0.885487, 0.0, 0.9000612, 0.8636440000000001, 0.7306405999999999, 0.0, 0.7326229999999999, 0.871615, 0.0, 0.0, 0.0, 0.7948158000000001, 0.7617228, 0.0, 0.0, 0.0, 0.8596877999999999, 0.0, 0.0, 0.0, 0.0, 0.0, 0.0, 0.8835158, 0.0, 0.0, 0.0, 0.7657006, 0.7643715999999999, 0.8881428, 0.6916005999999999, 0.8914387999999999, 0.7590866000000001, 0.0, 0.0, 0.8636723999999999, 0.0, 0.7643717999999999, 0.7637184000000001, 0.7623872, 0.7656962, 0.0, 0.7623871999999998, 0.0, 0.0, 0.0, 0.7001966, 0.0, 0.0, 0.0, 0.7623958], "timestamp": [0.7721383099997183, 0.5870825169986347, 0.13072066199674737, 0.6456059409974841, 0.2728242489974946, 0.168649066996295, 0.5553908809961285, 3.0139210729976185, 0.3568510490003973, 0.4394683020072989, 1.8774153590056812, 0.8437889060005546, 0.7159289190021809, 0.7718781690055039, 0.9231374030059669, 1.040443926001899, 1.1752460279967636, 0.9723731349949958, 2.208682411001064, 3.7407211829995504, 1.1300346810021438, 1.2609396220068447, 1.356910678994609, 1.4066421449970221, 1.4880402230046457, 1.532660387994838, 1.6168191059987294, 1.6667147190019023, 2.4332394450029824, 2.0804308020015014, 2.0007292490045074, 2.1249136989936233, 2.2519307369948365, 2.49176583699591, 2.335506871997495, 2.3734567310020793, 2.5634179519984173, 2.8515008079994004, 2.730257053000969, 2.6363182430068264, 2.6839874440047424, 2.8129706930048997, 2.8518189360038377, 3.3272062780015403, 3.053425734004122, 3.121793404003256, 2.9742113899992546, 3.2268778889992973, 3.194443325002794, 4.97381804100587, 3.282399179006461, 3.8638178660039557, 5.594896726004663, 3.458277251003892, 3.411453281994909, 3.5467283820034936, 3.993744097999297, 3.6591435099981027, 3.781028241995955, 3.911822800000664, 4.108062048006104, 4.192086370996549, 4.024628172002849, 4.264146953006275, 4.156061022993526, 4.665579551001429, 4.391195435993723, 4.350553633994423, 4.460466239004745, 4.520628487007343, 4.83442974499485, 4.602228828996886, 5.198236946001998, 4.791924025004846, 4.746102374003385, 4.917393138006446, 5.1460150579951005, 5.0475564200023655, 7.458131239996874, 5.095031481003389, 7.715933334999136, 5.27500327200687, 5.274838405006449, 5.362077910001972, 5.948776585995802, 5.446729001007043, 5.524532192997867, 5.66043355500733, 5.716099615005078, 5.859324764998746, 5.7947073399991496, 5.900384384993231, 5.999810887995409, 6.638151392005966, 6.077268282999285, 6.119133047002833, 6.328700783007662, 6.203079397993861, 6.202859769997303, 6.444493500006502], "final_accuracy": ["accuracy", 0.7625754527162978]}