{"trial_id": [0, 1, 2, 3, 4, 5, 6, 7, 8, 9, 10, 11, 12, 13, 14, 15, 16, 17, 18, 19, 20, 21, 22, 23, 24, 25, 26, 27, 28, 29, 30, 31, 32, 33, 34, 35, 36, 37, 38, 39, 40, 41, 42, 43, 44, 45, 46, 47, 48, 49, 50, 51, 52, 53, 54, 55, 56, 57, 58, 59, 60, 61, 62, 63, 64, 65, 66, 67, 68, 69, 70, 71, 72, 73, 74, 75, 76, 77, 78, 79, 80, 81, 82, 83, 84, 85, 86, 87, 88, 89, 90, 91, 92, 93, 94, 95, 96, 97, 98, 99], "cv_accuracy": [0.7549598, 0.7538874000000001, 0.0, 0.7538874000000001, 0.0, 0.774263, 0.0, 0.0, 0.7329758, 0.8911528000000001, 0.7678286, 0.9024126000000001, 0.0, 0.0, 0.6884718, 0.0, 0.0, 0.752815, 0.0, 0.0, 0.7426271999999999, 0.755496, 0.6884718, 0.0, 0.0, 0.0, 0.7265414, 0.880429, 0.8713134, 0.852547, 0.0, 0.7522788, 0.6884718, 0.0, 0.755496, 0.7608579999999999, 0.7136728, 0.755496, 0.6884718, 0.0, 0.0, 0.0, 0.0, 0.7624666, 0.711528, 0.9034852000000001, 0.6310994, 0.7538874, 0.9008041999999999, 0.0, 0.0, 0.0, 0.9056297999999998, 0.0, 0.8638070000000001, 0.0, 0.8262731999999999, 0.8235924000000001, 0.7576408000000001, 0.8064344, 0.7554960000000001, 0.0, 0.7785524, 0.7549596000000001, 0.0, 0.0, 0.8638070000000001, 0.0, 0.7512063999999998, 0.7544236, 0.0, 0.8541558, 0.7302948, 0.7587132000000001, 0.7571046, 0.6975871999999999, 0.0, 0.7554960000000001, 0.0, 0.8010726, 0.0, 0.8648796000000001, 0.0, 0.0, 0.0, 0.0, 0.0, 0.8895441999999999, 0.6884718, 0.8713138, 0.0, 0.7544234000000001, 0.8386060000000001, 0.8831098000000001, 0.0, 0.0, 0.0, 0.8530831999999998, 0.0, 0.7587132000000001], "timestamp": [0.29902651500015054, 0.3737147060019197, 0.2653051770030288, 0.11901125399162993, 0.20807679700374138, 0.1559767339931568, 0.43213365800329484, 0.8169054909958504, 0.49298240899224766, 1.3998794100043597, 0.6379113199946005, 1.5904549410042819, 0.5686996599979466, 0.6896591870026896, 0.7460306049906649, 0.8681246740015922, 0.9103299459966365, 1.033052097001928, 0.9992805009969743, 1.0740556899982039, 1.1291102179966401, 1.3656168799934676, 1.2643004239944275, 1.3267219160043169, 1.2212977079907432, 1.4871101479948265, 1.5296836609923048, 3.986766590998741, 2.6453583510010503, 1.804145909001818, 1.667493603003095, 1.7254002609988675, 1.759169775992632, 1.8865174429956824, 2.0286913460004143, 2.158848160994239, 1.9436476169939851, 2.1886712230043486, 2.073953029990662, 2.2446940969966818, 2.5981995859910967, 2.391081651003333, 2.334512942994479, 2.4485263359965757, 2.5219184680026956, 6.587550829004613, 3.1379460009920876, 2.7095126299973344, 5.779482041994925, 2.7845655510027427, 2.8411114030022873, 2.925005315002636, 5.3493438019941095, 3.0155355259921635, 3.4230608660000144, 3.2341307930037146, 3.3833259380044183, 3.5502721380034927, 3.6061100170045393, 3.8798477509990335, 3.7068761789996643, 3.8029111359937815, 4.2808875710034044, 4.368231799991918, 4.0838932109909365, 4.205083537992323, 4.859714013000485, 4.456629070002236, 4.502001792992814, 4.703952907002531, 4.5998730519932, 5.643871605003369, 4.805214881998836, 4.984826893996797, 5.067747330991551, 5.139924671995686, 5.9456652230001055, 5.2781520589924185, 5.424082787998486, 5.568549080999219, 6.130250639995211, 6.075955570995575, 5.74213633799809, 5.906512150992057, 5.991742981990683, 6.167607975992723, 6.205523584998446, 7.122941993991844, 6.301936798001407, 6.548630598990712, 6.379954060001182, 6.426723935001064, 7.181614289991558, 7.002958500990644, 6.744292912000674, 6.6801591260009445, 6.744166513992241, 7.276876438991167, 6.882083289994625, 6.932097722004983], "final_accuracy": ["accuracy", 0.42657342657342656]}