{"trial_id": [0, 1, 2, 3, 4, 5, 6, 7, 8, 9, 10, 11, 12, 13, 14, 15, 16, 17, 18, 19, 20, 21, 22, 23, 24, 25, 26, 27, 28, 29, 30, 31, 32, 33, 34, 35, 36, 37, 38, 39, 40, 41, 42, 43, 44, 45, 46, 47, 48, 49, 50, 51, 52, 53, 54, 55, 56, 57, 58, 59, 60, 61, 62, 63, 64, 65, 66, 67, 68, 69, 70, 71, 72, 73, 74, 75, 76, 77, 78, 79, 80, 81, 82, 83, 84, 85, 86, 87, 88, 89, 90, 91, 92, 93, 94, 95, 96, 97, 98, 99], "cv_accuracy": [0.0, 0.0, 0.0, 0.0, 0.6000002, 0.0, 0.0, 0.7307694, 0.7230770000000001, 0.5538462, 0.0, 0.0, 0.0, 0.0, 0.0, 0.0, 0.0, 0.0, 0.0, 0.0, 0.0, 0.0, 0.0, 0.0, 0.0, 0.0, 0.0, 0.0, 0.0, 0.0, 0.0, 0.0, 0.7230770000000001, 0.0, 0.0, 0.0, 0.0, 0.0, 0.0, 0.0, 0.0, 0.0, 0.0, 0.0, 0.0, 0.0, 0.0, 0.0, 0.6615384000000001, 0.7076925999999999, 0.0, 0.0, 0.0, 0.7153845999999999, 0.0, 0.0, 0.7307691999999999, 0.0, 0.0, 0.423077, 0.0, 0.0, 0.0, 0.0, 0.0, 0.0, 0.0, 0.0, 0.0, 0.7923076, 0.0, 0.038461800000000004, 0.0, 0.7230772000000001, 0.0, 0.0, 0.0, 0.776923, 0.0, 0.0, 0.0, 0.6846156, 0.0, 0.0, 0.0, 0.0, 0.0, 0.0, 0.0, 0.7153847999999999, 0.0, 0.0, 0.7307694, 0.0, 0.7307694, 0.0, 0.4384616, 0.7307694, 0.0, 0.0], "timestamp": [0.16414288899977691, 0.24816689900762867, 0.12370659199950751, 0.9334037619992159, 0.47312177800631616, 0.08405669800413307, 0.2946008340077242, 0.3825873300083913, 0.34730616500019096, 0.43126245999883395, 0.5113914440007647, 0.6167114060081076, 0.5758230659994297, 0.6558250970119843, 0.7459802189987386, 0.6904190799978096, 0.8542957309982739, 0.9772156070102938, 1.0267717980023008, 0.8048261910007568, 0.8931035040004645, 1.0773866520030424, 1.1358789060031995, 1.1733911350020207, 1.1736812660092255, 1.248346466003568, 1.3051185200019972, 1.3425245530088432, 1.647936268011108, 1.54075108600955, 1.4466652420087485, 1.4051844640052877, 1.8396143880090676, 1.4913945990119828, 1.6027199930103961, 1.6473295949981548, 1.7303457890084246, 1.7700945180113195, 1.875136607006425, 1.965192786010448, 2.1884400069975527, 2.004178155999398, 1.9151040819997434, 2.152435852010967, 2.232895790002658, 2.1033692019991577, 2.2878133470076136, 2.0677165890083415, 2.3284371710033156, 2.441204963004566, 2.3786769090074813, 2.4119671520020347, 2.5041689920035424, 2.628428181007621, 2.5472485960053746, 3.0725379750074353, 3.2183573430083925, 2.582720735008479, 2.698921283998061, 2.785590541010606, 2.7460584070067853, 2.825491306008189, 2.893670267003472, 3.033125939007732, 2.9910154860117473, 2.9320156600006158, 3.2639594270003727, 3.11026182200294, 3.1816628340020543, 3.6647501030092826, 3.317896816006396, 3.3589817830070388, 3.4158035180007573, 3.8752775090106297, 3.4583029380009975, 3.9104777080065105, 3.514051525009563, 3.941601830010768, 3.5732241830119165, 3.6213747520087054, 3.7306107910117134, 3.818500415000017, 3.769342460000189, 4.02956138200534, 4.3214638990029925, 3.989432038011728, 4.185744436006644, 4.2220617630082415, 4.141821017008624, 4.262560524002765, 4.1023520169983385, 4.3607520580117125, 4.462451287006843, 4.462008116999641, 4.647359551003319, 4.4141565860045375, 4.54969552300463, 4.591675978997955, 4.724426822998794, 4.681308732004254], "final_accuracy": ["accuracy", 0.8653846153846154]}