{"trial_id": [0, 1, 2, 3, 4, 5, 6, 7, 8, 9, 10, 11, 12, 13, 14, 15, 16, 17, 18, 19, 20, 21, 22, 23, 24, 25, 26, 27, 28, 29, 30, 31, 32, 33, 34, 35, 36, 37, 38, 39, 40, 41, 42, 43, 44, 45, 46, 47, 48, 49, 50, 51, 52, 53, 54, 55, 56, 57, 58, 59, 60, 61, 62, 63, 64, 65, 66, 67, 68, 69, 70, 71, 72, 73, 74, 75, 76, 77, 78, 79, 80, 81, 82, 83, 84, 85, 86, 87, 88, 89, 90, 91, 92, 93, 94, 95, 96, 97, 98, 99], "cv_accuracy": [0.0, 0.0, 0.0, 0.7692308000000001, 0.0, 0.0, 0.0, 0.0, 0.0, 0.0, 0.0, 0.0, 0.0, 0.8076922, 0.0, 0.8076922, 0.0, 0.7692308, 0.0, 0.0, 0.8, 0.0, 0.0, 0.0, 0.0, 0.0, 0.0, 0.0, 0.0, 0.8615383999999999, 0.7461538000000001, 0.8230765999999999, 0.0, 0.0, 0.8076924, 0.0, 0.0, 0.0, 0.7307692, 0.0, 0.0, 0.0, 0.0, 0.7999997999999999, 0.0, 0.0, 0.0, 0.0, 0.0, 0.0, 0.0, 0.0, 0.8384614000000001, 0.776923, 0.8153846, 0.7923076, 0.0, 0.0, 0.0, 0.0, 0.0, 0.8846154, 0.0, 0.0, 0.8076924, 0.0, 0.776923, 0.0, 0.0, 0.0, 0.0, 0.0, 0.0, 0.876923, 0.0, 0.0, 0.6846156, 0.0, 0.753846, 0.0, 0.8076922, 0.038461800000000004, 0.0, 0.0, 0.0, 0.8076924, 0.8076924, 0.0, 0.0, 0.0, 0.0, 0.8153843999999999, 0.0, 0.7923076, 0.7999997999999999, 0.0, 0.0, 0.7923078, 0.0, 0.0], "timestamp": [0.2957258750102483, 0.14379416500742082, 0.1406017450062791, 0.14337320301274303, 0.0954972990002716, 0.14030109700979665, 0.42350790899945423, 0.5543586290004896, 0.42319429499912076, 0.601410464005312, 0.4991501590120606, 0.3708223330031615, 0.6538783950090874, 1.0367986769997515, 0.6982831900095334, 0.7488237860088702, 0.749097243999131, 0.85633837300702, 0.8939062390127219, 0.9344411320053041, 1.2370253620028961, 1.003666090007755, 1.1273941860126797, 1.1657113940018462, 1.0788348650094122, 1.3111634189990582, 1.3121507500036387, 1.272331246000249, 1.4499887260026298, 1.4041925510100555, 1.6487440680066356, 2.6234401399997296, 1.5558829159999732, 1.4992505420086673, 1.7470619860105217, 1.6072247400006745, 1.6914533470117021, 1.790252293998492, 1.9987556970008882, 1.9003611369989812, 1.84704755700659, 2.0402806740021333, 1.9377497259993106, 2.12916823400883, 2.230338560009841, 2.0815959730098257, 2.19692867800768, 2.3549908120039618, 2.2741743520018645, 2.309584918009932, 2.567355156003032, 2.432881566011929, 4.160045071010245, 2.52632388001075, 2.476893793005729, 2.8643883020122303, 2.657481991001987, 2.766096634004498, 2.7270863209996605, 2.912314562010579, 2.8090891860047122, 3.4025032550125616, 2.9939497310115257, 2.9485266670089914, 3.308366487006424, 3.0717229130095802, 3.1488710200064816, 3.1055337930010865, 3.3506904560053954, 3.2606222040049033, 3.2172790620097658, 3.492639098010841, 3.4455571150028845, 3.960188355005812, 3.5399779600120382, 3.592779071012046, 3.741513468004996, 3.6474745430023177, 3.9152687050082022, 3.7027060840046033, 4.1030768690106925, 3.998305077009718, 3.8068501140078297, 3.866131337999832, 4.043868514010683, 4.335524018009892, 4.382223487002193, 4.234710311007802, 4.195617837001919, 4.303371379006421, 4.465209332003724, 4.734170943003846, 4.415532421000535, 4.633136593009112, 4.674411063009757, 4.67411793100473, 4.581944891004241, 4.549701798008755, 4.8305970130022615, 4.795332241003052], "final_accuracy": ["accuracy", 0.6538461538461539]}