{"trial_id": [0, 1, 2, 3, 4, 5, 6, 7, 8, 9, 10, 11, 12, 13, 14, 15, 16, 17, 18, 19, 20, 21, 22, 23, 24, 25, 26, 27, 28, 29, 30, 31, 32, 33, 34, 35, 36, 37, 38, 39, 40, 41, 42, 43, 44, 45, 46, 47, 48, 49, 50, 51, 52, 53, 54, 55, 56, 57, 58, 59, 60, 61, 62, 63, 64, 65, 66, 67, 68, 69, 70, 71, 72, 73, 74, 75, 76, 77, 78, 79, 80, 81, 82, 83, 84, 85, 86, 87, 88, 89, 90, 91, 92, 93, 94, 95, 96, 97, 98, 99], "cv_accuracy": [0.7439516, 0.0, 0.0, 0.7822582, 0.8010081999999998, 0.0, 0.0, 0.0, 0.0, 0.0, 0.0, 0.0, 0.0, 0.0, 0.0, 0.0, 0.0, 0.0, 0.8203629999999998, 0.8203630000000001, 0.0, 0.8199598, 0.7637098, 0.0, 0.6542336000000001, 0.0, 0.8014113999999999, 0.0, 0.0, 0.0, 0.0, 0.0, 0.0, 0.0, 0.0, 0.0, 0.0, 0.8264113999999999, 0.0, 0.0, 0.0, 0.7816533999999999, 0.0, 0.0, 0.0, 0.0, 0.0, 0.0, 0.7893146, 0.7048386, 0.0, 0.0, 0.0, 0.6919354, 0.0, 0.0, 0.0, 0.0, 0.8072581999999999, 0.8528228, 0.0, 0.0, 0.0, 0.0, 0.0, 0.0, 0.0, 0.0, 0.0, 0.0, 0.0, 0.7955646, 0.0, 0.0, 0.0, 0.0, 0.0, 0.0, 0.8074600000000001, 0.0, 0.0, 0.0, 0.8463711999999999, 0.0, 0.0, 0.0, 0.8207661999999999, 0.0, 0.0, 0.0, 0.0, 0.0, 0.7697582, 0.8207661999999999, 0.0, 0.7828630000000001, 0.7947580000000001, 0.0, 0.0, 0.7247984], "timestamp": [0.2776078439928824, 0.13271908600290772, 0.08981497799686622, 0.7430388380016666, 0.31813189000240527, 0.17334332400059793, 0.3655001379956957, 0.410465822002152, 0.24255672299477737, 0.4751608340011444, 0.5099694969976554, 0.5493791939952644, 0.6049243110028328, 0.6456863069906831, 0.7834638339991216, 0.7830777920025866, 0.6966112969967071, 0.8791662869916763, 1.4397087120014476, 1.1944351739948615, 0.9396341789979488, 2.1865457499952754, 1.0271261430025334, 0.9713734349934384, 1.2829015409952262, 1.0774586839979747, 1.5225754639977822, 1.1393678699969314, 1.2391436549951322, 1.3534530229953816, 1.3922611930029234, 1.4788068210036727, 1.734040030001779, 1.5854088039923226, 1.7662844720034627, 1.6838814969960367, 1.6306137399951695, 1.8542137500044191, 1.8093671209935565, 1.9006358000042383, 1.9662000020034611, 2.00329018899356, 2.034182219998911, 2.115885384991998, 2.076776735004387, 2.2696260219963733, 2.315079211999546, 2.2316191349964356, 2.5566403080010787, 2.506904816997121, 2.6333528859977378, 2.4583655899914447, 2.3739549210004043, 2.4170128569967346, 2.5952347059937892, 2.6924378389958292, 2.726156438002363, 2.7758156369964126, 3.2849165869993158, 3.1352266979956767, 2.8268651079997653, 3.166380280003068, 2.8891435300029116, 2.9296637359948363, 2.990605543003767, 3.0814519749983447, 3.029364339003223, 3.2495999239908997, 3.2070035729993833, 3.3307174399960786, 3.402049102995079, 3.616975137992995, 3.4790121400001226, 3.5217083699972136, 3.561486673002946, 3.435266186002991, 3.6687751619901974, 3.697314863995416, 4.183743150992086, 3.7973211350035854, 3.7425545080041047, 3.843786532001104, 4.389273560998845, 3.8976640149921877, 3.8973392420011805, 3.9929986679926515, 4.427630582998972, 4.1062687459925655, 4.049649191001663, 4.106131822001771, 4.230175493998104, 4.347152656002436, 4.510304914001608, 4.764563103002729, 4.294130562993814, 4.461846880003577, 4.691793603997212, 4.619589156995062, 4.581520352992811, 4.9549157790024765], "final_accuracy": ["accuracy", 0.5769230769230769]}