{"trial_id": [0, 1, 2, 3, 4, 5, 6, 7, 8, 9, 10, 11, 12, 13, 14, 15, 16, 17, 18, 19, 20, 21, 22, 23, 24, 25, 26, 27, 28, 29, 30, 31, 32, 33, 34, 35, 36, 37, 38, 39, 40, 41, 42, 43, 44, 45, 46, 47, 48, 49, 50, 51, 52, 53, 54, 55, 56, 57, 58, 59, 60, 61, 62, 63, 64, 65, 66, 67, 68, 69, 70, 71, 72, 73, 74, 75, 76, 77, 78, 79, 80, 81, 82, 83, 84, 85, 86, 87, 88, 89, 90, 91, 92, 93, 94, 95, 96, 97, 98, 99], "cv_accuracy": [0.0, 0.0, 0.0, 0.0, 0.069231, 0.0, 0.0, 0.7692308, 0.0, 0.0, 0.7153848, 0.5461537999999999, 0.0, 0.6923078, 0.0, 0.0, 0.0, 0.23846160000000002, 0.6615386, 0.0, 0.0, 0.7076924, 0.0, 0.7307692, 0.0, 0.0, 0.0, 0.0, 0.0, 0.0, 0.0, 0.0, 0.0, 0.0, 0.0, 0.0, 0.0, 0.0, 0.353846, 0.0, 0.7153845999999999, 0.0, 0.5923076, 0.7153848, 0.0, 0.0, 0.7153844, 0.0, 0.0, 0.7076922, 0.0, 0.0, 0.0, 0.0, 0.0, 0.0, 0.0, 0.0, 0.0, 0.0, 0.0, 0.0, 0.0, 0.5461538, 0.0, 0.0, 0.0, 0.0, 0.0, 0.0, 0.0, 0.0, 0.0, 0.0, 0.0, 0.0, 0.0, 0.6461539999999999, 0.0, 0.0, 0.0, 0.0, 0.0, 0.7307692, 0.0, 0.0, 0.0, 0.0, 0.6461539999999999, 0.0, 0.0, 0.0, 0.0, 0.0, 0.0, 0.0, 0.7153845999999999, 0.18461560000000002, 0.7461537999999999, 0.0], "timestamp": [0.17405825899913907, 0.2752335670083994, 0.13400630300748162, 0.4009058299998287, 0.22601115101133473, 0.08825126900046598, 0.36157111600914504, 1.2012710590061033, 0.31551973801106215, 0.4507205440022517, 0.9702874260110548, 4.630779611004982, 0.5099308140052017, 0.7281813810113817, 0.5544696410070173, 0.6022859160002554, 0.650238463000278, 0.6952943330106791, 0.8908642349997535, 0.9311182490055216, 0.7868751240021084, 0.8603620610083453, 1.156758835000801, 1.1162104350078152, 1.078667617010069, 1.0341710560023785, 1.239206981001189, 1.3322524210088886, 1.5992783570109168, 1.381755674010492, 1.4420285600062925, 1.299505108006997, 1.5559726650099037, 1.5176120410033036, 1.483521139001823, 1.6578095590084558, 1.745671165001113, 1.8139404150133487, 1.7049276739999186, 1.9852159800066147, 1.891205327003263, 1.8547338470089016, 2.1965250080102123, 2.156333758000983, 2.091188090009382, 1.9528988759993808, 2.276964584001689, 2.054234938012087, 2.328191044012783, 2.19623421500728, 2.385507808008697, 2.5154313270031707, 2.47353942799964, 2.4209933490055846, 2.5550955820071977, 2.611162401008187, 2.6480651420133654, 2.7066916309995577, 2.7489917670027353, 2.785451893010759, 2.876911215003929, 2.837782205999247, 2.972613922000164, 3.177419451007154, 2.932860493005137, 3.032198764005443, 3.1356897660007235, 3.2184907300106715, 3.079342862009071, 3.258159033008269, 3.301554551013396, 3.4055778230103897, 3.4474367530056043, 3.4923416410019854, 3.637056207007845, 3.369280285012792, 3.559808575999341, 3.946791578011471, 3.597483026009286, 3.6806757370068226, 3.755438692009193, 3.7921094080084004, 3.8317872760089813, 4.119516853999812, 3.9785794140043436, 4.023016277002171, 3.8931060650065774, 4.0606186850054655, 4.213796296011424, 4.254201873001875, 4.301752200000919, 4.176125455007423, 4.358039037004346, 4.553131212000153, 4.4096907490020385, 4.409939786011819, 4.595836443011649, 4.775383885003976, 4.731767169010709, 4.509863794010016], "final_accuracy": ["accuracy", 0.9807692307692307]}