{"trial_id": [0, 1, 2, 3, 4, 5, 6, 7, 8, 9, 10, 11, 12, 13, 14, 15, 16, 17, 18, 19, 20, 21, 22, 23, 24, 25, 26, 27, 28, 29, 30, 31, 32, 33, 34, 35, 36, 37, 38, 39, 40, 41, 42, 43, 44, 45, 46, 47, 48, 49, 50, 51, 52, 53, 54, 55, 56, 57, 58, 59, 60, 61, 62, 63, 64, 65, 66, 67, 68, 69, 70, 71, 72, 73, 74, 75, 76, 77, 78, 79, 80, 81, 82, 83, 84, 85, 86, 87, 88, 89, 90, 91, 92, 93, 94, 95, 96, 97, 98, 99], "cv_accuracy": [0.8076616, 0.0, 0.0, 0.8784276, 0.8846776000000001, 0.0, 0.0, 0.0, 0.0, 0.0, 0.0, 0.0, 0.0, 0.8074598, 0.7955648, 0.0, 0.7947582, 0.8010081999999998, 0.8137098, 0.0, 0.5709678, 0.0, 0.7205646, 0.37520159999999997, 0.0, 0.8074598, 0.5022176, 0.0, 0.8524195999999999, 0.0, 0.0, 0.0, 0.0, 0.8137098, 0.7957661999999999, 0.0, 0.8014113999999999, 0.0, 0.7957661999999999, 0.0, 0.0, 0.0, 0.7883068, 0.0, 0.8074598, 0.0, 0.23145159999999998, 0.19213680000000002, 0.0, 0.0, 0.8141130000000001, 0.23145159999999998, 0.8074598, 0.0, 0.0, 0.695968, 0.0, 0.8070565999999999, 0.0, 0.0, 0.0, 0.0, 0.0, 0.0, 0.0, 0.0, 0.0, 0.0, 0.8268146, 0.0, 0.0064516, 0.23145159999999998, 0.0, 0.0, 0.23145159999999998, 0.7695565999999999, 0.7828630000000001, 0.7568547999999999, 0.0, 0.23145159999999998, 0.0, 0.7582661999999999, 0.0, 0.0, 0.0, 0.0, 0.0, 0.8588712, 0.0, 0.73125, 0.0, 0.0, 0.0, 0.23145159999999998, 0.0, 0.800605, 0.0, 0.0, 0.0, 0.7893146], "timestamp": [0.48527528399426956, 0.12807777000125498, 0.08617093399516307, 1.5307701970014023, 1.4308784849999938, 0.1681588439969346, 0.28081341298820917, 0.32772252599534113, 0.23359377299493644, 0.38686143700033426, 0.42974699899787083, 0.5280840560008073, 0.5749717259895988, 0.680646890992648, 0.8137368079915177, 0.6446876970003359, 0.7558819729893003, 0.9039338259899523, 1.0126281789998757, 0.850849037989974, 1.6516158629965503, 0.9581529689894523, 1.1099571239901707, 1.158676030987408, 1.0740654849942075, 2.291447473995504, 1.2611853669950506, 1.2208495029917685, 2.9936835069966037, 1.323934312997153, 1.3799301679973723, 1.4881927329988685, 1.5788488529942697, 2.0317435589968227, 1.7390664059930714, 1.6937701729912078, 1.8771579989988822, 1.8182701859914232, 1.9249803839920787, 1.9714972819929244, 2.0762557970010675, 2.1255541299906326, 4.684696853000787, 2.1979815599916037, 2.7513463879877236, 2.2316880949947517, 2.3960624589963118, 2.345487514990964, 2.44215211799019, 2.494699672999559, 2.601222871991922, 2.555771134997485, 2.9488366449950263, 2.6561961069965037, 2.6989372949901735, 5.363973834988428, 2.810531736991834, 2.8484807549975812, 3.0534381609904813, 2.9106405249913223, 3.1010411960014608, 3.185854034993099, 3.1425657069921726, 3.256765076992451, 3.3351882779970765, 3.377694286988117, 3.256963944993913, 3.529502393997973, 4.545775555001455, 3.4565108379902085, 3.4567991349904332, 3.6486712689948035, 3.6490473469893914, 3.60466624199762, 3.7986457549995976, 3.765954761998728, 3.9156862949894276, 3.956808369999635, 3.876572908993694, 4.109011888998793, 4.069301169991377, 4.030605838997872, 4.181463544999133, 4.268200641992735, 4.221898982999846, 4.338161149993539, 4.377626146990224, 5.111337287991773, 4.44938131699746, 4.585754457992152, 4.503833557988401, 4.6467915149987675, 4.778707480989397, 4.726542181000696, 4.8796162200014805, 5.294665362991509, 4.841353590993094, 4.917994055998861, 4.988313711990486, 5.052775693999138], "final_accuracy": ["accuracy", 0.5384615384615384]}