{"trial_id": [0, 1, 2, 3, 4, 5, 6, 7, 8, 9, 10, 11, 12, 13, 14, 15, 16, 17, 18, 19, 20, 21, 22, 23, 24, 25, 26, 27, 28, 29, 30, 31, 32, 33, 34, 35, 36, 37, 38, 39, 40, 41, 42, 43, 44, 45, 46, 47, 48, 49, 50, 51, 52, 53, 54, 55, 56, 57, 58, 59, 60, 61, 62, 63, 64, 65, 66, 67, 68, 69, 70, 71, 72, 73, 74, 75, 76, 77, 78, 79, 80, 81, 82, 83, 84, 85, 86, 87, 88, 89, 90, 91, 92, 93, 94, 95, 96, 97, 98, 99], "cv_accuracy": [0.0, 0.876923, 0.0, 0.0, 0.8076924, 0.0, 0.0, 0.0, 0.8076924, 0.8, 0.0, 0.7538462, 0.0, 0.0, 0.0, 0.9153846, 0.0, 0.0, 0.0, 0.0, 0.8, 0.0, 0.8076924, 0.0, 0.0, 0.0, 0.7615384000000001, 0.0, 0.8, 0.0, 0.0, 0.8076922, 0.0, 0.8923076, 0.0, 0.776923, 0.8153843999999999, 0.0, 0.0076924, 0.0, 0.7307692, 0.0, 0.8076924, 0.8076922, 0.0, 0.0, 0.0, 0.0, 0.0, 0.7846154000000001, 0.0, 0.8076924, 0.7384616, 0.0, 0.0, 0.8076924, 0.0, 0.8076922, 0.4846152, 0.8076924, 0.0, 0.8076924, 0.0, 0.0, 0.0, 0.0, 0.8076922, 0.0, 0.0, 0.876923, 0.8692306000000001, 0.7846154000000001, 0.0, 0.0, 0.0, 0.0, 0.8076924, 0.0, 0.2076924, 0.8076924, 0.8076922, 0.0, 0.8307692, 0.0, 0.0, 0.0, 0.0, 0.0, 0.8, 0.0, 0.8076924, 0.8076924, 0.0, 0.0, 0.0, 0.0, 0.0, 0.0, 0.0, 0.0], "timestamp": [0.14711549298954196, 0.4460242049972294, 0.0972505659883609, 0.14751827299187426, 0.3018640539958142, 0.14730117400176823, 0.3514557479938958, 0.38790188598795794, 0.8318166849931004, 0.6974009739933535, 0.49616805800178554, 0.5982615659886505, 0.5487537009903463, 0.6452092879917473, 0.7321040609967895, 1.5301002060004976, 0.7925422299886122, 0.8740213779965416, 0.9758255779888714, 0.9261223929934204, 1.1800873460015282, 1.040201021998655, 1.8058501990017248, 1.099304534989642, 1.0996794940001564, 1.2308194340002956, 1.3919831539969891, 1.2941152779967524, 1.437791311996989, 1.3486623169883387, 1.4884933649882441, 1.6860357359983027, 1.586467659988557, 2.65372006999678, 1.6516244929953245, 1.7604043539904524, 2.5877498159970855, 1.8422169080004096, 2.4111055769899394, 1.9150529249891406, 2.012151657996583, 1.9597158159886021, 2.182835931002046, 2.3157069549924927, 2.0722050899930764, 2.1283746830013115, 2.2200579369964544, 2.4547516759921564, 2.2819380029977765, 2.693807072995696, 2.3764613599923905, 3.006536185988807, 2.5195846059941687, 2.519525297000655, 2.785937495995313, 2.8629147579922574, 2.7419264240015764, 3.280221928987885, 2.932374048992642, 4.283838727991679, 2.904905493996921, 3.3676374849892454, 3.1159848069946747, 3.0557715019967873, 3.176262887995108, 3.2193168660014635, 3.329125917996862, 3.4526362249889644, 3.4121212319878396, 3.6347835999913514, 3.918927986000199, 3.8637985849927645, 3.575563061996945, 3.526741511988803, 3.6823547599924495, 3.7353768939938163, 4.024793782999041, 3.8139602829905925, 3.9667877399915596, 4.435078741997131, 4.130781985993963, 4.088354745996185, 5.190952411998296, 4.187209275987698, 4.2455435219890205, 4.321065263997298, 4.383473118999973, 4.476644727998064, 4.576195902001928, 4.516053779996582, 4.893060428992612, 4.930305966991, 4.629558332992019, 4.672076843999093, 4.7750990289932815, 4.742831596988253, 4.819329553996795, 4.967772203992354, 5.030363986996235, 5.003435334001551], "final_accuracy": ["accuracy", 0.75]}