{"trial_id": [0, 1, 2, 3, 4, 5, 6, 7, 8, 9, 10, 11, 12, 13, 14, 15, 16, 17, 18, 19, 20, 21, 22, 23, 24, 25, 26, 27, 28, 29, 30, 31, 32, 33, 34, 35, 36, 37, 38, 39, 40, 41, 42, 43, 44, 45, 46, 47, 48, 49, 50, 51, 52, 53, 54, 55, 56, 57, 58, 59, 60, 61, 62, 63, 64, 65, 66, 67, 68, 69, 70, 71, 72, 73, 74, 75, 76, 77, 78, 79, 80, 81, 82, 83, 84, 85, 86, 87, 88, 89, 90, 91, 92, 93, 94, 95, 96, 97, 98, 99], "cv_accuracy": [0.0, 0.0, 0.0, 0.0, 0.0, 0.7384615999999999, 0.723077, 0.6615386, 0.0, 0.6923078, 0.0, 0.523077, 0.0, 0.0, 0.0, 0.0, 0.7153848, 0.3230768, 0.7307694, 0.0, 0.0, 0.22307700000000003, 0.7153848, 0.0, 0.7153848, 0.0, 0.0, 0.0, 0.0, 0.4923078, 0.0, 0.7153848, 0.0, 0.0, 0.0, 0.7230772000000001, 0.0, 0.5076921999999999, 0.0, 0.22307700000000003, 0.0, 0.0, 0.0, 0.22307700000000003, 0.7307694, 0.0, 0.7307694, 0.0, 0.0, 0.7307694, 0.0, 0.7307694, 0.7384615999999999, 0.0, 0.7307694, 0.0, 0.22307700000000003, 0.7999997999999999, 0.0, 0.0, 0.0, 0.0, 0.7076924000000001, 0.0, 0.22307700000000003, 0.0, 0.22307700000000003, 0.0, 0.6307694, 0.0, 0.0, 0.0, 0.22307700000000003, 0.0, 0.0, 0.0, 0.0, 0.0, 0.8153846, 0.7384615999999999, 0.7384615999999999, 0.0, 0.7384615999999999, 0.0, 0.0, 0.0, 0.0, 0.22307700000000003, 0.0, 0.22307700000000003, 0.0, 0.0, 0.0, 0.0, 0.0, 0.8461540000000001, 0.0, 0.0, 0.0, 0.5923078], "timestamp": [0.10565744699852075, 0.27123292699980084, 0.10429308899620082, 0.10503507599059958, 0.1052275580004789, 0.7547513229947072, 0.5922431490034796, 0.4958746399934171, 0.4291420340014156, 0.392759082998964, 0.348304133003694, 0.7877276359940879, 0.6357364150026115, 0.5520998900028644, 0.6911545949988067, 0.8309951539995382, 0.9472186679922743, 0.8766256230010185, 1.3208894589915872, 1.0313480859913398, 0.9891274099936709, 1.0315481559955515, 1.1278019869932905, 1.1950312499975553, 1.4257793379947543, 1.2351412150019314, 1.2804660399997374, 1.3689292579947505, 1.4684082780004246, 1.7171173969982192, 1.5644518269982655, 1.8156093249999685, 1.5239685909909895, 1.6715758479986107, 1.6351097959995968, 2.0083976369933225, 1.7529862919909647, 2.502772420994006, 1.8750786180025898, 1.9593360309954733, 1.917942361003952, 2.049937185001909, 2.114827402998344, 2.159795879997546, 2.362956012992072, 2.217630104991258, 2.216966687992681, 2.3258807599922875, 2.363186702990788, 2.665986111998791, 2.439720850001322, 2.6204991069971584, 2.9671641979948618, 2.557095270996797, 3.0082871920021717, 2.7075336379930377, 2.7611507910041837, 4.9900930729927495, 2.880926668003667, 2.8393199690035544, 2.9211002369993366, 3.0943982699973276, 3.261751917991205, 3.1310216359997867, 3.203492553002434, 3.1619863499945495, 3.35670870100148, 3.3965049459948204, 3.6779216049908428, 3.314040596000268, 3.443336633994477, 3.500230609992286, 3.5830575459985994, 3.583444354997482, 3.550703243003227, 3.72613372199703, 3.7848805629910203, 3.821221952995984, 4.1068228840013035, 3.8927692110009957, 4.1072435160022, 3.949541945999954, 4.299707842001226, 4.004756592999911, 4.068322683990118, 4.190173053997569, 4.345294183003716, 4.388703397999052, 4.38824067999667, 4.264991285002907, 4.571280877004028, 4.49322612999822, 4.621476152999094, 4.663487229991006, 4.529323237991775, 4.928598124999553, 4.755942656003754, 4.7175278369977605, 4.82387595999171, 4.884545081993565], "final_accuracy": ["accuracy", 0.9038461538461539]}