{"trial_id": [0, 1, 2, 3, 4, 5, 6, 7, 8, 9, 10, 11, 12, 13, 14, 15, 16, 17, 18, 19, 20, 21, 22, 23, 24, 25, 26, 27, 28, 29, 30, 31, 32, 33, 34, 35, 36, 37, 38, 39, 40, 41, 42, 43, 44, 45, 46, 47, 48, 49, 50, 51, 52, 53, 54, 55, 56, 57, 58, 59, 60, 61, 62, 63, 64, 65, 66, 67, 68, 69, 70, 71, 72, 73, 74, 75, 76, 77, 78, 79, 80, 81, 82, 83, 84, 85, 86, 87, 88, 89, 90, 91, 92, 93, 94, 95, 96, 97, 98, 99], "cv_accuracy": [0.0, 0.7307692, 0.0, 0.0, 0.0, 0.5769232000000001, 0.0, 0.0, 0.0, 0.0, 0.0, 0.0, 0.0, 0.669231, 0.0, 0.23846160000000002, 0.0, 0.0, 0.0, 0.776923, 0.0, 0.0, 0.0, 0.0, 0.0, 0.0, 0.3923078, 0.0, 0.7307692, 0.7538462, 0.723077, 0.0, 0.0, 0.0, 0.7076922, 0.0, 0.0, 0.7307692, 0.0, 0.0, 0.0, 0.0, 0.7461536000000001, 0.0, 0.0, 0.0, 0.7153844, 0.0, 0.7, 0.0, 0.0, 0.0, 0.7153845999999999, 0.0, 0.6461537999999999, 0.0, 0.0, 0.0, 0.0, 0.23846160000000002, 0.0, 0.623077, 0.0, 0.7307692, 0.0, 0.0, 0.0, 0.0, 0.4076924, 0.0, 0.0, 0.0, 0.23076919999999998, 0.7076922, 0.7153845999999999, 0.0, 0.0, 0.7153845999999999, 0.0, 0.7307692, 0.0, 0.5615386, 0.0, 0.6076924, 0.8461536000000001, 0.0, 0.0, 0.0, 0.0, 0.0, 0.0, 0.0, 0.0, 0.0, 0.0, 0.0, 0.0, 0.7076923999999999, 0.0, 0.0], "timestamp": [0.1111177169950679, 0.35739932498836424, 0.24191848399641458, 0.20458889099245425, 0.11161416799586732, 0.28604051998991054, 0.45810649899067357, 0.5747816639923258, 0.49755756999365985, 0.5354146639874671, 0.4022140769957332, 0.6663984769984381, 0.6293725680006901, 1.1378364539996255, 0.7987408909975784, 0.7246007819921942, 0.7616032759979134, 0.9035564509977121, 0.852282608000678, 1.4873061329999473, 1.0013832359982189, 0.9520407849922776, 1.0023212719970616, 1.0860232699924381, 1.1729207069874974, 1.2820914369949605, 1.3252826699899742, 1.2355632799881278, 1.602975570000126, 1.6022420459921705, 4.9372545259975595, 1.449509437996312, 1.3980448609945597, 1.5403470829915022, 1.6766062729875557, 1.7160766099987086, 1.7632753719954053, 2.139887669996824, 1.8286500009999145, 1.8293985789932776, 1.9044619659980526, 1.956976539993775, 2.345233563988586, 2.0282882589963265, 2.060722629990778, 2.0968804369913414, 2.299577311001485, 2.2087072559952503, 2.385637913001119, 2.2089426379970973, 2.432352195988642, 2.4856571259879274, 2.5372283489996335, 2.5803419029980432, 3.3187689519982086, 2.6240389140002662, 2.679362889000913, 2.7301437509886455, 2.777354622987332, 2.8170194889971754, 2.865859969999292, 2.9275360009924043, 2.975308724999195, 3.353303974989103, 3.015129668987356, 3.075052925996715, 3.1684454169881064, 3.1247078820015304, 3.218603328001336, 3.275406374988961, 3.40072469599545, 3.4470044979971135, 3.6981185909971828, 3.5581194309925195, 3.6378457459941274, 3.5574176349909976, 3.525494263987639, 3.9570992949884385, 3.8039801039994927, 4.06949411900132, 3.7466120089957258, 3.9129495859961025, 3.875627329995041, 4.0062918229959905, 4.827004088001559, 4.109288296996965, 4.154666402988369, 4.1956912349996855, 4.306745969995973, 4.345202796001104, 4.3916563039965695, 4.269034968994674, 4.502254506995087, 4.593752389992005, 4.540842613991117, 4.4651684729906265, 4.705368991999421, 4.743639224994695, 4.657284828994307, 4.774640327988891], "final_accuracy": ["accuracy", 0.9615384615384616]}