{"trial_id": [0, 1, 2, 3, 4, 5, 6, 7, 8, 9, 10, 11, 12, 13, 14, 15, 16, 17, 18, 19, 20, 21, 22, 23, 24, 25, 26, 27, 28, 29, 30, 31, 32, 33, 34, 35, 36, 37, 38, 39, 40, 41, 42, 43, 44, 45, 46, 47, 48, 49, 50, 51, 52, 53, 54, 55, 56, 57, 58, 59, 60, 61, 62, 63, 64, 65, 66, 67, 68, 69, 70, 71, 72, 73, 74, 75, 76, 77, 78, 79, 80, 81, 82, 83, 84, 85, 86, 87, 88, 89, 90, 91, 92, 93, 94, 95, 96, 97, 98, 99], "cv_accuracy": [0.753846, 0.0, 0.0, 0.0, 0.0, 0.0, 0.776923, 0.746154, 0.7384615999999999, 0.7384616, 0.0, 0.6846154, 0.0, 0.0, 0.6230772, 0.0, 0.7384616, 0.5461539999999999, 0.0, 0.0, 0.0, 0.0, 0.0, 0.0, 0.0, 0.7307694, 0.0, 0.0, 0.0, 0.0, 0.6384618, 0.6923078, 0.0, 0.43076939999999997, 0.0, 0.0, 0.0, 0.0, 0.0, 0.0, 0.7384615999999999, 0.0, 0.0, 0.6230770000000001, 0.5692305999999999, 0.8, 0.0, 0.0, 0.7846152, 0.0, 0.0, 0.7307694, 0.0, 0.0, 0.0, 0.0, 0.7538462000000001, 0.0076924, 0.0, 0.8461540000000001, 0.0, 0.0, 0.0, 0.0, 0.0, 0.0, 0.0, 0.0, 0.6307694, 0.0, 0.0, 0.0, 0.7923076, 0.6769234, 0.0, 0.0, 0.2692308, 0.0, 0.0, 0.0, 0.11538459999999999, 0.0, 0.0, 0.0, 0.0, 0.7307694, 0.7384615999999999, 0.7230770000000001, 0.5615385999999999, 0.0, 0.0, 0.0, 0.0, 0.7615386, 0.0, 0.0, 0.0, 0.0, 0.0, 0.0], "timestamp": [0.6325745939975604, 0.13465736899524927, 0.2134596639953088, 0.2138882110011764, 0.09004020199063234, 0.1729359479941195, 2.565703621992725, 0.7895676189946244, 0.36039707899908535, 0.49847939900064375, 0.3607073259918252, 0.5793399940012023, 0.49909396198927425, 0.7463313199987169, 1.5234549960005097, 0.6936315469938563, 0.8496430499944836, 1.2458908330008853, 0.9412351899954956, 0.8902397899946664, 1.0353209689928917, 0.995056752988603, 1.0976835759938695, 1.1873984479898354, 1.1355901249917224, 1.483263829999487, 1.289016790993628, 1.3407386409962783, 1.405898212993634, 1.4416027679981198, 1.8309761729906313, 1.6803582229913445, 1.6379363969899714, 2.0782789129880257, 1.593123011989519, 1.7501510029978817, 1.8768674089951674, 1.7899464959918987, 1.9833362829958787, 2.0297407939942786, 2.130112297993037, 1.9480295089888386, 2.2883867819909938, 2.1779241240001284, 2.222226726997178, 3.115354771987768, 2.439448409000761, 2.3268383249960607, 2.689493202997255, 2.4781295719876653, 2.38328289698984, 2.6099520749994554, 2.532288996997522, 2.6528869929898065, 2.8383560469956137, 2.792932242999086, 3.0592117609921843, 2.934593744997983, 2.758330113996635, 3.624249560991302, 3.4434400359896244, 2.9009812809963478, 2.9884938929899363, 3.0240863819926744, 3.2183212079980876, 3.2627296279970324, 3.167780606992892, 3.2992738079919945, 3.3633113440009765, 3.5352053199894726, 3.5000496589927934, 3.4050389069889206, 4.965259578995756, 3.6926285219960846, 3.5775558409950463, 3.9682853650010657, 3.82467398699373, 3.730772975992295, 3.776051628999994, 3.886665911995806, 4.186047896000673, 3.928692178989877, 4.023944488988491, 4.074683738988824, 4.133738311997149, 4.432391196998651, 4.255862117992365, 4.382026263992884, 4.34196123899892, 4.302468811991275, 4.486416136001935, 4.53495622499031, 4.577465907001169, 4.7627238819986815, 4.6373275439982535, 4.6791516759985825, 4.804668707001838, 4.725161803988158, 4.84982446799404, 4.891590102997725], "final_accuracy": ["accuracy", 0.8846153846153846]}