{"trial_id": [0, 1, 2, 3, 4, 5, 6, 7, 8, 9, 10, 11, 12, 13, 14, 15, 16, 17, 18, 19, 20, 21, 22, 23, 24, 25, 26, 27, 28, 29, 30, 31, 32, 33, 34, 35, 36, 37, 38, 39, 40, 41, 42, 43, 44, 45, 46, 47, 48, 49, 50, 51, 52, 53, 54, 55, 56, 57, 58, 59, 60, 61, 62, 63, 64, 65, 66, 67, 68, 69, 70, 71, 72, 73, 74, 75, 76, 77, 78, 79, 80, 81, 82, 83, 84, 85, 86, 87, 88, 89, 90, 91, 92, 93, 94, 95, 96, 97, 98, 99], "cv_accuracy": [0.0, 0.0, 0.0, 0.0, 0.3661292, 0.0, 0.7957664, 0.8334678, 0.0, 0.8717744, 0.0, 0.0, 0.0, 0.8076614, 0.0, 0.0, 0.0, 0.0, 0.0, 0.0, 0.0, 0.0, 0.0, 0.7770161999999999, 0.0, 0.0, 0.0, 0.0, 0.0, 0.0, 0.0, 0.8461696, 0.8016132, 0.0, 0.0, 0.8592744, 0.0, 0.0, 0.0, 0.0, 0.0, 0.6915319999999999, 0.7762098, 0.0, 0.0, 0.8653228000000001, 0.0, 0.0, 0.0, 0.0, 0.0, 0.8008065999999999, 0.0, 0.0, 0.0, 0.8076614, 0.0, 0.0, 0.0, 0.4881048, 0.8719759999999999, 0.0, 0.8590726, 0.0, 0.6856856, 0.0, 0.7633063999999999, 0.8012098, 0.8334678, 0.0, 0.8014113999999999, 0.0, 0.0, 0.0, 0.0, 0.0, 0.8592744, 0.0, 0.0, 0.0, 0.0, 0.0, 0.0, 0.0, 0.0, 0.8137098, 0.0, 0.0, 0.7895161999999999, 0.0, 0.0, 0.0, 0.718145, 0.0, 0.7054433999999999, 0.7893146, 0.0, 0.0, 0.0, 0.8078632000000001], "timestamp": [0.27453720101038925, 0.09841695000068285, 0.1446764459979022, 0.14676735900866333, 0.31135779700707644, 0.18921010600752197, 0.5259005200059619, 0.9315419400081737, 0.4176385730097536, 1.2727751290076412, 0.38116569200064987, 0.4562517020094674, 0.5627947260072688, 1.0392010670038871, 0.5989762130047893, 0.741436024007271, 0.6648508640064392, 0.6997242259967607, 0.8091267340059858, 0.8440806010039523, 0.8794221980060684, 1.0018932850070996, 1.0782010190014262, 1.0778579909965629, 1.1585090120061068, 1.2309496310044779, 1.3941488980053691, 1.4341831369965803, 1.316242194006918, 1.3167252959974576, 1.5097304670052836, 2.1992105530080153, 2.2377478720009094, 1.5475326809973922, 1.5939131880004425, 2.39060452200647, 1.8568354099988937, 1.6591394630086143, 1.7040640570048708, 1.7666399890003959, 1.8020241519989213, 1.9917826629971387, 1.9086193230032222, 1.950479325998458, 2.0519732179964194, 2.945859808009118, 2.102994180007954, 2.1578644520050148, 3.168738171007135, 2.306677059008507, 2.354335149007966, 2.584756936004851, 2.4514334959967528, 2.539198168000439, 2.4895196440047584, 2.9462132479966385, 2.6364045930095017, 2.692307764009456, 2.733448978004162, 2.860488708000048, 4.21547185399686, 2.7952566830063006, 3.0378534760093316, 2.913020268009859, 3.4340547830070136, 3.0383178220072296, 3.1106962409976404, 3.329634679001174, 4.5752223870076705, 3.227694351997343, 3.2905719709960977, 3.3804370489961, 3.5308122569986153, 3.48785307900107, 3.8638918020005804, 3.590653645005659, 4.771985188010149, 3.6275347860064358, 3.8230480080092093, 3.6826466900092782, 3.73624335200293, 3.785338037996553, 3.9643747770023765, 4.069988226998248, 3.924481399008073, 4.116470612003468, 4.024555456009693, 4.163911035997444, 4.365397727000527, 4.264926831005141, 4.312474215999828, 4.870576496003196, 4.484557488001883, 4.417640287007089, 4.772250485999393, 4.525140962010482, 4.628786022003624, 4.629436767005245, 4.724123663996579, 5.005960720998701], "final_accuracy": ["accuracy", 0.7692307692307693]}