{"trial_id": [0, 1, 2, 3, 4, 5, 6, 7, 8, 9, 10, 11, 12, 13, 14, 15, 16, 17, 18, 19, 20, 21, 22, 23, 24, 25, 26, 27, 28, 29, 30, 31, 32, 33, 34, 35, 36, 37, 38, 39, 40, 41, 42, 43, 44, 45, 46, 47, 48, 49, 50, 51, 52, 53, 54, 55, 56, 57, 58, 59, 60, 61, 62, 63, 64, 65, 66, 67, 68, 69, 70, 71, 72, 73, 74, 75, 76, 77, 78, 79, 80, 81, 82, 83, 84, 85, 86, 87, 88, 89, 90, 91, 92, 93, 94, 95, 96, 97, 98, 99], "cv_accuracy": [0.0, 0.0, 0.0, 0.0, 0.0, 0.7307691999999999, 0.0, 0.0, 0.0, 0.0, 0.0, 0.0, 0.7153845999999999, 0.7307692, 0.0, 0.0, 0.0, 0.0, 0.0, 0.6076922, 0.0, 0.0, 0.7307692, 0.7307692, 0.0, 0.0, 0.0, 0.6846156000000001, 0.7230768000000001, 0.0, 0.7307692, 0.0, 0.0, 0.0, 0.0, 0.6846156000000001, 0.0, 0.0, 0.7076924, 0.0, 0.676923, 0.0, 0.0, 0.7230770000000001, 0.7076924, 0.7307692, 0.0, 0.7076924, 0.7307692, 0.7307692, 0.0, 0.6538461999999999, 0.0, 0.0, 0.0, 0.0, 0.0, 0.0, 0.0, 0.0, 0.0, 0.6538462, 0.0, 0.0, 0.0, 0.7076924, 0.0, 0.6000002, 0.7076922, 0.0, 0.8153846, 0.0, 0.0, 0.0, 0.0, 0.0, 0.0, 0.7153845999999999, 0.6153848, 0.6923078, 0.0, 0.0, 0.6692308, 0.0, 0.0, 0.0, 0.0, 0.0, 0.0, 0.7076924, 0.0, 0.0, 0.0, 0.0, 0.0, 0.6923077999999999, 0.0, 0.0, 0.0, 0.0], "timestamp": [0.23485735300346278, 0.23742953200417105, 0.15479194700310472, 0.15351456600183155, 0.10533392899378669, 0.3470716409938177, 0.4320569300034549, 0.46720439499767963, 0.5414526230015326, 0.43151556700468063, 0.38866793300257996, 0.6136680019990308, 0.7017492849990958, 1.2150725510000484, 0.788019853993319, 0.7483898280042922, 0.6556573349953396, 0.858557737999945, 0.8974293180071982, 1.1401516250043642, 0.9967680330009898, 0.9471114189946093, 1.464139454998076, 1.358735809000791, 1.17831890200614, 1.0834847280057147, 1.2801457210007356, 1.5128059999988182, 1.6522828739980469, 1.4013609469984658, 1.7917693960043835, 1.5951883009984158, 1.554478199002915, 1.7030228700023144, 1.7493336729967268, 1.8787846280029044, 1.790925448993221, 1.9147206430061487, 1.9637816949980333, 2.0104769229947124, 2.160244615006377, 2.064840100996662, 2.1101984480046667, 2.266926754004089, 2.217166475005797, 2.396789427002659, 2.2661900999955833, 2.514852043997962, 2.558408527998836, 3.1661199369991664, 2.454950369996368, 2.5928974179987563, 2.6393235919967992, 2.6933435079990886, 2.754024024994578, 2.794096470999648, 2.920558665995486, 2.8372982870059786, 2.88267065200489, 2.9965364770032465, 3.0798352129932027, 3.039812262999476, 3.2086751150054624, 3.0809990400011884, 3.4767775109939976, 3.3940604850067757, 3.273175533002359, 3.4374460880062543, 3.517546941002365, 3.3331550400034757, 4.090504919004161, 3.517150429994217, 3.6174087399995187, 3.7079576880059903, 3.7471277059958084, 3.7898854429950006, 3.6647614819958108, 3.857155635007075, 3.9062240479979664, 3.9467178449995117, 3.9473238210048294, 4.040943856001832, 4.956709948004573, 4.144614353004727, 4.233940524994978, 4.195197171997279, 4.231420144002186, 4.3424257559963735, 4.42835894000018, 4.704562358005205, 4.479414397996152, 4.38967101900198, 4.537851361994399, 4.595857414999045, 5.013292435003677, 4.797624817001633, 4.64569728099741, 4.839862886001356, 4.747364209004445, 4.90029438000056], "final_accuracy": ["accuracy", 1.0]}