{"trial_id": [0, 1, 2, 3, 4, 5, 6, 7, 8, 9, 10, 11, 12, 13, 14, 15, 16, 17, 18, 19, 20, 21, 22, 23, 24, 25, 26, 27, 28, 29, 30, 31, 32, 33, 34, 35, 36, 37, 38, 39, 40, 41, 42, 43, 44, 45, 46, 47, 48, 49, 50, 51, 52, 53, 54, 55, 56, 57, 58, 59, 60, 61, 62, 63, 64, 65, 66, 67, 68, 69, 70, 71, 72, 73, 74, 75, 76, 77, 78, 79, 80, 81, 82, 83, 84, 85, 86, 87, 88, 89, 90, 91, 92, 93, 94, 95, 96, 97, 98, 99], "cv_accuracy": [0.0, 0.8692308000000001, 0.0, 0.0, 0.0, 0.8076922, 0.8461536000000001, 0.0, 0.0, 0.0, 0.8076924, 0.9076922, 0.753846, 0.0, 0.0, 0.8, 0.0, 0.8076924, 0.8, 0.0, 0.0, 0.0, 0.0, 0.3307694, 0.0, 0.8, 0.0, 0.8076924, 0.0, 0.0, 0.0, 0.0, 0.0, 0.0, 0.0, 0.9230768000000001, 0.0, 0.8, 0.0, 0.0, 0.8076924, 0.0, 0.0, 0.0, 0.9, 0.0, 0.0, 0.47692300000000004, 0.8076924, 0.0, 0.723077, 0.0, 0.8, 0.0, 0.0, 0.0, 0.9230768000000001, 0.8538461999999999, 0.0, 0.8076922, 0.0, 0.0, 0.36153840000000004, 0.0, 0.8076922, 0.8076922, 0.7615384000000001, 0.0, 0.0, 0.5846154, 0.0, 0.0, 0.0, 0.0, 0.0, 0.0, 0.29999980000000004, 0.0, 0.0, 0.0, 0.0, 0.0, 0.0, 0.0, 0.8, 0.0, 0.0, 0.0, 0.5923075999999999, 0.0, 0.0, 0.8, 0.0, 0.8076924, 0.0, 0.8, 0.0, 0.0, 0.0, 0.0], "timestamp": [0.10959620699577499, 1.6455955139972502, 0.15010287699988112, 0.34819220699137077, 0.1909821729932446, 0.42619478999404237, 1.690350036995369, 0.30970381099905353, 0.2562975469918456, 0.3486029369960306, 0.6611287999985507, 0.7619719579961384, 0.7627699059958104, 0.4982941079942975, 0.5595690869959071, 0.6276451319863554, 0.865449903998524, 0.7274105699907523, 1.2345413439907134, 0.9626001569995424, 0.9048005410004407, 1.070508674994926, 1.018563280988019, 1.1296200479991967, 1.1722598349879263, 1.347994354000548, 1.2907327079883544, 1.8782167519966606, 1.3856452749896562, 1.4375535229919478, 1.5882209479896119, 1.5017398879863322, 1.5525904189998982, 1.791111151993391, 1.745435960998293, 2.588255914990441, 1.8442955859936774, 1.9250807679927675, 1.9792819110007258, 1.978933424994466, 2.2975867579953047, 2.0761202559951926, 2.1223906480008736, 2.1740689879952697, 3.378375727988896, 2.2391410279960837, 2.330391008988954, 2.3774286239931826, 2.975114450993715, 2.4956246619985905, 2.5403355279995594, 2.4464659090008354, 2.6315325399918947, 2.7521810839971295, 2.6930350809998345, 2.7908852149994345, 3.9407907249988057, 2.9148289039876545, 2.8470498329988914, 2.885545867990004, 3.033756203993107, 3.0798916700005066, 3.2854894659976708, 3.1185614339919994, 3.471702737995656, 3.3282368639920605, 3.219872593996115, 3.4330687069887063, 3.5187897069990868, 3.606813519989373, 3.56431472398981, 3.662338826994528, 3.702760350992321, 3.74853228298889, 3.793774437988759, 3.830993577998015, 4.1301825099944836, 3.8987368879897986, 3.9879901169915684, 4.079800555991824, 4.032349793997128, 4.174330133988406, 4.296069506992353, 4.264429492992349, 4.223469556993223, 4.295408115998725, 4.382848436987842, 4.431510921989684, 4.889392008000868, 4.620864177995827, 4.574524032999761, 4.494735483996919, 4.535920119000366, 4.955012693986646, 4.701153417991009, 4.794151197987958, 4.741636259990628, 4.831899195996812, 5.007352305998211, 4.889180518992362], "final_accuracy": ["accuracy", 0.6730769230769231]}