{"5":0.39913010597229,"3":0.408449411392212,"2":0.410821676254272,"1":0.397878170013428,"4":0.573453664779663}
