{"1": 15.142935991287231, "2": 14.935308456420898, "3": 14.683807611465454, "4": 14.553189754486084, "5": 14.909237146377563}