{"2":2.60773992538452,"4":2.50601673126221,"3":2.47672295570374,"5":2.62580227851868,"1":2.53215074539185}
