{"trial_id": [0, 1, 2, 3, 4, 5, 6, 7, 8, 9, 10, 11, 12, 13, 14, 15, 16, 17, 18, 19, 20, 21, 22, 23, 24, 25, 26, 27, 28, 29, 30, 31, 32, 33, 34, 35, 36, 37, 38, 39, 40, 41, 42, 43, 44, 45, 46, 47, 48, 49, 50, 51, 52, 53, 54, 55, 56, 57, 58, 59, 60, 61, 62, 63, 64, 65, 66, 67, 68, 69, 70, 71, 72, 73, 74, 75, 76, 77, 78, 79, 80, 81, 82, 83, 84, 85, 86, 87, 88, 89, 90, 91, 92, 93, 94, 95, 96, 97, 98, 99], "cv_accuracy": [0.6625, 0.34375, 0.75, 0.61875, 0.59375, 0.325, 0.325, 0.5, 0.3375, 0.325, 0.325, 0.325, 0.3375, 0.35625, 0.55, 0.325, 0.43125, 0.35625, 0.325, 0.53125, 0.74375, 0.35625, 0.53125, 0.325, 0.74375, 0.325, 0.48125, 0.3375, 0.35625, 0.35625, 0.6625, 0.35625, 0.35625, 0.575, 0.6, 0.35625, 0.34375, 0.3375, 0.4, 0.525, 0.65, 0.325, 0.525, 0.5625, 0.5375, 0.325, 0.56875, 0.35625, 0.325, 0.325, 0.325, 0.325, 0.3375, 0.53125, 0.56875, 0.325, 0.325, 0.325, 0.5, 0.325, 0.5625, 0.55625, 0.3375, 0.35625, 0.5625, 0.55625, 0.325, 0.325, 0.35625, 0.35625, 0.525, 0.35625, 0.54375, 0.54375, 0.33125, 0.3375, 0.55625, 0.35625, 0.4875, 0.5125, 0.575, 0.325, 0.34375, 0.34375, 0.64375, 0.35625, 0.5625, 0.3375, 0.3625, 0.35625, 0.7875, 0.325, 0.34375, 0.3625, 0.325, 0.325, 0.3375, 0.5625, 0.3375, 0.53125], "timestamp": [0.7084083029913018, 0.18698046798817813, 0.4958769160002703, 0.23842733399942517, 0.3783086759940488, 0.08325363899348304, 0.14604934699309524, 0.9315329339879099, 0.3396076029894175, 0.2975723929994274, 1.093090462993132, 0.45506985699466895, 0.5610100289923139, 0.6232805809995625, 0.7613664029922802, 0.6578076199948555, 0.8113378929992905, 0.8974571929866215, 0.8577239199948963, 0.985829200988519, 1.48177615799068, 1.248514188991976, 1.1490072699962184, 1.0416998419968877, 1.3299092569941422, 1.1823721009859582, 1.3290276609914145, 2.318307752997498, 1.2920189359865617, 1.5508608779928181, 2.277853456995217, 1.604235869992408, 1.4410861379874405, 1.7209599099878687, 3.649141233996488, 1.7854635509866057, 1.6637952099990798, 1.8599590589874424, 3.201016875987989, 2.455525186000159, 1.9263723509939155, 1.9761557499878109, 2.0307532259903383, 2.0828268049954204, 2.132450680990587, 2.182141306999256, 2.359498261997942, 2.605807759988238, 2.506801744995755, 2.420472746991436, 2.644865657988703, 2.5668027689971495, 2.8963484979904024, 2.9370291979867034, 2.7977708199905464, 2.7040514769905712, 2.7585308409907157, 2.973316496994812, 2.86243589699734, 3.0842097839922644, 4.407971450986224, 3.254214320986648, 3.0401794599893037, 3.163176038986421, 5.037666979987989, 3.409737279987894, 3.300305736993323, 3.4881067849928513, 3.3651079739938723, 3.587571935990127, 3.52317354499246, 3.7341723930003354, 3.87565640899993, 3.980412583987345, 4.248735624991241, 3.8188873439939925, 3.9274571610003477, 4.0353248749888735, 4.468186635989696, 4.035497505989042, 4.186333918987657, 4.127843041991582, 4.3717733709927415, 4.299944749000133, 4.633030424985918, 4.771059451988549, 4.52167259498674, 4.8278808779869, 4.6328188679908635, 4.588841260992922, 5.165546690986957, 4.7261114139982965, 5.33136563799053, 5.121865551991505, 4.8622626359865535, 4.977557346996036, 4.928941651000059, 5.080165891995421, 5.2175411179923685, 5.253957187000196], "final_accuracy": ["accuracy", 0.75]}