{"trial_id": [0, 1, 2, 3, 4, 5, 6, 7, 8, 9, 10, 11, 12, 13, 14, 15, 16, 17, 18, 19, 20, 21, 22, 23, 24, 25, 26, 27, 28, 29, 30, 31, 32, 33, 34, 35, 36, 37, 38, 39, 40, 41, 42, 43, 44, 45, 46, 47, 48, 49, 50, 51, 52, 53, 54, 55, 56, 57, 58, 59, 60, 61, 62, 63, 64, 65, 66, 67, 68, 69, 70, 71, 72, 73, 74, 75, 76, 77, 78, 79, 80, 81, 82, 83, 84, 85, 86, 87, 88, 89, 90, 91, 92, 93, 94, 95, 96, 97, 98, 99], "cv_accuracy": [0.34375, 0.71875, 0.675, 0.33125, 0.34375, 0.3875, 0.56875, 0.34375, 0.4125, 0.625, 0.34375, 0.33125, 0.5375, 0.525, 0.56875, 0.33125, 0.50625, 0.4125, 0.33125, 0.33125, 0.33125, 0.525, 0.55625, 0.35, 0.33125, 0.33125, 0.33125, 0.35625, 0.54375, 0.5625, 0.33125, 0.33125, 0.39375, 0.5125, 0.40625, 0.525, 0.33125, 0.33125, 0.33125, 0.53125, 0.39375, 0.33125, 0.35625, 0.56875, 0.33125, 0.55, 0.33125, 0.33125, 0.39375, 0.54375, 0.34375, 0.33125, 0.33125, 0.3875, 0.4875, 0.74375, 0.3375, 0.33125, 0.55625, 0.34375, 0.33125, 0.58125, 0.5375, 0.58125, 0.58125, 0.33125, 0.55625, 0.34375, 0.54375, 0.375, 0.3625, 0.5625, 0.33125, 0.78125, 0.33125, 0.33125, 0.33125, 0.36875, 0.3875, 0.35625, 0.53125, 0.33125, 0.3625, 0.7125, 0.375, 0.5875, 0.33125, 0.36875, 0.55625, 0.41875, 0.375, 0.39375, 0.41875, 0.33125, 0.55625, 0.56875, 0.51875, 0.525, 0.33125, 0.33125], "timestamp": [0.17795190299511887, 0.5457993579911999, 0.14463197298755404, 0.07228129899885971, 0.22405242499371525, 0.3336489319917746, 0.2906479139928706, 0.44141302099160384, 0.639161327999318, 0.49992239399580285, 0.6887536849972093, 0.40147063399490435, 0.5953022749890806, 1.1243722509971121, 1.4138278269965667, 0.7366336939885514, 3.40042252499552, 0.8856986249884358, 0.849740950987325, 0.8000830539967865, 0.9400497069873381, 1.011976682988461, 1.1749922619928839, 1.8122791349887848, 1.0768148169881897, 1.2270947769866325, 1.2617964959936216, 1.4766879349917872, 1.5773656659875996, 1.328841571987141, 1.3836480429890798, 1.6159035009914078, 1.766516806994332, 1.5364657399913995, 2.12991422599589, 1.9837962429883191, 1.6782911159971263, 1.733864037989406, 1.8911926269938704, 1.9289044339966495, 2.082144296000479, 2.040394263996859, 2.198425992988632, 2.3127295329904882, 2.232268073988962, 2.578155171999242, 2.269013887998881, 2.402420094993431, 2.655890019988874, 2.8726668339950265, 2.439902648999123, 2.502462831995217, 2.541285851999419, 2.7652297359891236, 2.7235999929980608, 3.0752790449914755, 2.805076589997043, 2.9127158179908292, 3.033242163990508, 3.134068565996131, 2.9861572349909693, 4.006766285994672, 3.83938040099747, 3.282984815989039, 3.1850411249906756, 3.2348783099878347, 3.3374040159978904, 3.4502959189994726, 3.5361928149941377, 3.797489451986621, 3.5710407969891094, 3.9633151939924574, 3.6514210299937986, 4.591305574998842, 3.7083529779920354, 3.764060409986996, 3.9110646799963433, 4.297643547994085, 4.17580299799738, 5.644761913994444, 4.068676279988722, 4.131942028994672, 4.260001148999436, 4.519939234000049, 4.344147958996473, 5.286401403995114, 4.40334901199094, 4.77863941299438, 4.456020921992604, 5.614105659988127, 4.633920542997657, 4.730382758993073, 5.2402736069925595, 4.816457048000302, 4.886167743999977, 4.93528896899079, 5.025605217990233, 5.125100345991086, 5.076497472997289, 5.167851574995439], "final_accuracy": ["accuracy", 0.825]}