{"trial_id": [0, 1, 2, 3, 4, 5, 6, 7, 8, 9, 10, 11, 12, 13, 14, 15, 16, 17, 18, 19, 20, 21, 22, 23, 24, 25, 26, 27, 28, 29, 30, 31, 32, 33, 34, 35, 36, 37, 38, 39, 40, 41, 42, 43, 44, 45, 46, 47, 48, 49, 50, 51, 52, 53, 54, 55, 56, 57, 58, 59, 60, 61, 62, 63, 64, 65, 66, 67, 68, 69, 70, 71, 72, 73, 74, 75, 76, 77, 78, 79, 80, 81, 82, 83, 84, 85, 86, 87, 88, 89, 90, 91, 92, 93, 94, 95, 96, 97, 98, 99], "cv_accuracy": [0.68125, 0.3625, 0.4875, 0.35, 0.35, 0.56875, 0.35, 0.35, 0.35, 0.425, 0.35, 0.39375, 0.5625, 0.55, 0.35, 0.50625, 0.35, 0.6375, 0.35, 0.3875, 0.43125, 0.35, 0.35, 0.3875, 0.35, 0.35, 0.425, 0.60625, 0.49375, 0.5875, 0.35, 0.4375, 0.35, 0.35, 0.35, 0.3625, 0.35, 0.35, 0.3625, 0.35, 0.675, 0.525, 0.375, 0.4, 0.56875, 0.35, 0.35, 0.56875, 0.71875, 0.35, 0.36875, 0.70625, 0.35, 0.35, 0.4875, 0.49375, 0.56875, 0.75, 0.65, 0.55625, 0.5625, 0.35, 0.3625, 0.43125, 0.35, 0.55625, 0.4875, 0.55625, 0.49375, 0.35, 0.35, 0.375, 0.5875, 0.3625, 0.35, 0.55625, 0.375, 0.41875, 0.5875, 0.35, 0.3625, 0.5125, 0.55, 0.56875, 0.35625, 0.35, 0.49375, 0.525, 0.66875, 0.41875, 0.3625, 0.41875, 0.575, 0.5625, 0.35, 0.35, 0.35, 0.4375, 0.3625, 0.3625], "timestamp": [1.7098534489923622, 0.3896283450012561, 0.18816331899142824, 0.0679472089977935, 0.13096496199432295, 0.8071570210013306, 0.22698593999666627, 0.2687790659983875, 0.424713749991497, 0.5145475379977142, 0.3353620010020677, 0.6022161250002682, 0.7681538960023317, 0.559645132991136, 0.7248924379964592, 0.8779456129996106, 0.6699433619942283, 5.087316245000693, 0.9259179469954688, 1.2423549099912634, 0.9904300369962584, 1.0220488100021612, 1.0758446249965345, 1.5185357599984854, 1.2030213179968996, 1.1361127049895003, 1.2956730180012528, 2.608225575997494, 1.3984938929934287, 1.3603139240003657, 1.4680825879913755, 1.8620733979914803, 1.5632439679902745, 1.6740834590018494, 1.6251950739970198, 1.7779580139904283, 1.9149297239928273, 1.7783520489902003, 2.0750568579969695, 1.9620004609896569, 2.017888596994453, 2.1348365129961167, 2.833101782001904, 2.341180582996458, 2.1677908659912646, 2.296820192001178, 2.2285292529995786, 2.3825506629946176, 3.565676086000167, 2.450192057993263, 2.514154188000248, 4.8987747689971, 2.564052970003104, 2.6566619479999645, 2.7618175179959508, 2.720431194989942, 2.9861859980010195, 5.1511017059965525, 2.9330004829971585, 3.4129399550001835, 3.0571724140027072, 3.108082924998598, 3.164693475991953, 3.2420719130022917, 3.295320659002755, 3.352501774992561, 3.4482401959976414, 3.940553624997847, 3.531155092990957, 3.6757678119902266, 3.625542855996173, 3.898253115999978, 3.7332071799901314, 3.792007729993202, 3.8438338169944473, 4.230838856994524, 5.4581719339912524, 4.0105608199955896, 4.075095541993505, 4.126123611989897, 4.183907849990646, 4.336261561998981, 4.28862888799631, 4.380174082994927, 4.600318142998731, 4.435229301001527, 4.505098452995298, 4.555984834994888, 5.699477977002971, 4.680447124992497, 4.7402871169906575, 4.803076964992215, 4.85547331199632, 5.240811156996642, 4.954671822997625, 5.0054065989970695, 5.056428245996358, 5.322464298995328, 5.194539978998364, 5.386238783990848], "final_accuracy": ["accuracy", 0.675]}