{"trial_id": [0, 1, 2, 3, 4, 5, 6, 7, 8, 9, 10, 11, 12, 13, 14, 15, 16, 17, 18, 19, 20, 21, 22, 23, 24, 25, 26, 27, 28, 29, 30, 31, 32, 33, 34, 35, 36, 37, 38, 39, 40, 41, 42, 43, 44, 45, 46, 47, 48, 49, 50, 51, 52, 53, 54, 55, 56, 57, 58, 59, 60, 61, 62, 63, 64, 65, 66, 67, 68, 69, 70, 71, 72, 73, 74, 75, 76, 77, 78, 79, 80, 81, 82, 83, 84, 85, 86, 87, 88, 89, 90, 91, 92, 93, 94, 95, 96, 97, 98, 99], "cv_accuracy": [0.34375, 0.775, 0.56875, 0.325, 0.5625, 0.34375, 0.31875, 0.4375, 0.31875, 0.31875, 0.5625, 0.31875, 0.31875, 0.525, 0.6, 0.60625, 0.31875, 0.6, 0.31875, 0.43125, 0.31875, 0.31875, 0.6, 0.31875, 0.56875, 0.31875, 0.6, 0.61875, 0.43125, 0.31875, 0.325, 0.125, 0.53125, 0.6, 0.425, 0.58125, 0.3625, 0.31875, 0.59375, 0.5875, 0.60625, 0.41875, 0.31875, 0.60625, 0.31875, 0.5875, 0.4375, 0.4, 0.575, 0.31875, 0.31875, 0.58125, 0.31875, 0.31875, 0.58125, 0.60625, 0.475, 0.31875, 0.5, 0.58125, 0.31875, 0.31875, 0.5875, 0.31875, 0.69375, 0.31875, 0.31875, 0.56875, 0.31875, 0.59375, 0.31875, 0.325, 0.5375, 0.59375, 0.31875, 0.425, 0.31875, 0.31875, 0.31875, 0.31875, 0.58125, 0.31875, 0.575, 0.31875, 0.58125, 0.39375, 0.59375, 0.31875, 0.31875, 0.31875, 0.6, 0.43125, 0.31875, 0.58125, 0.31875, 0.6, 0.4375, 0.6, 0.6, 0.3625], "timestamp": [0.6860865089984145, 0.14334392599994317, 0.3932258979912149, 0.17714232299476862, 0.0872195970005123, 0.43121568800415844, 0.2307071300019743, 0.5811730529967463, 0.3014984390028985, 0.30187065599602647, 0.9669765790022211, 0.4808959920046618, 0.6198989270051243, 1.6386460339999758, 0.5464130759937689, 0.7791778249957133, 0.7410347669938346, 0.8211140039929887, 0.9164212759933434, 1.242810848998488, 1.0065090499992948, 0.8875090749934316, 1.4488951189996442, 1.1195959399919957, 1.1737019159918418, 1.0775220450013876, 1.344020623000688, 2.0936653149983613, 1.4009850089933025, 1.3137044710019836, 2.238720844994532, 1.562859422992915, 1.7378354749962455, 1.515207674994599, 1.796996646997286, 1.6999264070036588, 1.92075629599276, 1.8601410959963687, 2.1748517060041195, 1.9752346169989323, 2.2384106050012633, 2.9747691069933353, 2.030845371991745, 2.094951755992952, 2.3287053419917356, 2.536384883002029, 2.432311333002872, 2.8632558840035927, 2.4750563289999263, 2.3917568439937895, 2.5794389600050636, 2.684195895999437, 2.618898546003038, 2.722658112004865, 3.0209975089965155, 2.926932129994384, 3.593750871004886, 2.785171203999198, 3.4602173650055192, 3.1746882119914517, 3.068282221996924, 3.127797818000545, 3.2734000310010742, 3.2138707260019146, 3.5001229839981534, 3.3775831169914454, 3.3173206560022663, 3.5515841960004764, 3.4200977489963407, 4.292105970002012, 3.70422291799332, 3.847058878003736, 3.659954047994688, 3.803710398991825, 3.7457182420039317, 4.392539588996442, 3.939460045992746, 3.9034375210030703, 4.034892151001259, 4.0002249399985885, 4.14124539399927, 4.094075749992044, 4.235172140994109, 4.1943508370022755, 4.590537365991622, 4.79645113699371, 4.499369083001511, 4.352239211002598, 4.442034356005024, 4.544326203002129, 4.944721644002129, 5.339847497001756, 4.6500674999988405, 4.753222169994842, 4.691982784002903, 5.243671156000346, 5.1207396690006135, 4.911615905992221, 5.046908203003113, 5.18068462300289], "final_accuracy": ["accuracy", 0.775]}