{"trial_id": [0, 1, 2, 3, 4, 5, 6, 7, 8, 9, 10, 11, 12, 13, 14, 15, 16, 17, 18, 19, 20, 21, 22, 23, 24, 25, 26, 27, 28, 29, 30, 31, 32, 33, 34, 35, 36, 37, 38, 39, 40, 41, 42, 43, 44, 45, 46, 47, 48, 49, 50, 51, 52, 53, 54, 55, 56, 57, 58, 59, 60, 61, 62, 63, 64, 65, 66, 67, 68, 69, 70, 71, 72, 73, 74, 75, 76, 77, 78, 79, 80, 81, 82, 83, 84, 85, 86, 87, 88, 89, 90, 91, 92, 93, 94, 95, 96, 97, 98, 99], "cv_accuracy": [0.39375, 0.35, 0.425, 0.55, 0.46875, 0.68125, 0.35, 0.775, 0.4, 0.35625, 0.3625, 0.45, 0.35, 0.35, 0.4, 0.5875, 0.3625, 0.3625, 0.4, 0.4, 0.35, 0.425, 0.6375, 0.35, 0.375, 0.35, 0.35, 0.4, 0.64375, 0.4125, 0.35, 0.3625, 0.35, 0.40625, 0.35, 0.41875, 0.3375, 0.44375, 0.3875, 0.375, 0.3875, 0.49375, 0.55625, 0.70625, 0.35, 0.7125, 0.43125, 0.4125, 0.35, 0.35, 0.4375, 0.35, 0.35, 0.35625, 0.375, 0.75, 0.40625, 0.35, 0.3625, 0.35, 0.35, 0.35, 0.41875, 0.35, 0.425, 0.43125, 0.6375, 0.4, 0.3625, 0.35, 0.35, 0.4875, 0.35, 0.35625, 0.35, 0.7625, 0.35, 0.35, 0.725, 0.35, 0.35, 0.4875, 0.375, 0.4, 0.43125, 0.5375, 0.41875, 0.4125, 0.35, 0.35, 0.45625, 0.3625, 0.35, 0.3625, 0.35, 0.35, 0.39375, 0.35, 0.35, 0.4125], "timestamp": [0.1390610939997714, 0.0857304630044382, 0.3586342430062359, 0.18661828599579167, 1.313383343993337, 0.28293829900212586, 0.2403397970047081, 2.2634634129935876, 0.5448193509946577, 0.449668882007245, 0.39227635199495126, 0.7803569389943732, 0.48777362100372557, 0.6037192810035776, 0.6708280019956874, 1.079257539997343, 0.7146946610009763, 0.8312478180014296, 0.9381742849946022, 0.8732007890066598, 0.9701313810073771, 1.0135099820035975, 5.523109251997084, 1.115554570002132, 1.2163355499942554, 1.2584362750058062, 1.174211881996598, 1.4567567560006864, 2.8107822879974265, 1.424606272004894, 1.370134347002022, 1.5572020880063064, 1.6540679360041395, 1.5233717420051107, 1.710524281996186, 1.6195269190066028, 1.8042210309940856, 1.9098380679934053, 1.7697816930012777, 1.9859214260068256, 1.8709770980058238, 2.022501048995764, 3.315746981999837, 4.264339764005854, 2.077682257993729, 2.1509118840040173, 2.2187423610012047, 2.748958338997909, 2.3157272889948217, 2.3660737610043725, 2.422711535007693, 2.473046062004869, 2.523069205999491, 2.5958336030016653, 2.6768622959934874, 2.8483115709968843, 2.907889460999286, 2.9563655740057584, 3.050851502994192, 3.0076461770077003, 3.0968837719992734, 3.1917423919949215, 3.2570957459975034, 3.156477198994253, 3.315548127007787, 3.8151996149972547, 3.6921078820014372, 3.458209189993795, 3.9724263200041605, 3.5067014140076935, 3.5559634039964294, 3.613043610996101, 3.662312139000278, 4.126366847995087, 3.752021217995207, 5.282060300000012, 3.8640191690064967, 3.913335499004461, 4.1875917709985515, 4.025628411007347, 4.07617850000679, 4.838804658007575, 4.3854976190050365, 4.307483594995574, 4.530498064996209, 4.427991700998973, 4.487171461994876, 4.5706745219940785, 4.629509980994044, 4.681543561004219, 5.333481509995181, 4.786686745006591, 4.73598822200438, 5.0216879840008914, 4.877469844999723, 4.9772152960067615, 4.942737051998847, 5.091555828999844, 5.1232084759976715, 5.195126339007402], "final_accuracy": ["accuracy", 0.725]}