{"trial_id": [0, 1, 2, 3, 4, 5, 6, 7, 8, 9, 10, 11, 12, 13, 14, 15, 16, 17, 18, 19, 20, 21, 22, 23, 24, 25, 26, 27, 28, 29, 30, 31, 32, 33, 34, 35, 36, 37, 38, 39, 40, 41, 42, 43, 44, 45, 46, 47, 48, 49, 50, 51, 52, 53, 54, 55, 56, 57, 58, 59, 60, 61, 62, 63, 64, 65, 66, 67, 68, 69, 70, 71, 72, 73, 74, 75, 76, 77, 78, 79, 80, 81, 82, 83, 84, 85, 86, 87, 88, 89, 90, 91, 92, 93, 94, 95, 96, 97, 98, 99], "cv_accuracy": [0.325, 0.43125, 0.5375, 0.55, 0.325, 0.55, 0.3375, 0.325, 0.325, 0.65625, 0.55625, 0.35625, 0.3375, 0.325, 0.525, 0.325, 0.325, 0.35625, 0.3375, 0.3375, 0.54375, 0.325, 0.475, 0.46875, 0.325, 0.7375, 0.325, 0.48125, 0.325, 0.325, 0.35625, 0.325, 0.55, 0.34375, 0.325, 0.35625, 0.325, 0.325, 0.35625, 0.3375, 0.325, 0.66875, 0.325, 0.3375, 0.325, 0.3375, 0.325, 0.325, 0.325, 0.33125, 0.325, 0.3375, 0.325, 0.325, 0.325, 0.34375, 0.325, 0.325, 0.375, 0.41875, 0.3375, 0.64375, 0.325, 0.56875, 0.525, 0.325, 0.55, 0.3625, 0.325, 0.65, 0.325, 0.4875, 0.5125, 0.35625, 0.325, 0.55, 0.35625, 0.325, 0.34375, 0.325, 0.325, 0.51875, 0.3375, 0.5375, 0.3875, 0.325, 0.45625, 0.4875, 0.5125, 0.325, 0.325, 0.3375, 0.34375, 0.325, 0.35625, 0.325, 0.325, 0.35, 0.3375, 0.325], "timestamp": [0.1152762160054408, 0.17703183999401517, 0.8002493230014807, 0.6380896490009036, 0.0719444080023095, 0.28950656300003175, 0.3278973419946851, 0.22970942599931732, 0.36899984200135805, 1.2220179959986126, 0.5486435930070002, 0.49324509799771477, 0.44676506200630683, 0.5961776809999719, 1.1658666629955405, 0.7025394480006071, 0.7539578260038979, 0.984852649999084, 0.876604443998076, 0.9171836809982779, 1.7593906080001034, 1.037144982998143, 1.307083171006525, 1.3471820279955864, 1.1092609470069874, 1.5273423559992807, 1.266906970005948, 1.724656505000894, 1.4312566640001023, 1.4722761470038677, 1.684876350002014, 1.5965219320059987, 1.646118970005773, 2.0220091179944575, 1.834352827994735, 2.0697886440029833, 1.8909595779987285, 1.9337186299962923, 1.9831087159982417, 2.2655058950040257, 2.135181379999267, 2.982929919002345, 2.229952861001948, 2.3147859400050947, 2.184523967996938, 2.7010444890038343, 2.3826443730067695, 2.469580142002087, 2.4246136540023144, 2.622020242997678, 2.5848256409954047, 2.66121392500645, 2.536332443007268, 2.7513570970040746, 2.815397940998082, 2.8526935700065224, 2.929907762998482, 2.8874178779951762, 3.0305533899954753, 3.1375177500012796, 3.3402188930049306, 4.445409231004305, 3.0870173669973155, 3.1866415120020974, 3.4315493189933477, 3.249400881002657, 3.3800135680066887, 3.3013274840050144, 3.4785383270063903, 5.283651726000244, 3.54077465699811, 3.708360303004156, 3.9417035710066557, 3.5778441169968573, 3.653690524006379, 3.8932984010025393, 3.8345389799942495, 3.7710980760020902, 3.941081397002563, 4.026133934006793, 4.0858017499995185, 4.546757803007495, 4.216355288997875, 4.360310557007324, 4.158501851998153, 4.257756927006994, 4.406019579997519, 4.625426258993684, 4.506656331999693, 4.679061793998699, 4.588884648997919, 4.750412465000409, 4.908136849000584, 4.83353803200589, 4.946048206998967, 4.750692747998983, 4.945380434000981, 5.036812260004808, 5.082099263003329, 5.122528587002307], "final_accuracy": ["accuracy", 0.825]}