{"trial_id": [0, 1, 2, 3, 4, 5, 6, 7, 8, 9, 10, 11, 12, 13, 14, 15, 16, 17, 18, 19, 20, 21, 22, 23, 24, 25, 26, 27, 28, 29, 30, 31, 32, 33, 34, 35, 36, 37, 38, 39, 40, 41, 42, 43, 44, 45, 46, 47, 48, 49, 50, 51, 52, 53, 54, 55, 56, 57, 58, 59, 60, 61, 62, 63, 64, 65, 66, 67, 68, 69, 70, 71, 72, 73, 74, 75, 76, 77, 78, 79, 80, 81, 82, 83, 84, 85, 86, 87, 88, 89, 90, 91, 92, 93, 94, 95, 96, 97, 98, 99], "cv_accuracy": [0.31875, 0.31875, 0.475, 0.31875, 0.31875, 0.58125, 0.31875, 0.31875, 0.31875, 0.56875, 0.45, 0.31875, 0.55625, 0.31875, 0.31875, 0.31875, 0.31875, 0.31875, 0.5625, 0.34375, 0.34375, 0.31875, 0.55, 0.55625, 0.58125, 0.31875, 0.375, 0.31875, 0.31875, 0.50625, 0.31875, 0.31875, 0.4125, 0.31875, 0.31875, 0.31875, 0.53125, 0.58125, 0.5625, 0.325, 0.575, 0.36875, 0.31875, 0.31875, 0.5, 0.31875, 0.31875, 0.31875, 0.45, 0.34375, 0.4375, 0.31875, 0.31875, 0.39375, 0.31875, 0.5625, 0.43125, 0.31875, 0.55625, 0.325, 0.5625, 0.31875, 0.31875, 0.31875, 0.4375, 0.66875, 0.31875, 0.31875, 0.49375, 0.4375, 0.525, 0.31875, 0.325, 0.34375, 0.49375, 0.49375, 0.325, 0.31875, 0.34375, 0.3625, 0.31875, 0.4375, 0.375, 0.31875, 0.55625, 0.34375, 0.575, 0.31875, 0.31875, 0.575, 0.31875, 0.31875, 0.53125, 0.46875, 0.31875, 0.31875, 0.31875, 0.4625, 0.50625, 0.51875], "timestamp": [0.16868388500006404, 0.12129058699065354, 0.942244516001665, 0.167393790994538, 0.12026913899171632, 0.2898926449997816, 0.4795289109897567, 0.4439500399894314, 0.4020879259915091, 0.35812851099763066, 0.8313939179934096, 0.5931447719922289, 0.6828092959913192, 0.6484320039890008, 0.5577900069911266, 0.7952329769905191, 0.7518021799915005, 0.8893705619993852, 1.2618764539947733, 1.0529511439963244, 1.1822961479920195, 0.9934575799998129, 1.1406940209999448, 1.089839681997546, 1.8817121960018994, 1.30654682299064, 1.5751242489932338, 1.392709345993353, 1.3441729269979987, 3.5590671760000987, 1.506990740992478, 1.4641165279899724, 1.8166003730002558, 1.651178070998867, 1.5749192759976722, 1.730932763995952, 2.362051734002307, 2.048251435990096, 2.0005415529885795, 1.9391054159932537, 2.261008702989784, 2.406847851991188, 2.1211870669940254, 2.1209316460008267, 2.7190772320027463, 2.2253123330010567, 2.452284202998271, 2.3289736000006087, 3.375788429999375, 2.606806380994385, 4.185622429999057, 2.511336386000039, 2.564369801999419, 2.847759928990854, 2.6689190179895377, 2.8118539179995423, 2.9023348310001893, 2.96711631299695, 3.066432588995667, 3.01474483498896, 3.2815812379994895, 3.1194660490000388, 3.174765485993703, 3.2201285369956167, 3.444651575991884, 4.224653985991608, 3.3385420239937957, 3.478993023993098, 3.9235983249964193, 3.692655888997251, 3.8040850429970305, 3.6179393049969804, 3.8661924629996065, 3.7583431209932314, 4.014374271995621, 5.830824406002648, 3.9744052570022177, 4.0596292019909015, 4.337798537992057, 4.446976102000917, 4.120446558998083, 4.338130730000557, 4.606489687997964, 4.298642451991327, 5.31611690299178, 4.80538102099672, 4.556124726994312, 4.515567821988952, 4.678642815997591, 4.760365661990363, 4.679200026992476, 4.909549417992821, 5.413061711995397, 4.955980519996956, 4.871740906994091, 5.021893536992138, 5.059448453990626, 5.25012841699936, 5.211500239995075, 5.1556992679979885], "final_accuracy": ["accuracy", 0.6]}