{"trial_id": [0, 1, 2, 3, 4, 5, 6, 7, 8, 9, 10, 11, 12, 13, 14, 15, 16, 17, 18, 19, 20, 21, 22, 23, 24, 25, 26, 27, 28, 29, 30, 31, 32, 33, 34, 35, 36, 37, 38, 39, 40, 41, 42, 43, 44, 45, 46, 47, 48, 49, 50, 51, 52, 53, 54, 55, 56, 57, 58, 59, 60, 61, 62, 63, 64, 65, 66, 67, 68, 69, 70, 71, 72, 73, 74, 75, 76, 77, 78, 79, 80, 81, 82, 83, 84, 85, 86, 87, 88, 89, 90, 91, 92, 93, 94, 95, 96, 97, 98, 99], "cv_accuracy": [0.35, 0.41875, 0.41875, 0.35, 0.41875, 0.3875, 0.4875, 0.35, 0.50625, 0.4375, 0.4375, 0.35, 0.35, 0.35, 0.35, 0.39375, 0.35, 0.49375, 0.35625, 0.50625, 0.66875, 0.39375, 0.675, 0.3625, 0.56875, 0.35, 0.425, 0.425, 0.4625, 0.5125, 0.35625, 0.49375, 0.41875, 0.3625, 0.41875, 0.48125, 0.35, 0.35, 0.39375, 0.35, 0.35, 0.4625, 0.46875, 0.5, 0.35, 0.35, 0.425, 0.35, 0.425, 0.41875, 0.60625, 0.375, 0.4875, 0.35, 0.36875, 0.35625, 0.44375, 0.35, 0.45625, 0.35, 0.375, 0.43125, 0.54375, 0.4375, 0.35, 0.35, 0.35, 0.5, 0.4625, 0.35, 0.35, 0.35, 0.5, 0.35, 0.35, 0.35, 0.39375, 0.35, 0.3625, 0.3625, 0.36875, 0.35, 0.35, 0.425, 0.38125, 0.50625, 0.425, 0.39375, 0.35, 0.35, 0.35, 0.4625, 0.4875, 0.35, 0.35, 0.50625, 0.35, 0.35, 0.4125, 0.35], "timestamp": [0.12287484000262339, 0.3570218489912804, 0.24574337399099022, 0.07816040499892551, 0.4301917359989602, 0.6296982759959064, 0.28140834299847484, 0.20345081799314357, 0.39572928499546833, 0.5393038479960524, 1.0750618579913862, 0.5899820039921906, 0.6834559479902964, 0.504894247991615, 0.7460820859996602, 1.2652252839907305, 0.7874009619990829, 0.8339110619999701, 0.8949566609953763, 1.194882248993963, 2.209362320994842, 0.9768686049937969, 1.0137284139927942, 1.572973030997673, 1.48137088099611, 1.1384655849979026, 1.3085022729937918, 1.3649255429918412, 1.6211712529911892, 1.4212081839941675, 1.5411313090007752, 1.6831741369969677, 1.7258336709928699, 2.067675207988941, 1.9722667890018784, 1.7256103089894168, 1.8268771979928715, 1.882973382002092, 2.1773186909995275, 1.9233727410028223, 2.0216188299964415, 3.2348964900011197, 2.1104371459950926, 2.8810993329971097, 2.295123281000997, 2.251357178989565, 2.4452833669929532, 2.3780711610015715, 2.4880588319938397, 2.6008013849932468, 4.168313738002325, 2.722382797001046, 2.5566145179909654, 2.662605552992318, 2.9767700739903376, 2.7733715669892263, 3.0864001869922504, 2.8350783639907604, 2.9388929609995103, 3.0216092210030183, 3.3280321929923957, 3.391118083993206, 5.175782852995326, 3.1742777899926296, 3.47764744599408, 3.287413990998175, 3.4261405110009946, 3.565314755993313, 4.508062979992246, 3.5254778279922903, 3.6209602629969595, 3.679415082995547, 3.956678485003067, 3.679519186000107, 3.7778312649898, 3.8310150299948873, 4.244886859989492, 3.8864841570029967, 3.9568999969924334, 4.070301471001585, 4.310663361000479, 4.119643781988998, 4.202390532998834, 4.41040010699362, 4.448715535996598, 4.705839165995712, 4.607933973995387, 4.919490137996036, 4.554625338991173, 4.666515227989294, 4.754295263002859, 5.262351318990113, 5.079382252995856, 4.827133407990914, 4.864098500998807, 5.117462469992461, 4.980883832991822, 5.037672866994399, 5.306533326001954, 5.21638205400086], "final_accuracy": ["accuracy", 0.675]}