{"trial_id": [0, 1, 2, 3, 4, 5, 6, 7, 8, 9, 10, 11, 12, 13, 14, 15, 16, 17, 18, 19, 20, 21, 22, 23, 24, 25, 26, 27, 28, 29, 30, 31, 32, 33, 34, 35, 36, 37, 38, 39, 40, 41, 42, 43, 44, 45, 46, 47, 48, 49, 50, 51, 52, 53, 54, 55, 56, 57, 58, 59, 60, 61, 62, 63, 64, 65, 66, 67, 68, 69, 70, 71, 72, 73, 74, 75, 76, 77, 78, 79, 80, 81, 82, 83, 84, 85, 86, 87, 88, 89, 90, 91, 92, 93, 94, 95, 96, 97, 98, 99], "cv_accuracy": [0.375, 0.45625, 0.45625, 0.33125, 0.33125, 0.49375, 0.56875, 0.51875, 0.33125, 0.375, 0.39375, 0.33125, 0.33125, 0.33125, 0.50625, 0.46875, 0.46875, 0.45625, 0.51875, 0.46875, 0.35625, 0.4625, 0.3875, 0.33125, 0.39375, 0.4375, 0.33125, 0.33125, 0.33125, 0.33125, 0.33125, 0.33125, 0.33125, 0.33125, 0.4625, 0.33125, 0.33125, 0.33125, 0.33125, 0.33125, 0.39375, 0.39375, 0.33125, 0.33125, 0.33125, 0.33125, 0.55, 0.4, 0.375, 0.33125, 0.33125, 0.33125, 0.33125, 0.35, 0.45, 0.33125, 0.33125, 0.33125, 0.39375, 0.33125, 0.3375, 0.51875, 0.33125, 0.3375, 0.44375, 0.4625, 0.4125, 0.4625, 0.33125, 0.33125, 0.33125, 0.35625, 0.33125, 0.33125, 0.34375, 0.5125, 0.33125, 0.50625, 0.33125, 0.375, 0.3625, 0.33125, 0.33125, 0.33125, 0.4375, 0.3875, 0.44375, 0.33125, 0.33125, 0.45625, 0.45625, 0.375, 0.54375, 0.33125, 0.39375, 0.33125, 0.4625, 0.4375, 0.39375, 0.33125], "timestamp": [0.470466036000289, 0.251946181000676, 0.14657770600751974, 0.09562639700016007, 0.18950622300326359, 0.3506451779976487, 3.3789419770037057, 0.6846528290043352, 0.28735224400588777, 0.7419663409964414, 0.6301433299959172, 0.41625745700730477, 0.528048990003299, 0.5878478250087937, 0.7879144080070546, 0.8517041300074197, 1.0137558300048113, 0.9580552490078844, 0.9096782200067537, 1.0713175770069938, 1.2142113120062277, 1.1163379600038752, 2.7361567370098783, 1.1658617180073634, 1.4628564279992133, 1.269403960002819, 1.3684178450057516, 1.3229442760057282, 1.4178550399956293, 1.5170516329962993, 1.5767497409979114, 1.6425691670010565, 1.5769647540000733, 1.6964692920009838, 1.9141100319975521, 1.8633820630057016, 1.7675695799989626, 1.8124169259972405, 1.9568150480045006, 2.0012074069964, 2.3135194330097875, 2.2672081670025364, 2.1117423990071984, 2.0676134189998265, 2.2091148260078626, 2.1777840930008097, 2.826058279009885, 2.3793629800056806, 2.576623412009212, 2.4211861719959415, 2.4871140890027164, 2.5308352029969683, 2.6295721269998467, 2.9410427490074653, 3.197063863000949, 2.689613919996191, 2.7909003240056336, 2.8829539680009475, 3.7396404050086858, 2.9815223120094743, 3.152024202005123, 3.1046179850090994, 3.0530624740058556, 3.3221954190084944, 3.2705809110047994, 4.268544592996477, 3.4145467180060223, 3.7398803690011846, 3.463684269998339, 3.5707932980003534, 3.522785039996961, 3.8229281789972447, 3.6495895810076036, 3.6497628280048957, 3.9794776670023566, 5.26359679500456, 3.897005706006894, 3.979369149004924, 3.896895042009419, 4.3626535610092105, 4.427439749008045, 4.15269897300459, 4.0906331580044935, 4.200494967997656, 4.316250716001377, 4.493425848995685, 4.426768356002867, 4.533314650005195, 4.572481745010009, 4.891763207007898, 4.720651851006551, 4.782993617001921, 4.93041888200969, 4.637450997004635, 4.78332147099718, 4.854661261008005, 5.068684799000039, 5.1308194949961035, 5.181647828008863, 5.005459136009449], "final_accuracy": ["accuracy", 0.7]}