{"trial_id": [0, 1, 2, 3, 4, 5, 6, 7, 8, 9, 10, 11, 12, 13, 14, 15, 16, 17, 18, 19, 20, 21, 22, 23, 24, 25, 26, 27, 28, 29, 30, 31, 32, 33, 34, 35, 36, 37, 38, 39, 40, 41, 42, 43, 44, 45, 46, 47, 48, 49, 50, 51, 52, 53, 54, 55, 56, 57, 58, 59, 60, 61, 62, 63, 64, 65, 66, 67, 68, 69, 70, 71, 72, 73, 74, 75, 76, 77, 78, 79, 80, 81, 82, 83, 84, 85, 86, 87, 88, 89, 90, 91, 92, 93, 94, 95, 96, 97, 98, 99], "cv_accuracy": [0.35, 0.35, 0.35, 0.35, 0.36875, 0.40625, 0.325, 0.35, 0.425, 0.425, 0.41875, 0.35625, 0.35, 0.35, 0.35, 0.35, 0.35625, 0.35, 0.38125, 0.35, 0.35, 0.35, 0.43125, 0.34375, 0.35, 0.49375, 0.35, 0.35625, 0.35, 0.35, 0.35, 0.48125, 0.41875, 0.35625, 0.35, 0.45625, 0.35, 0.35, 0.5375, 0.45, 0.4, 0.35, 0.35, 0.35, 0.35, 0.375, 0.35, 0.35, 0.35, 0.35, 0.375, 0.35, 0.5375, 0.35, 0.4625, 0.35, 0.375, 0.28125, 0.35, 0.35, 0.35, 0.35, 0.35, 0.4625, 0.475, 0.425, 0.34375, 0.35, 0.35, 0.35, 0.35, 0.35, 0.35, 0.4375, 0.46875, 0.35, 0.44375, 0.35, 0.3375, 0.35, 0.4, 0.35, 0.3625, 0.39375, 0.4875, 0.43125, 0.3875, 0.35, 0.45625, 0.35, 0.44375, 0.35, 0.40625, 0.35, 0.35, 0.3625, 0.35, 0.35, 0.41875, 0.35], "timestamp": [0.09518694899452385, 0.17549358399992343, 0.13186811799823772, 0.09489800099981949, 0.25422986199555453, 3.4152965690009296, 0.3319850939878961, 0.37296312498801854, 0.5687157779902918, 0.41644931498740334, 0.620111216994701, 0.9060179079970112, 0.5265577899990603, 0.4820696079987101, 0.6680088969878852, 0.7245891469938215, 0.827172517994768, 0.775103053994826, 1.098198075997061, 0.8631680919934297, 0.9628510429902235, 1.0165594539867016, 1.1415996279974934, 1.052824767990387, 1.1945912299997872, 4.942969802999869, 1.2481977159914095, 1.3893522129947087, 1.2882132480008295, 1.3515964659891324, 1.439163049988565, 2.5227961279888405, 1.7362355419900268, 1.5596839429927059, 1.4989556939981412, 1.7828732159978244, 1.6171232539927587, 1.6717722459870856, 2.1778398099995684, 1.8360088089975761, 2.836790065994137, 1.8890728839905933, 1.9380581899895333, 1.9866440829937346, 2.035129669995513, 2.0983752419997472, 2.1470114039984765, 2.389195349998772, 2.2349612439866178, 2.2845439769880613, 2.3407906149950577, 2.4283160979975946, 5.086668218995328, 2.479014318989357, 2.9700465819914825, 2.575816398995812, 2.6347415759955766, 2.685686621000059, 2.7359890889929375, 2.790918831989984, 2.880976873988402, 3.0149929059989518, 2.938765604994842, 3.517041295999661, 3.3322815199935576, 3.087010154995369, 3.1376251519977814, 3.187445896997815, 3.237499487993773, 3.287510337991989, 3.3820461180002894, 3.4673611969919875, 3.612993030998041, 3.567469538989826, 4.00346774100035, 3.665565201998106, 3.8266488069930347, 3.722656512996764, 3.768085807998432, 3.87473929898988, 4.044709005989716, 3.934850687990547, 4.086688739989768, 5.400332011995488, 4.811201242991956, 4.17671203899954, 4.2257104289892595, 4.225500121989171, 4.38581961998716, 4.31435330498789, 5.151070203995914, 4.433585857987055, 4.496236249993672, 4.543670011989889, 4.591564293994452, 4.653873962990474, 4.701637063000817, 4.749094743994647, 5.038370185997337, 4.860591327000293], "final_accuracy": ["accuracy", 0.5]}