{"trial_id": [0, 1, 2, 3, 4, 5, 6, 7, 8, 9, 10, 11, 12, 13, 14, 15, 16, 17, 18, 19, 20, 21, 22, 23, 24, 25, 26, 27, 28, 29, 30, 31, 32, 33, 34, 35, 36, 37, 38, 39, 40, 41, 42, 43, 44, 45, 46, 47, 48, 49, 50, 51, 52, 53, 54, 55, 56, 57, 58, 59, 60, 61, 62, 63, 64, 65, 66, 67, 68, 69, 70, 71, 72, 73, 74, 75, 76, 77, 78, 79, 80, 81, 82, 83, 84, 85, 86, 87, 88, 89, 90, 91, 92, 93, 94, 95, 96, 97, 98, 99], "cv_accuracy": [0.0, 0.0, 0.0, 0.0, 0.0, 0.0, 0.0, 0.0, 0.0, 0.0, 0.0, 0.0, 0.0, 0.0, 0.0, 0.0, 0.0, 0.0, 0.0, 0.0, 0.0, 0.0, 0.0, 0.0, 0.0, 0.0, 0.0, 0.0, 0.0, 0.0, 0.0, 0.0, 0.0, 0.0, 0.0, 0.0, 0.0, 0.0, 0.0, 0.0, 0.0, 0.0, 0.0, 0.0, 0.0, 0.0, 0.0, 0.0, 0.0, 0.0, 0.0, 0.0, 0.0, 0.0, 0.0, 0.0, 0.0, 0.0, 0.0, 0.0, 0.0, 0.0, 0.0, 0.0, 0.0, 0.0, 0.0, 0.0, 0.0, 0.0, 0.0, 0.0, 0.0, 0.0, 0.0, 0.0, 0.0, 0.0, 0.0, 0.0, 0.0, 0.0, 0.0, 0.0, 0.0, 0.0, 0.0, 0.0, 0.0, 0.0, 0.0, 0.0, 0.0, 0.0, 0.0, 0.0, 0.0, 0.0, 0.0, 0.0], "timestamp": [0.12038917798781767, 0.29080349698779173, 0.25003301398828626, 0.17049232698627748, 0.25180166198697407, 0.16686904098605737, 0.5346698779903818, 0.5315391639887821, 0.5342538999975659, 0.49624540499644354, 0.45703114999923855, 0.3930760449875379, 0.6651131969993003, 0.7457998199970461, 0.7841530449950369, 0.9401413259911351, 0.7848926359874895, 0.8990486899856478, 0.8644628609908978, 1.1042904729984002, 1.1413673879869748, 1.0249358149885666, 1.183277364994865, 1.2240350899955956, 1.0247084289876511, 1.4316246499947738, 1.3134429909987375, 1.3910762269952102, 1.39319341898954, 1.511543194996193, 1.313672548989416, 1.7760393059870694, 1.69909226699383, 1.7387795729882782, 1.586407758994028, 1.659352308997768, 1.623280370986322, 1.8605353409948293, 1.9375221009977395, 1.976035260988283, 2.054876307985978, 2.0181008979998296, 1.8961577139998553, 2.255544749990804, 2.1790212739870185, 2.297098320996156, 2.220100664999336, 2.3552609359903727, 2.1406771279871464, 2.4574840769928414, 2.456671929990989, 2.5790875609964132, 2.5412422709923703, 2.4146019789914135, 2.627371852999204, 2.686156393989222, 2.7730080989858834, 2.7330543609859888, 2.8181761169980746, 2.855803364989697, 2.898795038985554, 2.9658677159895888, 3.045694985994487, 3.0111451849952573, 3.081493343997863, 3.1256041809974704, 3.1261388679995434, 3.2721430949895876, 3.363819567995961, 3.401468419993762, 3.2399360689887544, 3.443002747997525, 3.3232381109992275, 3.59024644899182, 3.5055594539880985, 3.631400352998753, 3.5575518559926422, 3.6582827669917606, 3.6984713779966114, 3.7652396699995734, 3.8582215739879757, 3.9065347329888027, 3.987170338994474, 3.946047972989618, 3.81588943398674, 4.046551128994906, 4.099344114991254, 4.137339767999947, 4.189060474993312, 4.269692789996043, 4.188669755996671, 4.319804996994208, 4.42819577899354, 4.381620930987992, 4.5485433809953975, 4.47229205298936, 4.510715802985942, 4.585956190989236, 4.6363847789907595, 4.669980680992012], "final_accuracy": ["accuracy", 0.4]}