{"trial_id": [0, 1, 2, 3, 4, 5, 6, 7, 8, 9, 10, 11, 12, 13, 14, 15, 16, 17, 18, 19, 20, 21, 22, 23, 24, 25, 26, 27, 28, 29, 30, 31, 32, 33, 34, 35, 36, 37, 38, 39, 40, 41, 42, 43, 44, 45, 46, 47, 48, 49, 50, 51, 52, 53, 54, 55, 56, 57, 58, 59, 60, 61, 62, 63, 64, 65, 66, 67, 68, 69, 70, 71, 72, 73, 74, 75, 76, 77, 78, 79, 80, 81, 82, 83, 84, 85, 86, 87, 88, 89, 90, 91, 92, 93, 94, 95, 96, 97, 98, 99], "cv_accuracy": [0.0, 0.0, 0.0, 0.0, 0.0, 0.0, 0.0, 0.0, 0.0, 0.0, 0.0, 0.0, 0.0, 0.0, 0.0, 0.0, 0.0, 0.0, 0.0, 0.0, 0.0, 0.0, 0.0, 0.0, 0.0, 0.0, 0.0, 0.0, 0.0, 0.0, 0.0, 0.0, 0.0, 0.0, 0.0, 0.0, 0.0, 0.0, 0.0, 0.0, 0.0, 0.0, 0.0, 0.0, 0.0, 0.0, 0.0, 0.0, 0.0, 0.0, 0.0, 0.0, 0.0, 0.0, 0.0, 0.0, 0.0, 0.0, 0.0, 0.0, 0.0, 0.0, 0.0, 0.0, 0.0, 0.0, 0.0, 0.0, 0.0, 0.0, 0.0, 0.0, 0.0, 0.0, 0.0, 0.0, 0.0, 0.0, 0.0, 0.0, 0.0, 0.0, 0.0, 0.0, 0.0, 0.0, 0.0, 0.0, 0.0, 0.0, 0.0, 0.0, 0.0, 0.0, 0.0, 0.0, 0.0, 0.0, 0.0, 0.0], "timestamp": [0.11133578799490351, 0.20283788799133617, 0.20568885900138412, 0.16035176799050532, 0.20324710899149068, 0.20517749799182639, 0.458593146991916, 0.49655755500134546, 0.4946335779968649, 0.6098135060019558, 0.3986631000007037, 0.5705721199919935, 0.6719867569918279, 0.8887231169937877, 0.8156379559950437, 0.8162138749903534, 0.7761661319964333, 0.7313473120011622, 0.9491410810005618, 1.0126066090015229, 1.1312793580000289, 1.0530485899944324, 1.0913229689904256, 1.1781129619921558, 1.227782968999236, 1.2910738419886911, 1.3331709219928598, 1.4117311329900986, 1.3339218569890363, 1.4584739499987336, 1.5075962729897583, 1.5732318469963502, 1.6547960579919163, 1.6901902190002147, 1.6146567039977526, 1.7363995060004527, 1.7790276460000314, 1.8446326199918985, 1.8872574209963204, 1.9266284569894196, 1.9257315329887206, 2.0445227359887213, 2.010962453990942, 2.1552051809994737, 2.1944571229978465, 2.1184698959987145, 2.2367766739916988, 2.325163973000599, 2.275402993996977, 2.4001697539933957, 2.4774616259965114, 2.437616657000035, 2.5171330649900483, 2.5857194409909425, 2.5583677789982175, 2.662156935999519, 2.777618241001619, 2.739508312995895, 2.8209998219972476, 2.86926679899625, 2.704285271000117, 2.9301805419963785, 2.974202534998767, 3.0794595049956115, 3.043473775993334, 3.0025344129971927, 3.129452349996427, 3.2450772559968755, 3.407840611995198, 3.2811637229897315, 3.362386412001797, 3.2012179059966, 3.3270905029930873, 3.478380130996811, 3.519778639994911, 3.5619710789906094, 3.6757031369925244, 3.638964126992505, 3.6041448049945757, 3.787471787989489, 3.874218591998215, 3.7459730690025026, 3.9603671039949404, 3.921862148999935, 3.7880658310023136, 4.025659804989118, 4.109940604001167, 4.110278899999685, 4.066675857990049, 4.240640528994845, 4.194429397000931, 4.312874713999918, 4.353485016996274, 4.434267126998748, 4.3997048279998126, 4.50912379399233, 4.436129722002079, 4.601407002002816, 4.551840631989762, 4.631906971990247], "final_accuracy": ["accuracy", 0.375]}