{"trial_id": [0, 1, 2, 3, 4, 5, 6, 7, 8, 9, 10, 11, 12, 13, 14, 15, 16, 17, 18, 19, 20, 21, 22, 23, 24, 25, 26, 27, 28, 29, 30, 31, 32, 33, 34, 35, 36, 37, 38, 39, 40, 41, 42, 43, 44, 45, 46, 47, 48, 49, 50, 51, 52, 53, 54, 55, 56, 57, 58, 59, 60, 61, 62, 63, 64, 65, 66, 67, 68, 69, 70, 71, 72, 73, 74, 75, 76, 77, 78, 79, 80, 81, 82, 83, 84, 85, 86, 87, 88, 89, 90, 91, 92, 93, 94, 95, 96, 97, 98, 99], "cv_accuracy": [0.0, 0.0, 0.0, 0.0, 0.0, 0.0, 0.0, 0.0, 0.0, 0.0, 0.0, 0.0, 0.0, 0.0, 0.0, 0.0, 0.0, 0.0, 0.0, 0.0, 0.0, 0.0, 0.0, 0.0, 0.0, 0.0, 0.0, 0.0, 0.0, 0.0, 0.0, 0.0, 0.0, 0.0, 0.0, 0.0, 0.0, 0.0, 0.0, 0.0, 0.0, 0.0, 0.0, 0.0, 0.0, 0.0, 0.0, 0.0, 0.0, 0.0, 0.0, 0.0, 0.0, 0.0, 0.0, 0.0, 0.0, 0.0, 0.0, 0.0, 0.0, 0.0, 0.0, 0.0, 0.0, 0.0, 0.0, 0.0, 0.0, 0.0, 0.0, 0.0, 0.0, 0.0, 0.0, 0.0, 0.0, 0.0, 0.0, 0.0, 0.0, 0.0, 0.0, 0.0, 0.0, 0.0, 0.0, 0.0, 0.0, 0.0, 0.0, 0.0, 0.0, 0.0, 0.0, 0.0, 0.0, 0.0, 0.0, 0.0], "timestamp": [0.12166858300042804, 0.25393697200343013, 0.254322779001086, 0.12220936801168136, 0.251315733010415, 0.12118652800563723, 0.4622354580060346, 0.6119444820069475, 0.5762291340070078, 0.5008983140141936, 0.5006628130067838, 0.3901610500033712, 0.6523587550036609, 0.7308268430060707, 0.8453783970035147, 0.9220996860094601, 0.7301472070103046, 0.7655108260078123, 0.8811010640056338, 1.04507512600685, 1.125190389007912, 1.0444053190003615, 1.1663149060041178, 1.2097967370063998, 1.003259920005803, 1.2837160650087753, 1.4051604289998068, 1.361841419013217, 1.2839399940130534, 1.4811935180041473, 1.4454846300068311, 1.6471402780007338, 1.689132438012166, 1.607141168002272, 1.72825593300513, 1.7880375380045734, 1.5670329040003708, 1.8860393260110868, 1.9267175440036226, 2.010042042005807, 1.9706418570131063, 1.844353027001489, 2.0629609170136973, 2.1256296610081336, 2.1672546370100463, 2.1669140400044853, 2.287194378004642, 2.246107850005501, 2.3338365290110232, 2.431845680999686, 2.514345740011777, 2.4746090960106812, 2.513777772008325, 2.4002946150139906, 2.5970718070020666, 2.67313019100402, 2.749538244010182, 2.78554613700544, 2.864566858013859, 2.7094884910038672, 2.7876670750119956, 3.0324026750022313, 2.995275485009188, 3.064839414000744, 3.1429234160023043, 3.0646005790040363, 2.9420509450137615, 3.208987853009603, 3.3143640570051502, 3.3905766360112466, 3.3909967920044437, 3.348529701004736, 3.2722029100114014, 3.483946148000541, 3.589407730003586, 3.729727374011418, 3.6387230130058015, 3.7635048780066427, 3.5461886930133915, 3.688012387006893, 3.8198824290011544, 3.8563026070041815, 3.9073908350110287, 3.959883808012819, 4.032787577001727, 3.9945244490081677, 4.134943075012416, 4.086547348008025, 4.175481810001656, 4.304657646003761, 4.231040942002437, 4.267019044011249, 4.3589375330047915, 4.445686893013772, 4.406663826011936, 4.541097218010691, 4.575410678007756, 4.5065198260126635, 4.6104798590095015, 4.65044495400798], "final_accuracy": ["accuracy", 0.275]}