{"trial_id": [0, 1, 2, 3, 4, 5, 6, 7, 8, 9, 10, 11, 12, 13, 14, 15, 16, 17, 18, 19, 20, 21, 22, 23, 24, 25, 26, 27, 28, 29, 30, 31, 32, 33, 34, 35, 36, 37, 38, 39, 40, 41, 42, 43, 44, 45, 46, 47, 48, 49, 50, 51, 52, 53, 54, 55, 56, 57, 58, 59, 60, 61, 62, 63, 64, 65, 66, 67, 68, 69, 70, 71, 72, 73, 74, 75, 76, 77, 78, 79, 80, 81, 82, 83, 84, 85, 86, 87, 88, 89, 90, 91, 92, 93, 94, 95, 96, 97, 98, 99], "cv_accuracy": [0.0, 0.0, 0.0, 0.0, 0.0, 0.0, 0.0, 0.0, 0.0, 0.0, 0.0, 0.0, 0.0, 0.0, 0.0, 0.0, 0.0, 0.0, 0.0, 0.0, 0.0, 0.0, 0.0, 0.0, 0.0, 0.0, 0.0, 0.0, 0.0, 0.0, 0.0, 0.0, 0.0, 0.0, 0.0, 0.0, 0.0, 0.0, 0.0, 0.0, 0.0, 0.0, 0.0, 0.0, 0.0, 0.0, 0.0, 0.0, 0.0, 0.0, 0.0, 0.0, 0.0, 0.0, 0.0, 0.0, 0.0, 0.0, 0.0, 0.0, 0.0, 0.0, 0.0, 0.0, 0.0, 0.0, 0.0, 0.0, 0.0, 0.0, 0.0, 0.0, 0.0, 0.0, 0.0, 0.0, 0.0, 0.0, 0.0, 0.0, 0.0, 0.0, 0.0, 0.0, 0.0, 0.0, 0.0, 0.0, 0.0, 0.0, 0.0, 0.0, 0.0, 0.0, 0.0, 0.0, 0.0, 0.0, 0.0, 0.0], "timestamp": [0.3046006449876586, 0.18169857999600936, 0.13554580698837526, 0.2601798629912082, 0.1345501209871145, 0.13480377598898485, 0.49582139699487016, 0.536410104992683, 0.5350912619906012, 0.535693319994607, 0.4499745229986729, 0.41805676498916, 0.7138653750007506, 0.714260379987536, 0.8012613359896932, 0.8429833779955516, 0.8831681239971658, 0.6774560819903854, 1.0117274509975687, 1.01089963800041, 0.9571649779973086, 1.0760135279997485, 1.1570769699901575, 1.1189129400008824, 1.22923267299484, 1.317214974988019, 1.3968619809893426, 1.357310179999331, 1.443592424999224, 1.2785428849892924, 1.509940142990672, 1.6303398179879878, 1.560368339996785, 1.6685504699999, 1.591083842999069, 1.7084566449921113, 1.7771920819941442, 1.919883951995871, 1.9956503699941095, 1.8773676149867242, 1.9194151400006376, 1.8339104899932863, 2.04325157799758, 2.1070824889902724, 2.150439638993703, 2.259834115000558, 2.1879434129950823, 2.227918560995022, 2.307844810988172, 2.3813305649964605, 2.4662480679980945, 2.429175220997422, 2.545194721998996, 2.4667199089890346, 2.5446617459965637, 2.6587046709901188, 2.658412109987694, 2.777744030987378, 2.778155465988675, 2.857504453000729, 2.7375958429911407, 2.9731716259993846, 2.9289968139928533, 3.0076678699988406, 3.134218418999808, 3.0962343019928085, 3.051183219999075, 3.2061248399986653, 3.361887166989618, 3.2870290409919107, 3.249117524988833, 3.4116394459997537, 3.287930085993139, 3.477140901988605, 3.561500003997935, 3.682858458996634, 3.643687117000809, 3.527378995990148, 3.604468110992457, 3.7550016029999824, 3.838813010996091, 3.881184982994455, 3.922325166990049, 3.965741796986549, 3.803929950998281, 4.035265423997771, 4.1145395249914145, 4.082901678993949, 4.1535037430003285, 4.23138920198835, 4.1920356639893726, 4.303669482993428, 4.3526229149865685, 4.384077772992896, 4.457917250998435, 4.493887777993223, 4.383320414999616, 4.541153100988595, 4.587040206999518, 4.586894513995503], "final_accuracy": ["accuracy", 0.275]}