{"trial_id": [0, 1, 2, 3, 4, 5, 6, 7, 8, 9, 10, 11, 12, 13, 14, 15, 16, 17, 18, 19, 20, 21, 22, 23, 24, 25, 26, 27, 28, 29, 30, 31, 32, 33, 34, 35, 36, 37, 38, 39, 40, 41, 42, 43, 44, 45, 46, 47, 48, 49, 50, 51, 52, 53, 54, 55, 56, 57, 58, 59, 60, 61, 62, 63, 64, 65, 66, 67, 68, 69, 70, 71, 72, 73, 74, 75, 76, 77, 78, 79, 80, 81, 82, 83, 84, 85, 86, 87, 88, 89, 90, 91, 92, 93, 94, 95, 96, 97, 98, 99], "cv_accuracy": [0.0, 0.0, 0.0, 0.0, 0.0, 0.0, 0.0, 0.0, 0.0, 0.0, 0.0, 0.0, 0.0, 0.0, 0.0, 0.0, 0.0, 0.0, 0.0, 0.0, 0.0, 0.0, 0.0, 0.0, 0.0, 0.0, 0.0, 0.0, 0.0, 0.0, 0.0, 0.0, 0.0, 0.0, 0.0, 0.0, 0.0, 0.0, 0.0, 0.0, 0.0, 0.0, 0.0, 0.0, 0.0, 0.0, 0.0, 0.0, 0.0, 0.0, 0.0, 0.0, 0.0, 0.0, 0.0, 0.0, 0.0, 0.0, 0.0, 0.0, 0.0, 0.0, 0.0, 0.0, 0.0, 0.0, 0.0, 0.0, 0.0, 0.0, 0.0, 0.0, 0.0, 0.0, 0.0, 0.0, 0.0, 0.0, 0.0, 0.0, 0.0, 0.0, 0.0, 0.0, 0.0, 0.0, 0.0, 0.0, 0.0, 0.0, 0.0, 0.0, 0.0, 0.0, 0.0, 0.0, 0.0, 0.0, 0.0, 0.0], "timestamp": [0.17035750999639276, 0.2904273419990204, 0.255040095988079, 0.2109553810005309, 0.20916938199661672, 0.12253191600029822, 0.48472158100048546, 0.5232517219992587, 0.40250303299399093, 0.6015477929904591, 0.562003373997868, 0.43491325998911634, 0.6689058099873364, 0.7059512749983696, 0.8005770869931439, 0.8369931479974184, 0.8736674179963302, 0.7517383639933541, 0.9402125699998578, 0.9774979139911011, 1.0197315759869525, 1.1548003559873905, 1.115739130997099, 1.0591236249892972, 1.2186889679869637, 1.2554730419942643, 1.3339666760002729, 1.2908976409962634, 1.4354247989977011, 1.3821935179876164, 1.500372657988919, 1.53320319399063, 1.5654438019992085, 1.6041913309891243, 1.6474275999935344, 1.6971710689977044, 1.854761727998266, 1.931448442992405, 1.8118247799866367, 1.773362232997897, 1.8553737709880807, 1.9722042919893283, 2.1344592989917146, 2.094017867988441, 2.22218870499637, 2.178545378992567, 2.2230740239901934, 2.055871506992844, 2.4049527579918504, 2.364444160994026, 2.3265655389986932, 2.4483663110004272, 2.5229083049925976, 2.4887958990002517, 2.598602754995227, 2.7181405070004985, 2.59839512698818, 2.791695963998791, 2.6798773289920064, 2.7177702989865793, 2.9961622529954184, 2.9531376259983517, 3.0393288019986358, 3.0752219009882538, 2.875705721991835, 2.875220524991164, 3.228000647999579, 3.1894701849960256, 3.1475345969956834, 3.308878542986349, 3.270544702987536, 3.309199130992056, 3.4310056819958845, 3.472946375986794, 3.4725793049874483, 3.5502721199882217, 3.6255096169916214, 3.587916561999009, 3.819172752992017, 3.895823428989388, 3.8581834539945703, 3.753813099989202, 3.7531384819885716, 3.7101436389930313, 4.019427422987064, 4.144024346998776, 4.181731110991677, 4.064256107987603, 4.105335025000386, 3.9824758889881196, 4.292713069997262, 4.254143517988268, 4.330523477998213, 4.440988802991342, 4.36897263598803, 4.407850529998541, 4.506518335998408, 4.538109081986477, 4.538335855992045, 4.60675361599715], "final_accuracy": ["accuracy", 0.35]}