{"1": 0.16666666666666666, "2": 0.5833333333333334, "3": 0.5714285714285714, "4": 0.25}