{"1": 3.8456692695617676, "2": 4.047763347625732, "3": 4.180043935775757, "4": 3.649251699447632}