{"4":0.673076923076923,"1":0.346153846153846,"3":0.903846153846154,"2":0.961538461538462}
