{"4":2.98859405517578,"1":3.65578556060791,"3":4.20466780662537,"2":4.35771059989929}
