{"2":0.80952380952381,"1":0.828571428571429,"3":0.542857142857143,"4":0.888888888888889}
