{"2":2.82708716392517,"1":2.69727492332458,"3":2.27809047698975,"4":2.37590551376343}
