{"2":0.773809523809524,"1":0.847619047619048,"3":0.676190476190476,"4":0.880952380952381}
