{"2":0.731470584869385,"1":0.71714186668396,"3":0.681570291519165,"4":1.31275534629822}
