{"3":2.07659029960632,"4":6.76054072380066,"1":6.84402441978455,"2":6.48699855804443}
