{"1": 0.8452380952380952, "2": 0.7904761904761904, "3": 0.8952380952380953, "4": 0.8253968253968254}