{"1": 13.035459518432617, "2": 12.421358823776245, "3": 13.562196731567383, "4": 12.600128412246704}