{"1": 0.6076923076923076, "2": 0.3870967741935484, "3": 0.5287356321839081, "4": 0.2903225806451613}