{"1": 18.58818030357361, "2": 17.612732410430908, "3": 17.324711799621582, "4": 16.16457986831665}