{"trial_id": [0, 1, 2, 3, 4, 5, 6, 7, 8, 9, 10, 11, 12, 13, 14, 15, 16, 17, 18, 19, 20, 21, 22, 23, 24, 25, 26, 27, 28, 29, 30, 31, 32, 33, 34, 35, 36, 37, 38, 39, 40, 41, 42, 43, 44, 45, 46, 47, 48, 49, 50, 51, 52, 53, 54, 55, 56, 57, 58, 59, 60, 61, 62, 63, 64, 65, 66, 67, 68, 69, 70, 71, 72, 73, 74, 75, 76, 77, 78, 79, 80, 81, 82, 83, 84, 85, 86, 87, 88, 89, 90, 91, 92, 93, 94, 95, 96, 97, 98, 99], "cv_accuracy": [0.4375, 0.6, 0.59375, 0.1125, 0.55625, 0.575, 0.1125, 0.1125, 0.1125, 0.1125, 0.1125, 0.1125, 0.1125, 0.6625, 0.1125, 0.44375, 0.7375, 0.6375, 0.1125, 0.1125, 0.68125, 0.5625, 0.53125, 0.5625, 0.575, 0.475, 0.53125, 0.1125, 0.5, 0.55625, 0.1125, 0.1125, 0.1125, 0.575, 0.58125, 0.1125, 0.55, 0.44375, 0.60625, 0.575, 0.1125, 0.5625, 0.78125, 0.1125, 0.1125, 0.74375, 0.1125, 0.575, 0.5, 0.40625, 0.575, 0.13125, 0.1125, 0.6875, 0.51875, 0.1125, 0.66875, 0.1125, 0.1125, 0.40625, 0.11875, 0.1125, 0.125, 0.50625, 0.575, 0.6375, 0.2, 0.11875, 0.1125, 0.1125, 0.1125, 0.54375, 0.5125, 0.1125, 0.1125, 0.1125, 0.49375, 0.6375, 0.575, 0.1125, 0.1125, 0.1125, 0.6, 0.13125, 0.1125, 0.11875, 0.76875, 0.6625, 0.1125, 0.1125, 0.5625, 0.64375, 0.5625, 0.625, 0.1125, 0.1125, 0.625, 0.5125, 0.625, 0.1125], "timestamp": [0.35793252900475636, 0.16079201200045645, 0.3114698249992216, 0.08819818300253246, 0.20697131799533963, 1.1212874589982675, 0.24814430299738888, 0.3966646530025173, 0.48049249799805693, 0.4378279240045231, 0.5463524270016933, 0.6308323650009697, 0.6664023939956678, 1.924250309006311, 0.5840359470021212, 1.5942821009957697, 0.8459057680011028, 1.7513826539943693, 0.7286252250050893, 0.7823278099967865, 0.9609438350016717, 1.053024346998427, 1.34367494500475, 1.1875566600065213, 1.255702366004698, 1.3060585290077142, 2.004456908995053, 1.4167514099972323, 1.4974806060054107, 3.353006881006877, 1.5516209740017075, 1.6913150080072228, 1.6549821109947516, 2.1873271869990276, 1.802052992003155, 1.863612690998707, 2.0766473450057674, 3.4830660360021284, 2.2530770730081713, 2.599094706994947, 2.148009804994217, 2.2996121519972803, 6.0486924610013375, 2.3958026699983748, 2.3606100260076346, 2.5340179880004143, 2.457331145997159, 3.086191203998169, 2.656329885998275, 2.6996506529976614, 2.8926492710015737, 2.775077976999455, 2.829818054000498, 6.439009226000053, 2.959657398998388, 3.0126440309977625, 5.389408365008421, 3.137551617997815, 3.188400108003407, 3.4092194279946852, 3.750235622006585, 3.711899290996371, 3.5427184970030794, 3.608012783995946, 3.6677245650062105, 3.9291917140071746, 3.8741915940045146, 3.8337417260045186, 4.021177003000048, 3.9810325400030706, 4.074264732000302, 4.148046417001751, 4.459212583999033, 4.187097375004669, 4.292985631007468, 4.249387864998425, 4.73212743899785, 4.377272369994898, 4.564771934994496, 4.514981750005973, 4.6101096689963015, 4.673695225996198, 4.9315312190010445, 4.844675410000491, 4.788558408006793, 5.015410602005431, 6.272358408998116, 5.832683215994621, 5.066409923005267, 5.118088101007743, 5.17310407399782, 5.250345020001987, 5.33718234099797, 5.437997910994454, 5.490948392995051, 5.538769342005253, 5.675414163008099, 5.596734841004945, 5.791347446007421, 5.728383672001655], "final_accuracy": ["accuracy", 0.775]}