{"trial_id": [0, 1, 2, 3, 4, 5, 6, 7, 8, 9, 10, 11, 12, 13, 14, 15, 16, 17, 18, 19, 20, 21, 22, 23, 24, 25, 26, 27, 28, 29, 30, 31, 32, 33, 34, 35, 36, 37, 38, 39, 40, 41, 42, 43, 44, 45, 46, 47, 48, 49, 50, 51, 52, 53, 54, 55, 56, 57, 58, 59, 60, 61, 62, 63, 64, 65, 66, 67, 68, 69, 70, 71, 72, 73, 74, 75, 76, 77, 78, 79, 80, 81, 82, 83, 84, 85, 86, 87, 88, 89, 90, 91, 92, 93, 94, 95, 96, 97, 98, 99], "cv_accuracy": [0.10625, 0.10625, 0.41875, 0.10625, 0.41875, 0.10625, 0.10625, 0.66875, 0.5, 0.10625, 0.7375, 0.51875, 0.10625, 0.5125, 0.51875, 0.56875, 0.375, 0.10625, 0.58125, 0.7375, 0.5125, 0.10625, 0.6, 0.775, 0.13125, 0.85, 0.80625, 0.13125, 0.50625, 0.5125, 0.10625, 0.13125, 0.56875, 0.13125, 0.10625, 0.58125, 0.55625, 0.4875, 0.4875, 0.10625, 0.10625, 0.13125, 0.5125, 0.10625, 0.80625, 0.5625, 0.7375, 0.8, 0.56875, 0.5625, 0.4875, 0.10625, 0.50625, 0.10625, 0.10625, 0.10625, 0.10625, 0.10625, 0.10625, 0.10625, 0.10625, 0.6125, 0.10625, 0.5875, 0.63125, 0.10625, 0.5125, 0.51875, 0.10625, 0.59375, 0.10625, 0.475, 0.10625, 0.74375, 0.10625, 0.325, 0.51875, 0.10625, 0.55, 0.10625, 0.5875, 0.59375, 0.74375, 0.10625, 0.10625, 0.10625, 0.45, 0.1125, 0.10625, 0.1125, 0.7125, 0.775, 0.68125, 0.69375, 0.39375, 0.10625, 0.50625, 0.5, 0.10625, 0.13125], "timestamp": [0.08374829700915143, 0.1991462950099958, 0.596988601013436, 0.15828062601212878, 0.7892005870089633, 0.11907801301276777, 0.3163175830122782, 0.5300816840026528, 0.9120858430105727, 0.2629381930019008, 1.4431082970113494, 0.40889190600137226, 0.46266808100335766, 0.6762712660129182, 0.5967724150104914, 0.8350521580141503, 1.7661963999998989, 0.7412053950101836, 1.0352577620069496, 1.1211638770037098, 1.1929944600124145, 0.9819767860026332, 1.2648566640127683, 2.8236316700058524, 1.302711721000378, 1.4865989910031203, 2.0880087470141007, 1.3920469690056052, 1.693838888008031, 2.320737332003773, 1.5466618650098098, 1.6349617040104931, 2.4899092920095427, 1.8790270650060847, 1.8303404570033308, 1.9648615870100912, 2.021327205002308, 2.5894439770054305, 2.202380755014019, 2.1454552190116374, 2.2374210770067293, 2.3642521950096125, 3.4238620340038324, 2.429751950010541, 5.951830848003738, 2.521978865013807, 3.0913615280005615, 2.69114544801414, 2.9356890420021955, 2.742248284004745, 3.5899301700119395, 2.8895862980134552, 3.5486887830047635, 2.9900943330139853, 3.043079781011329, 3.134774190009921, 3.230705719004618, 3.195394745009253, 3.3454455560131464, 3.2931004650017712, 3.3854734740016283, 3.7181436830142047, 3.50034271000186, 3.8068068970023887, 3.768829086009646, 3.6633174380112905, 4.034832563003874, 4.091122755009565, 3.869210272008786, 4.209095790007268, 3.912232396003674, 4.532866388006369, 3.979094731999794, 5.503621930009103, 4.138435206012218, 4.320232403013506, 4.568602160012233, 4.460620264013414, 4.375446834004833, 4.429523628001334, 4.626149841002189, 4.727947339008097, 4.934403528008261, 4.6770022150012664, 4.76628619999974, 4.819292946005589, 5.174748418008676, 4.972115958007635, 4.878437683000811, 5.232481717001065, 5.893078590001096, 5.2897343060030835, 6.581550791001064, 6.87861116201384, 5.369996902009007, 5.420308633008972, 5.747364715003641, 5.605845830999897, 5.6566812450037105, 5.747459327001707], "final_accuracy": ["accuracy", 0.75]}