{"trial_id": [0, 1, 2, 3, 4, 5, 6, 7, 8, 9, 10, 11, 12, 13, 14, 15, 16, 17, 18, 19, 20, 21, 22, 23, 24, 25, 26, 27, 28, 29, 30, 31, 32, 33, 34, 35, 36, 37, 38, 39, 40, 41, 42, 43, 44, 45, 46, 47, 48, 49, 50, 51, 52, 53, 54, 55, 56, 57, 58, 59, 60, 61, 62, 63, 64, 65, 66, 67, 68, 69, 70, 71, 72, 73, 74, 75, 76, 77, 78, 79, 80, 81, 82, 83, 84, 85, 86, 87, 88, 89, 90, 91, 92, 93, 94, 95, 96, 97, 98, 99], "cv_accuracy": [0.1, 0.475, 0.55625, 0.11875, 0.5125, 0.1, 0.44375, 0.1, 0.1, 0.48125, 0.1, 0.5125, 0.51875, 0.76875, 0.475, 0.65625, 0.10625, 0.1, 0.5125, 0.1, 0.49375, 0.5125, 0.4875, 0.49375, 0.1, 0.1, 0.45, 0.1, 0.1, 0.83125, 0.1, 0.1, 0.76875, 0.45, 0.1, 0.7125, 0.1, 0.5125, 0.49375, 0.725, 0.66875, 0.1, 0.1, 0.49375, 0.51875, 0.5125, 0.1, 0.46875, 0.49375, 0.50625, 0.1, 0.51875, 0.25, 0.39375, 0.45, 0.46875, 0.725, 0.475, 0.84375, 0.475, 0.1, 0.76875, 0.16875, 0.775, 0.49375, 0.1, 0.53125, 0.4375, 0.50625, 0.1, 0.51875, 0.74375, 0.8375, 0.43125, 0.1, 0.1, 0.20625, 0.53125, 0.48125, 0.1, 0.5375, 0.10625, 0.80625, 0.8, 0.1, 0.1, 0.10625, 0.4875, 0.1, 0.4875, 0.21875, 0.1, 0.1, 0.1, 0.45625, 0.1, 0.55625, 0.1, 0.1, 0.5125], "timestamp": [0.12252098199678585, 0.7837839839921799, 0.3325145519920625, 0.23299102099554148, 0.2930322059983155, 0.08296106199850328, 1.0583533619937953, 0.1954149089870043, 0.3906188029941404, 0.6022283450001851, 0.4532663539866917, 1.203688661000342, 0.49516076099826023, 1.8552350879908772, 0.7367477779916953, 0.6674079059885116, 0.8345574189879699, 0.8875143329933053, 1.9578811249957653, 0.9454064699966693, 1.0229366779967677, 1.1674062779929955, 1.9997516429866664, 1.1280484729941236, 1.2794182989891851, 1.3257706339936703, 1.4778537989914184, 1.4184997609991115, 1.3880765409994638, 1.9122526469873264, 1.5189150919904932, 1.5888320339872735, 3.5188382229971467, 1.6473916769900825, 1.7004816549888346, 1.7713953539932845, 1.8242052439891268, 2.1008571419952204, 2.1683983569964767, 2.829615410999395, 2.9647364519914845, 2.0652171289984835, 2.2552768099994864, 2.2113433639897266, 3.218986188992858, 2.5219866029947298, 2.3191178449924337, 2.3764389859861694, 2.4463748869893607, 2.613986787997419, 2.579012979986146, 3.0310357669950463, 2.678277407991118, 2.7362891169905197, 2.7941818669933127, 2.9041936389985494, 4.685425484000007, 3.069872457999736, 3.583826974994736, 3.2853291049977997, 3.134431553989998, 3.882291940986761, 3.3399074939952698, 3.6384949189960025, 3.4102466069889488, 3.680684554987238, 3.836088846990606, 4.470908688992495, 4.583640330994967, 3.7454070069943555, 4.013392458989983, 4.422898146993248, 3.9687140049936716, 4.116040326989605, 4.080484049991355, 4.236102335999021, 4.183925711986376, 4.38270498199563, 4.335080952994758, 4.522229338996112, 4.774317155999597, 4.72514907499135, 5.602068939988385, 5.857012580992887, 4.6533566909929505, 4.895611558997189, 4.941124157994636, 5.482101655987208, 4.844370655991952, 5.1494484419963555, 5.101148724992527, 5.008525145996828, 5.713478252990171, 5.215426627997658, 5.255766270987806, 5.369863217987586, 5.323054222986684, 5.425304097996559, 5.525356963989907, 5.633540385999368], "final_accuracy": ["accuracy", 0.825]}