{"trial_id": [0, 1, 2, 3, 4, 5, 6, 7, 8, 9, 10, 11, 12, 13, 14, 15, 16, 17, 18, 19, 20, 21, 22, 23, 24, 25, 26, 27, 28, 29, 30, 31, 32, 33, 34, 35, 36, 37, 38, 39, 40, 41, 42, 43, 44, 45, 46, 47, 48, 49, 50, 51, 52, 53, 54, 55, 56, 57, 58, 59, 60, 61, 62, 63, 64, 65, 66, 67, 68, 69, 70, 71, 72, 73, 74, 75, 76, 77, 78, 79, 80, 81, 82, 83, 84, 85, 86, 87, 88, 89, 90, 91, 92, 93, 94, 95, 96, 97, 98, 99], "cv_accuracy": [0.525, 0.10625, 0.5375, 0.1, 0.475, 0.475, 0.54375, 0.60625, 0.7, 0.775, 0.5, 0.1, 0.23125, 0.44375, 0.35625, 0.4625, 0.475, 0.41875, 0.53125, 0.1, 0.1, 0.1, 0.45625, 0.475, 0.66875, 0.4625, 0.575, 0.45, 0.54375, 0.5, 0.1, 0.48125, 0.53125, 0.1, 0.34375, 0.45, 0.475, 0.425, 0.525, 0.525, 0.10625, 0.125, 0.1, 0.1, 0.1, 0.53125, 0.575, 0.6875, 0.1, 0.1, 0.45625, 0.1, 0.125, 0.1, 0.6375, 0.1, 0.4625, 0.5, 0.1, 0.56875, 0.1, 0.45625, 0.1, 0.1, 0.1, 0.4375, 0.1, 0.45, 0.53125, 0.125, 0.125, 0.1, 0.1, 0.125, 0.1, 0.1, 0.7125, 0.575, 0.1, 0.1, 0.45625, 0.1, 0.125, 0.51875, 0.46875, 0.50625, 0.1, 0.125, 0.5625, 0.475, 0.4375, 0.5125, 0.725, 0.33125, 0.10625, 0.10625, 0.1, 0.125, 0.7875, 0.4375], "timestamp": [0.2566689579980448, 0.20635809100349434, 0.8474418789992342, 0.06810859599499963, 0.4603675249963999, 0.41906018799636513, 0.1534063889994286, 1.7134780310007045, 0.34405873200739734, 1.2894699400058016, 0.8074340210005175, 0.5750558099971386, 0.5220934109966038, 0.6369939910073299, 1.327924946002895, 0.6933769099996425, 1.216023986999062, 0.963184446998639, 0.9251241739984835, 1.0758021810033824, 1.0268430300056934, 1.1316626549960347, 1.6734540930046933, 1.3684049770090496, 5.675065938004991, 1.6131590550066903, 1.4516015900007915, 1.830398612000863, 1.515926918000332, 1.5724808759987354, 1.760642249006196, 2.1869978089962387, 1.9148695939948084, 1.8687117980007315, 1.9928979990072548, 2.7180131700006314, 2.3154388969996944, 3.4966805370058864, 2.078079794999212, 2.234908797996468, 2.3597321169945644, 2.410690593998879, 2.4720666670036735, 2.5560116470005596, 2.5091969649947714, 2.6140064100036398, 4.421345594004379, 2.8413302510016365, 2.6762190790032037, 2.7917634129989892, 3.163995398004772, 2.886894723007572, 3.017989172003581, 2.9470661460072733, 3.6988837840035558, 3.0710218290041666, 3.3881585229974007, 3.2601393810036825, 3.312351308995858, 3.548278094007401, 3.462870186995133, 4.7196863510034746, 3.6069602810021024, 3.6450954409956466, 3.8006858510052552, 4.615159344000858, 3.7614984440006083, 3.876105314004235, 3.955568065008265, 4.015998382004909, 4.124236603005556, 4.077184919005958, 4.184526167999138, 4.313921155000571, 4.2500485310010845, 4.313725877000252, 4.896298432999174, 5.609009057006915, 4.485522807997768, 4.550589575999766, 4.6508181690005586, 4.759103357006097, 4.83321309099847, 4.984122945999843, 5.362841869995464, 4.896662498998921, 5.046107810005196, 5.169404982996639, 5.126264781007194, 5.241797427996062, 6.447843504996854, 5.291337072005263, 5.874029664002592, 5.769712508001248, 5.426045084008365, 5.491504995996365, 5.558389576006448, 5.810335137997754, 6.234758742997656, 6.284813460995792], "final_accuracy": ["accuracy", 0.95]}