{"trial_id": [0, 1, 2, 3, 4, 5, 6, 7, 8, 9, 10, 11, 12, 13, 14, 15, 16, 17, 18, 19, 20, 21, 22, 23, 24, 25, 26, 27, 28, 29, 30, 31, 32, 33, 34, 35, 36, 37, 38, 39, 40, 41, 42, 43, 44, 45, 46, 47, 48, 49, 50, 51, 52, 53, 54, 55, 56, 57, 58, 59, 60, 61, 62, 63, 64, 65, 66, 67, 68, 69, 70, 71, 72, 73, 74, 75, 76, 77, 78, 79, 80, 81, 82, 83, 84, 85, 86, 87, 88, 89, 90, 91, 92, 93, 94, 95, 96, 97, 98, 99], "cv_accuracy": [0.1125, 0.6125, 0.6, 0.71875, 0.7875, 0.4625, 0.11875, 0.1125, 0.35625, 0.85, 0.10625, 0.10625, 0.10625, 0.10625, 0.10625, 0.7375, 0.1125, 0.1125, 0.10625, 0.1125, 0.10625, 0.825, 0.10625, 0.1125, 0.10625, 0.10625, 0.50625, 0.75, 0.425, 0.7125, 0.10625, 0.10625, 0.10625, 0.69375, 0.10625, 0.10625, 0.10625, 0.10625, 0.1125, 0.10625, 0.11875, 0.46875, 0.41875, 0.10625, 0.5875, 0.1125, 0.58125, 0.58125, 0.375, 0.10625, 0.10625, 0.575, 0.11875, 0.54375, 0.7, 0.4375, 0.83125, 0.475, 0.49375, 0.10625, 0.8, 0.1125, 0.11875, 0.10625, 0.1125, 0.10625, 0.10625, 0.65, 0.10625, 0.10625, 0.7875, 0.10625, 0.10625, 0.1125, 0.46875, 0.5125, 0.48125, 0.48125, 0.10625, 0.725, 0.575, 0.5125, 0.10625, 0.11875, 0.48125, 0.7375, 0.48125, 0.1125, 0.78125, 0.10625, 0.10625, 0.10625, 0.10625, 0.74375, 0.1125, 0.1125, 0.66875, 0.5875, 0.59375, 0.7625], "timestamp": [0.09810167900286615, 0.09827029801090248, 6.1986228020105045, 0.7194215510098729, 0.24675828900944907, 0.7805478530062828, 0.35982241200690623, 0.1980957670020871, 0.9353109280054923, 1.3785427370021353, 0.4140248449984938, 0.46749551300308667, 0.5268672920065001, 0.5955660370091209, 0.6502129750006134, 1.015152453997871, 0.8157014840107877, 0.9738827690016478, 0.875601863997872, 1.21664432399848, 1.121845685003791, 2.3308311180007877, 1.0765257890016073, 1.255671535996953, 1.181239572004415, 1.3264463000086835, 1.4421973590069683, 1.549695342007908, 2.0737974630028475, 2.122531606000848, 1.49761325000145, 1.5875903560081497, 1.6635236380097922, 2.2484741720109014, 1.7195819990010932, 1.7915746630023932, 1.8491324710048502, 1.9055661070015049, 1.9786954400042305, 2.0355411659984384, 2.1905135859997245, 3.043938943010289, 2.851023580005858, 2.284941511010402, 3.0953436870040605, 2.397498717007693, 2.469362411997281, 2.503673293002066, 3.0050299529975746, 2.566531496006064, 2.6354933330003405, 2.7321976070088567, 2.813892856996972, 2.926709744002437, 3.6941173170052934, 3.1335557740094373, 3.395595121997758, 4.0651430989964865, 3.52346358000068, 3.1937889600085327, 3.255733184007113, 3.3260315810039174, 5.5143622100003995, 3.460238047002349, 3.6354525790084153, 3.588281784002902, 3.747961089000455, 3.8435878099990077, 3.7864823109994177, 3.9059505729965167, 4.2335051389964065, 3.949071687005926, 4.021035108002252, 4.17837809699995, 4.822548390002339, 4.127697094008909, 4.3686096879973775, 4.682467639999231, 4.293545484004426, 4.781175213996903, 4.42516207000881, 4.486710227996809, 4.539573508998728, 4.643759697006317, 5.085423848009668, 5.392223974005901, 5.352325586005463, 4.900085563000175, 4.972366283996962, 5.0369430700084195, 5.187768233008683, 5.143503812010749, 5.242752210004255, 5.596017229006975, 5.306700127010117, 5.448217180004576, 7.97992880899983, 5.699457851005718, 5.752077972996631, 5.9211187879991485], "final_accuracy": ["accuracy", 0.85]}