{"trial_id": [0, 1, 2, 3, 4, 5, 6, 7, 8, 9, 10, 11, 12, 13, 14, 15, 16, 17, 18, 19, 20, 21, 22, 23, 24, 25, 26, 27, 28, 29, 30, 31, 32, 33, 34, 35, 36, 37, 38, 39, 40, 41, 42, 43, 44, 45, 46, 47, 48, 49, 50, 51, 52, 53, 54, 55, 56, 57, 58, 59, 60, 61, 62, 63, 64, 65, 66, 67, 68, 69, 70, 71, 72, 73, 74, 75, 76, 77, 78, 79, 80, 81, 82, 83, 84, 85, 86, 87, 88, 89, 90, 91, 92, 93, 94, 95, 96, 97, 98, 99], "cv_accuracy": [0.10625, 0.3875, 0.1125, 0.10625, 0.1125, 0.10625, 0.45625, 0.10625, 0.10625, 0.425, 0.13125, 0.5125, 0.10625, 0.10625, 0.5125, 0.10625, 0.775, 0.49375, 0.10625, 0.10625, 0.23125, 0.10625, 0.1125, 0.35, 0.13125, 0.75625, 0.1125, 0.4625, 0.43125, 0.3125, 0.10625, 0.33125, 0.525, 0.10625, 0.56875, 0.10625, 0.10625, 0.70625, 0.51875, 0.10625, 0.475, 0.51875, 0.10625, 0.5375, 0.10625, 0.45, 0.5375, 0.5, 0.51875, 0.5, 0.50625, 0.49375, 0.13125, 0.10625, 0.13125, 0.125, 0.10625, 0.1125, 0.44375, 0.44375, 0.10625, 0.4875, 0.10625, 0.49375, 0.10625, 0.425, 0.10625, 0.48125, 0.10625, 0.51875, 0.45, 0.10625, 0.10625, 0.38125, 0.35, 0.10625, 0.10625, 0.1125, 0.45, 0.10625, 0.5, 0.24375, 0.475, 0.10625, 0.10625, 0.475, 0.15, 0.51875, 0.45, 0.3875, 0.13125, 0.10625, 0.10625, 0.4625, 0.50625, 0.50625, 0.74375, 0.10625, 0.10625, 0.48125], "timestamp": [0.17172625199600589, 0.24655481400259305, 0.31868063399451785, 0.08725520099687856, 0.41176517998974305, 0.13194419599312823, 1.4954258859943366, 0.3664589269901626, 0.2464085309911752, 0.7882416170032229, 0.6797950390027836, 1.2336672469973564, 0.49845646700123325, 0.5337701289972756, 0.7357569049927406, 0.6166147539915983, 1.6054027049976867, 0.857986406001146, 0.8948688079981366, 0.9390715759946033, 1.0773239479894983, 1.0182001119974302, 1.1274781809916021, 1.3980058320012176, 1.3448861429933459, 2.1538180030038347, 1.3110704680002527, 1.649890932996641, 2.3625172169995494, 2.363067892991239, 1.5517289389972575, 2.234111539000878, 1.817796962990542, 1.7207618160027778, 1.9353259399940725, 1.8813440349913435, 1.9889444790023845, 2.6157252050034003, 2.0617072869936237, 2.1246421099931467, 4.009208707997459, 2.46447820198955, 2.2924535679921973, 6.104911999995238, 2.507774589001201, 2.76963246599189, 3.0232316949986853, 4.429615921995719, 2.6775488760031294, 2.8705949889990734, 2.8230517799966037, 2.9152617779909633, 3.081596909003565, 2.969520498998463, 3.1265690319996793, 3.402132653995068, 3.1870699409919325, 3.2459355619939743, 3.282161511000595, 3.71286187399528, 3.3382792880001944, 3.51668999499816, 3.4616926759917988, 3.613405458003399, 3.568369561995496, 4.581249080001726, 3.6821276749979006, 4.640492082995479, 3.77134250299423, 3.837754521999159, 3.922161790993414, 3.9733456730027683, 4.079762312991079, 4.140166547003901, 4.171985730994493, 4.289912653999636, 4.233601992993499, 4.340020870993612, 5.030758359003812, 4.398510036000516, 4.81504164999933, 4.501599126000656, 5.4094865179940825, 4.674990587998764, 4.764446321001742, 5.1046514170011505, 5.154806820995873, 4.9437055689923, 5.497077578998869, 6.049695487992722, 5.363162199995713, 5.221402701994521, 5.281378472995129, 5.452154629994766, 5.81230052599858, 5.621400078991428, 5.8871607659966685, 5.566651792993071, 5.6628003520017955, 5.747240279000835], "final_accuracy": ["accuracy", 0.65]}