{"trial_id": [0, 1, 2, 3, 4, 5, 6, 7, 8, 9, 10, 11, 12, 13, 14, 15, 16, 17, 18, 19, 20, 21, 22, 23, 24, 25, 26, 27, 28, 29, 30, 31, 32, 33, 34, 35, 36, 37, 38, 39, 40, 41, 42, 43, 44, 45, 46, 47, 48, 49, 50, 51, 52, 53, 54, 55, 56, 57, 58, 59, 60, 61, 62, 63, 64, 65, 66, 67, 68, 69, 70, 71, 72, 73, 74, 75, 76, 77, 78, 79, 80, 81, 82, 83, 84, 85, 86, 87, 88, 89, 90, 91, 92, 93, 94, 95, 96, 97, 98, 99], "cv_accuracy": [0.1, 0.125, 0.1, 0.1, 0.4125, 0.58125, 0.60625, 0.125, 0.48125, 0.1, 0.1, 0.1, 0.10625, 0.1, 0.1, 0.58125, 0.46875, 0.3625, 0.1, 0.55, 0.475, 0.64375, 0.1, 0.49375, 0.1, 0.1, 0.475, 0.125, 0.1, 0.1, 0.1, 0.4875, 0.4625, 0.50625, 0.44375, 0.45, 0.1, 0.1, 0.45, 0.58125, 0.35, 0.1, 0.1, 0.41875, 0.1, 0.7625, 0.4875, 0.4875, 0.49375, 0.1, 0.1, 0.1, 0.475, 0.1, 0.125, 0.46875, 0.1, 0.5, 0.45, 0.44375, 0.1, 0.475, 0.11875, 0.125, 0.1, 0.10625, 0.4875, 0.1, 0.1, 0.41875, 0.44375, 0.1, 0.1, 0.1, 0.1, 0.475, 0.10625, 0.1, 0.46875, 0.125, 0.46875, 0.41875, 0.1, 0.68125, 0.125, 0.35625, 0.1125, 0.46875, 0.1, 0.45, 0.1, 0.1, 0.1, 0.1, 0.625, 0.45625, 0.31875, 0.75625, 0.71875, 0.10625], "timestamp": [0.15068976300244685, 0.23443269700510427, 0.07380836000083946, 0.11323388500022702, 2.7709849439997924, 1.1014542000048095, 0.8606327000015881, 0.2803456690016901, 5.436969813003088, 0.32693253199977335, 0.37228409700037446, 0.4239496570080519, 0.5206626090075588, 0.47841728100320324, 0.5706265120097669, 0.9049066100124037, 0.6441738420107868, 0.7185700900008669, 0.765137742011575, 1.9915962829982163, 0.9966687929991167, 2.0834512709989212, 1.046352844001376, 1.188376773003256, 1.1538193090091227, 1.2568331380025484, 1.3753564260114217, 1.3266550380067201, 1.4147294630092802, 1.5211758110090159, 1.4703510200051824, 1.5830228270060616, 1.6331648490013322, 1.9457938390114577, 1.7527160110039404, 2.1329845470027067, 2.037194472999545, 2.1696773180010496, 2.4049084600119386, 2.4438115730008576, 3.0263053430098807, 2.230473315998097, 2.2837748050078517, 2.5483128699997906, 2.508496209004079, 2.608873849007068, 2.6761729389982065, 2.9189531810116023, 2.715233998009353, 2.870729902002495, 2.823728009010665, 2.964953594011604, 3.7866197820112575, 3.079175500010024, 3.313223953009583, 3.1874667950032745, 3.1445466770092025, 3.249076887004776, 4.498019364007632, 3.598566517001018, 3.358728154998971, 3.7078727199987043, 3.4988767050090246, 3.6583487400057493, 3.7074319790117443, 3.930935655007488, 5.291759197003557, 3.846532781011774, 3.8801939800032414, 3.9808065610122867, 4.632810844006599, 4.0339125559985405, 4.091923790008877, 4.12855549401138, 4.206660403011483, 4.242314323011669, 4.4161263720015995, 4.304282073004288, 4.368428453002707, 4.544611864010221, 4.910838935000356, 4.685296435010969, 4.599627872012206, 4.817597276007291, 4.756659218008281, 5.56028668100771, 4.8597600720095215, 5.482985363007174, 4.968234580999706, 5.368135530006839, 5.032825909001986, 5.091820494999411, 5.1507311620080145, 5.2097324570058845, 5.855833563007764, 5.715266782004619, 5.826453686007881, 6.00713014700159, 6.072116739000194, 5.6495621140056755], "final_accuracy": ["accuracy", 0.725]}