{"trial_id": [0, 1, 2, 3, 4, 5, 6, 7, 8, 9, 10, 11, 12, 13, 14, 15, 16, 17, 18, 19, 20, 21, 22, 23, 24, 25, 26, 27, 28, 29, 30, 31, 32, 33, 34, 35, 36, 37, 38, 39, 40, 41, 42, 43, 44, 45, 46, 47, 48, 49, 50, 51, 52, 53, 54, 55, 56, 57, 58, 59, 60, 61, 62, 63, 64, 65, 66, 67, 68, 69, 70, 71, 72, 73, 74, 75, 76, 77, 78, 79, 80, 81, 82, 83, 84, 85, 86, 87, 88, 89, 90, 91, 92, 93, 94, 95, 96, 97, 98, 99], "cv_accuracy": [0.80625, 0.39375, 0.35, 0.49375, 0.51875, 0.1, 0.5125, 0.7375, 0.11875, 0.11875, 0.39375, 0.6625, 0.10625, 0.1, 0.5, 0.1, 0.11875, 0.20625, 0.4125, 0.51875, 0.5125, 0.1, 0.1, 0.10625, 0.11875, 0.5125, 0.65, 0.5125, 0.475, 0.4125, 0.1, 0.1, 0.1, 0.66875, 0.50625, 0.1, 0.70625, 0.1, 0.375, 0.1, 0.525, 0.6875, 0.5125, 0.8125, 0.6125, 0.1, 0.40625, 0.41875, 0.4875, 0.4, 0.10625, 0.1, 0.5125, 0.1, 0.1, 0.425, 0.4625, 0.5125, 0.425, 0.4125, 0.4, 0.525, 0.4125, 0.10625, 0.525, 0.1, 0.1, 0.5125, 0.1, 0.39375, 0.575, 0.5125, 0.1, 0.51875, 0.1, 0.1, 0.1, 0.68125, 0.475, 0.4125, 0.1, 0.575, 0.1, 0.1, 0.11875, 0.11875, 0.1, 0.1, 0.1, 0.40625, 0.40625, 0.1, 0.51875, 0.1, 0.1, 0.5, 0.1, 0.425, 0.46875, 0.1], "timestamp": [0.21786405199964065, 0.5853889909922145, 0.10055547500087414, 0.4649891610024497, 0.51499907199468, 0.1000810069963336, 0.3033745049906429, 0.880765681999037, 0.6787637859961251, 0.40703618599218316, 0.9903126229910413, 0.935373610991519, 0.6305654369934928, 0.7376567649916979, 1.0841125890001422, 0.7922033639915753, 1.0353190659952816, 1.2661958489916287, 2.6471033559937496, 1.594253351999214, 1.4602559490012936, 1.195370062996517, 1.160174193995772, 1.4020265260041924, 1.3452020219992846, 1.4599558990012156, 1.9700312380009564, 1.7290705509949476, 2.087961240991717, 2.3101587479904993, 1.6595756269962294, 1.784397536990582, 1.844076055000187, 2.547715114997118, 2.123426649995963, 2.039112357000704, 2.8782368800020777, 2.2021783989912365, 2.7822312049975153, 2.2576085250038886, 2.3548217929928796, 2.954055505004362, 2.4223413330037147, 2.4816198100015754, 3.459618341003079, 2.6011067969957367, 3.1994417980022263, 2.831255847995635, 4.376526284002466, 3.596767135997652, 3.0151942480006255, 3.070753899999545, 3.3382243179949, 3.152099179002107, 3.2797263219981687, 4.1717026389960665, 3.750155261004693, 3.5311157209944213, 3.7000993120018393, 3.6598204740002984, 3.8757598899974255, 6.201638600992737, 3.8301502849935787, 3.9380921319971094, 4.048117405996891, 3.9906309179932578, 4.093964376996155, 4.840014699992025, 4.203223978998722, 4.447518777000369, 7.012458470999263, 4.338475644995924, 4.490974988992093, 4.653568715002621, 4.59380503599823, 4.558439657004783, 4.708463260991266, 5.634947528000339, 4.941166944990982, 5.175720304003335, 4.899893773996155, 6.860557170002721, 5.0001723149907775, 5.0501282019977225, 5.120122783991974, 5.279339875996811, 5.237494681990938, 5.388852446994861, 5.3362072839954635, 5.4706919839954935, 6.026603081001667, 5.521159704992897, 5.578294128994457, 5.691214787992067, 5.724043687994708, 5.941797777995816, 5.785442149994196, 5.9867663479963085, 6.079638238996267, 6.116623879992403], "final_accuracy": ["accuracy", 0.75]}