{"trial_id": [0, 1, 2, 3, 4, 5, 6, 7, 8, 9, 10, 11, 12, 13, 14, 15, 16, 17, 18, 19, 20, 21, 22, 23, 24, 25, 26, 27, 28, 29, 30, 31, 32, 33, 34, 35, 36, 37, 38, 39, 40, 41, 42, 43, 44, 45, 46, 47, 48, 49, 50, 51, 52, 53, 54, 55, 56, 57, 58, 59, 60, 61, 62, 63, 64, 65, 66, 67, 68, 69, 70, 71, 72, 73, 74, 75, 76, 77, 78, 79, 80, 81, 82, 83, 84, 85, 86, 87, 88, 89, 90, 91, 92, 93, 94, 95, 96, 97, 98, 99], "cv_accuracy": [0.13125, 0.1125, 0.1125, 0.74375, 0.56875, 0.1125, 0.1125, 0.1125, 0.1125, 0.2625, 0.1125, 0.53125, 0.53125, 0.1125, 0.5375, 0.1125, 0.36875, 0.65, 0.54375, 0.4875, 0.51875, 0.175, 0.1125, 0.1125, 0.38125, 0.13125, 0.1125, 0.1125, 0.125, 0.1125, 0.41875, 0.51875, 0.1125, 0.1125, 0.1125, 0.1125, 0.4875, 0.1125, 0.1125, 0.44375, 0.1125, 0.1125, 0.1125, 0.53125, 0.1125, 0.1125, 0.13125, 0.1125, 0.1125, 0.4875, 0.1125, 0.1125, 0.3875, 0.1125, 0.34375, 0.475, 0.475, 0.425, 0.13125, 0.4875, 0.1125, 0.1125, 0.1125, 0.1125, 0.1125, 0.1125, 0.38125, 0.4875, 0.1125, 0.1125, 0.4875, 0.5, 0.1125, 0.48125, 0.125, 0.1125, 0.45, 0.1125, 0.4875, 0.48125, 0.1125, 0.41875, 0.1125, 0.1125, 0.1125, 0.1125, 0.13125, 0.1125, 0.525, 0.4375, 0.51875, 0.1125, 0.4875, 0.54375, 0.50625, 0.1125, 0.1125, 0.5375, 0.1125, 0.1125], "timestamp": [0.4221929519990226, 0.13327446198672988, 0.08573449699906632, 1.945189546997426, 0.29444196399708744, 0.17110417799267452, 0.33535008199396543, 0.38221895598690026, 0.24528122298943345, 0.9369145679957, 0.49010979499144014, 0.6727471479971427, 0.5693064719962422, 0.5248636029864429, 0.7769305179972434, 0.6261964359873673, 0.7400982259860029, 3.263518544990802, 1.1712707539991243, 0.8643775259988615, 1.2795682629948715, 1.0542033489909954, 1.0022371539962478, 1.1071271569962846, 1.6240343879908323, 1.3417485559912166, 1.238160456996411, 1.3958997599984286, 1.4353562289907131, 1.4945189199934248, 2.6565108119975775, 1.8977621259982698, 1.5608608669863315, 1.6615526949899504, 1.7777471609879285, 1.728425786990556, 2.3683013009867864, 1.8461467799934326, 1.9959713079879293, 2.115169831988169, 2.6185580319870496, 2.0653518039907794, 2.1625097319920314, 2.215566779996152, 2.2586768379987916, 2.3146494629909284, 2.419727280997904, 2.4591838979977183, 2.50882009799534, 2.8604633579961956, 2.56215432099998, 2.6559520739974687, 2.967415050996351, 2.7786629869951867, 3.620519719988806, 2.913443262994406, 3.017878106998978, 3.6944335749867605, 3.1593110659887316, 3.4685529039998073, 3.094847419997677, 3.2077634089946514, 3.32066043598752, 3.368950853997376, 3.429397784988396, 3.5429108059906866, 4.318094596994342, 4.278239365987247, 3.579451542987954, 3.737075316996197, 4.586083930000314, 4.030132562998915, 3.7967963209957816, 3.872976602986455, 3.9141912369959755, 3.974873402999947, 4.654892545993789, 4.088832978988648, 4.139209802990081, 5.042117945995415, 4.214083964994643, 4.747394052988966, 4.438392365991604, 4.391362335998565, 4.508953932992881, 4.549732975996449, 4.951336623998941, 4.792124875995796, 4.7033163879968924, 4.999229638997349, 5.50986954299151, 4.904843985990738, 4.863572369999019, 5.135651279997546, 5.348654514993541, 5.097905649992754, 5.182234174993937, 5.419263012998272, 5.2791396699904, 5.246153370986576], "final_accuracy": ["accuracy", 0.825]}