{"trial_id": [0, 1, 2, 3, 4, 5, 6, 7, 8, 9, 10, 11, 12, 13, 14, 15, 16, 17, 18, 19, 20, 21, 22, 23, 24, 25, 26, 27, 28, 29, 30, 31, 32, 33, 34, 35, 36, 37, 38, 39, 40, 41, 42, 43, 44, 45, 46, 47, 48, 49, 50, 51, 52, 53, 54, 55, 56, 57, 58, 59, 60, 61, 62, 63, 64, 65, 66, 67, 68, 69, 70, 71, 72, 73, 74, 75, 76, 77, 78, 79, 80, 81, 82, 83, 84, 85, 86, 87, 88, 89, 90, 91, 92, 93, 94, 95, 96, 97, 98, 99], "cv_accuracy": [0.1125, 0.5, 0.60625, 0.33125, 0.10625, 0.275, 0.10625, 0.10625, 0.38125, 0.525, 0.74375, 0.10625, 0.10625, 0.10625, 0.11875, 0.10625, 0.10625, 0.10625, 0.49375, 0.10625, 0.5125, 0.7, 0.3375, 0.4875, 0.475, 0.5, 0.5125, 0.49375, 0.10625, 0.40625, 0.5125, 0.10625, 0.10625, 0.48125, 0.10625, 0.10625, 0.10625, 0.10625, 0.49375, 0.51875, 0.1125, 0.40625, 0.65625, 0.10625, 0.10625, 0.48125, 0.475, 0.10625, 0.3875, 0.10625, 0.5125, 0.10625, 0.10625, 0.2375, 0.10625, 0.10625, 0.4875, 0.1125, 0.1125, 0.4875, 0.1125, 0.36875, 0.4875, 0.10625, 0.10625, 0.10625, 0.425, 0.11875, 0.1125, 0.5625, 0.18125, 0.41875, 0.1125, 0.10625, 0.38125, 0.44375, 0.41875, 0.48125, 0.10625, 0.10625, 0.55625, 0.48125, 0.5625, 0.6375, 0.10625, 0.1125, 0.4125, 0.10625, 0.10625, 0.10625, 0.10625, 0.74375, 0.10625, 0.10625, 0.54375, 0.10625, 0.1125, 0.10625, 0.10625, 0.10625], "timestamp": [0.20004188500752207, 1.8418738230102463, 1.048584109012154, 0.5082030050107278, 0.10289374500280246, 0.15954501600936055, 0.26931033600703813, 0.32407467100711074, 0.39741024500108324, 2.4781844230019487, 0.89188753500639, 0.4589541550085414, 0.563555640008417, 0.6151823790132767, 0.9734719230036717, 0.6736511960043572, 0.729215262006619, 0.7824913060030667, 0.8402138689998537, 0.9296991910086945, 1.0482176010118565, 1.4796512120083207, 1.1247910980018787, 1.2619806010043249, 1.6030632720066933, 1.2046031080099056, 1.3377242930000648, 2.275769202009542, 1.3949799710098887, 1.649687769007869, 1.9483434330031741, 1.7423083370085806, 1.7118468590051634, 2.098722250011633, 1.8076601800130447, 1.994149604011909, 1.914065875011147, 2.064207802002784, 2.6735345570050413, 3.1249484900035895, 2.179741008003475, 2.230646248004632, 2.9069483000057517, 2.3243945900030667, 2.3732765760069015, 2.437944236007752, 2.6276412080042064, 2.53772120900976, 3.0136973690096056, 2.590992317011114, 3.603087797004264, 2.7366411430120934, 2.7786519520013826, 3.2430668200104265, 2.848798370003351, 2.9492058210016694, 4.751452896001865, 3.0665636620105943, 3.1839722959994106, 3.4450958010129398, 3.300847293008701, 3.8012304290023167, 3.503818469005637, 3.38781704500434, 3.5548696010082494, 3.6517592160089407, 3.7246966900129337, 3.9451013000070816, 3.8421270690014353, 3.9990040760021657, 3.8899273660063045, 5.2612464940029895, 4.0932479570037685, 4.051071080000838, 4.3101231840119, 4.16777429501235, 5.083249538001837, 4.49297882700921, 4.24296576200868, 4.346079163005925, 4.452441830013413, 4.554168275004486, 4.790830873011146, 5.303461742005311, 4.617597471005865, 4.683614844005206, 4.932773208012804, 4.849146748005296, 4.88702976400964, 4.9933266090083634, 5.034455086002708, 5.650791124004172, 5.128424421011005, 5.17173458301113, 5.532992114007357, 5.225545987006626, 5.36544256900379, 5.409201901013148, 5.48018012700777, 5.445207816010225], "final_accuracy": ["accuracy", 0.825]}