{"trial_id": [0, 1, 2, 3, 4, 5, 6, 7, 8, 9, 10, 11, 12, 13, 14, 15, 16, 17, 18, 19, 20, 21, 22, 23, 24, 25, 26, 27, 28, 29, 30, 31, 32, 33, 34, 35, 36, 37, 38, 39, 40, 41, 42, 43, 44, 45, 46, 47, 48, 49, 50, 51, 52, 53, 54, 55, 56, 57, 58, 59, 60, 61, 62, 63, 64, 65, 66, 67, 68, 69, 70, 71, 72, 73, 74, 75, 76, 77, 78, 79, 80, 81, 82, 83, 84, 85, 86, 87, 88, 89, 90, 91, 92, 93, 94, 95, 96, 97, 98, 99], "cv_accuracy": [0.0, 0.0, 0.0, 0.0, 0.0, 0.0, 0.0, 0.0, 0.0, 0.0, 0.0, 0.0, 0.0, 0.0, 0.0, 0.0, 0.0, 0.0, 0.0, 0.0, 0.0, 0.0, 0.0, 0.0, 0.0, 0.0, 0.0, 0.0, 0.0, 0.0, 0.0, 0.0, 0.0, 0.0, 0.0, 0.0, 0.0, 0.0, 0.0, 0.0, 0.0, 0.0, 0.0, 0.0, 0.0, 0.0, 0.0, 0.0, 0.0, 0.0, 0.0, 0.0, 0.0, 0.0, 0.0, 0.0, 0.0, 0.0, 0.0, 0.0, 0.0, 0.0, 0.0, 0.0, 0.0, 0.0, 0.0, 0.0, 0.0, 0.0, 0.0, 0.0, 0.0, 0.0, 0.0, 0.0, 0.0, 0.0, 0.0, 0.0, 0.0, 0.0, 0.0, 0.0, 0.0, 0.0, 0.0, 0.0, 0.0, 0.0, 0.0, 0.0, 0.0, 0.0, 0.0, 0.0, 0.0, 0.0, 0.0, 0.0], "timestamp": [0.3031627480086172, 0.10362601600354537, 0.14342318900162354, 0.21391334700456355, 0.1034128530009184, 0.1039788780035451, 0.37381524599913973, 0.535393441998167, 0.4598159849992953, 0.5701297010091366, 0.46006626400048845, 0.40759971900843084, 0.6608114620030392, 0.6279811410058755, 0.809677298006136, 0.77357952100283, 0.7743105209956411, 0.7292469030071516, 0.9455218649964081, 0.888608353008749, 0.9972658420010703, 1.1234894030058058, 1.1638185479969252, 1.0832272400002694, 1.0398962879989995, 1.2164642349962378, 1.277902019006433, 1.3272142729983898, 1.4533250250096899, 1.4123871820047498, 1.3678578210092383, 1.4953979419951793, 1.5591304859990487, 1.6484906480036443, 1.6125459790055174, 1.6978697739978088, 1.766451450996101, 1.6982093959959457, 1.834722341998713, 1.9720145820028847, 1.888235934995464, 2.0244588450004812, 2.0240975670021726, 1.9297766050003702, 2.1143637420027517, 2.1745174179959577, 2.210901712998748, 2.2532895680051297, 2.3937695439963136, 2.310878000003868, 2.3530368729989277, 2.537351585997385, 2.4937474360049237, 2.4460156580025796, 2.5867998879984953, 2.671665183996083, 2.6230305500066606, 2.7181594319990836, 2.773711158995866, 2.815538662005565, 2.9090656250045868, 2.8589756040018983, 2.949301137996372, 2.98867174499901, 3.086848172999453, 3.12618231200031, 3.0524411110091023, 3.218339493003441, 3.2685109930025646, 3.1807629260001704, 3.404407070003799, 3.37689513299847, 3.3340656610089354, 3.5328968210087623, 3.452497667996795, 3.4977731770050013, 3.647319265000988, 3.768158096005209, 3.6000668490014505, 3.688607371004764, 3.81382267200388, 3.6878852730005747, 3.886795295999036, 3.97237822500756, 4.052207169006579, 3.9316897700045956, 4.0529386950074695, 4.014256859998568, 4.202609038999071, 4.244270800001686, 4.164121331996284, 4.335379323005327, 4.381254936000914, 4.24383530500927, 4.4401527820009505, 4.483754351007519, 4.5205515709967585, 4.563181942998199, 4.599175975003163, 4.633460673998343], "final_accuracy": ["accuracy", 0.125]}