{"trial_id": [0, 1, 2, 3, 4, 5, 6, 7, 8, 9, 10, 11, 12, 13, 14, 15, 16, 17, 18, 19, 20, 21, 22, 23, 24, 25, 26, 27, 28, 29, 30, 31, 32, 33, 34, 35, 36, 37, 38, 39, 40, 41, 42, 43, 44, 45, 46, 47, 48, 49, 50, 51, 52, 53, 54, 55, 56, 57, 58, 59, 60, 61, 62, 63, 64, 65, 66, 67, 68, 69, 70, 71, 72, 73, 74, 75, 76, 77, 78, 79, 80, 81, 82, 83, 84, 85, 86, 87, 88, 89, 90, 91, 92, 93, 94, 95, 96, 97, 98, 99], "cv_accuracy": [0.0, 0.0, 0.0, 0.0, 0.0, 0.0, 0.0, 0.0, 0.0, 0.0, 0.0, 0.0, 0.0, 0.0, 0.0, 0.0, 0.0, 0.0, 0.0, 0.0, 0.0, 0.0, 0.0, 0.0, 0.0, 0.0, 0.0, 0.0, 0.0, 0.0, 0.0, 0.0, 0.0, 0.0, 0.0, 0.0, 0.0, 0.0, 0.0, 0.0, 0.0, 0.0, 0.0, 0.0, 0.0, 0.0, 0.0, 0.0, 0.0, 0.0, 0.0, 0.0, 0.0, 0.0, 0.0, 0.0, 0.0, 0.0, 0.0, 0.0, 0.0, 0.0, 0.0, 0.0, 0.0, 0.0, 0.0, 0.0, 0.0, 0.0, 0.0, 0.0, 0.0, 0.0, 0.0, 0.0, 0.0, 0.0, 0.0, 0.0, 0.0, 0.0, 0.0, 0.0, 0.0, 0.0, 0.0, 0.0, 0.0, 0.0, 0.0, 0.0, 0.0, 0.0, 0.0, 0.0, 0.0, 0.0, 0.0, 0.0], "timestamp": [0.23047657898860052, 0.1514888449892169, 0.109344650991261, 0.10962071298854426, 0.10862797099980526, 0.31124374399951193, 0.46442106198810507, 0.5855771969945636, 0.5032222469890257, 0.38529952499084175, 0.5495745499938494, 0.42424459000176284, 0.6439273209980456, 0.6844006439932855, 0.767316037992714, 0.7232051669998327, 0.8024015739938477, 0.8462539669999387, 0.9103652920020977, 0.9534309839946218, 1.0222977619996527, 1.110942998988321, 0.9866103039967129, 1.0246963199897436, 1.186714748997474, 1.2314163419941906, 1.3144021379994228, 1.3834975579957245, 1.3517673909955192, 1.2752892150019761, 1.4608359419944463, 1.5023931569885463, 1.58356742199976, 1.6334136319928803, 1.6743285470001865, 1.5028660719981417, 1.7396890969976084, 1.8566932969988557, 1.7785278879891848, 1.8174236829945585, 1.8958824430010282, 1.9381734209891874, 2.0835732559935423, 2.047261127998354, 2.1266727990005165, 2.2051568619936006, 2.0101464100007433, 2.126429190990166, 2.290432815992972, 2.414496129989857, 2.3752262679918204, 2.492234079996706, 2.415834746992914, 2.290736899987678, 2.662073089988553, 2.623683894998976, 2.6618180699879304, 2.7816851979878265, 2.6615377010020893, 2.579191708995495, 2.9060635719943093, 2.9473358179966453, 3.025146813990432, 2.987003342001117, 3.0260752409958513, 2.863953901993227, 3.1453205610014265, 3.2270451889926335, 3.267608701993595, 3.308932250001817, 3.1911323870008346, 3.3532625199877657, 3.425149392991443, 3.5135607510019327, 3.514324393996503, 3.474844882992329, 3.5920660099945962, 3.627287613999215, 3.70912215700082, 3.793432047998067, 3.831553122989135, 3.832435803997214, 3.914578119001817, 3.7497440250008367, 3.986241862992756, 4.030427958990913, 4.114659301994834, 4.154826547994162, 4.071506872001919, 4.154476268988219, 4.2755281970021315, 4.31891092499427, 4.319375198989292, 4.440759031000198, 4.482105445989873, 4.39754870699835, 4.544449416993302, 4.643912409999757, 4.610309508992941, 4.575090016995091], "final_accuracy": ["accuracy", 0.1]}