{"trial_id": [0, 1, 2, 3, 4, 5, 6, 7, 8, 9, 10, 11, 12, 13, 14, 15, 16, 17, 18, 19, 20, 21, 22, 23, 24, 25, 26, 27, 28, 29, 30, 31, 32, 33, 34, 35, 36, 37, 38, 39, 40, 41, 42, 43, 44, 45, 46, 47, 48, 49, 50, 51, 52, 53, 54, 55, 56, 57, 58, 59, 60, 61, 62, 63, 64, 65, 66, 67, 68, 69, 70, 71, 72, 73, 74, 75, 76, 77, 78, 79, 80, 81, 82, 83, 84, 85, 86, 87, 88, 89, 90, 91, 92, 93, 94, 95, 96, 97, 98, 99], "cv_accuracy": [0.0, 0.0, 0.0, 0.0, 0.0, 0.0, 0.0, 0.0, 0.0, 0.0, 0.0, 0.0, 0.0, 0.0, 0.0, 0.0, 0.0, 0.0, 0.0, 0.0, 0.0, 0.0, 0.0, 0.0, 0.0, 0.0, 0.0, 0.0, 0.0, 0.0, 0.0, 0.0, 0.0, 0.0, 0.0, 0.0, 0.0, 0.0, 0.0, 0.0, 0.0, 0.0, 0.0, 0.0, 0.0, 0.0, 0.0, 0.0, 0.0, 0.0, 0.0, 0.0, 0.0, 0.0, 0.0, 0.0, 0.0, 0.0, 0.0, 0.0, 0.0, 0.0, 0.0, 0.0, 0.0, 0.0, 0.0, 0.0, 0.0, 0.0, 0.0, 0.0, 0.0, 0.0, 0.0, 0.0, 0.0, 0.0, 0.0, 0.0, 0.0, 0.0, 0.0, 0.0, 0.0, 0.0, 0.0, 0.0, 0.0, 0.0, 0.0, 0.0, 0.0, 0.0, 0.0, 0.0, 0.0, 0.0, 0.0, 0.0], "timestamp": [0.18926858200575225, 0.14903017300821375, 0.22686407600122038, 0.26224620900757145, 0.14936689000751358, 0.10345730200060643, 0.4248473390034633, 0.4751171210082248, 0.4746655470080441, 0.550181626007543, 0.5497922040085541, 0.3771888339979341, 0.6600123109965352, 0.7390533190045971, 0.8766219140088651, 0.7970422710059211, 0.8385591830010526, 0.6991979419981362, 0.9334589240024798, 1.0102954550093273, 0.9691223950067069, 1.1048443720064824, 1.1534831290045986, 1.0705266620061593, 1.290315215010196, 1.2123105089995079, 1.2127488100086339, 1.4438341560016852, 1.354571339004906, 1.396706597006414, 1.5415730200038524, 1.5422297540062573, 1.4895714190060971, 1.6279933970072307, 1.6707153800089145, 1.7176189510064432, 1.7652632240060484, 1.8663932110066526, 1.828904114998295, 1.9096446040057344, 1.9583301350066904, 1.9964236649975646, 2.035775618001935, 2.188207692001015, 2.098830575996544, 2.1420789630064974, 2.306341365008848, 2.2221970410028007, 2.265902756000287, 2.371342063008342, 2.412377524000476, 2.497304693009937, 2.4590493959985906, 2.5362975879979786, 2.5810478960047476, 2.6918131900019944, 2.6533406250091502, 2.773694258008618, 2.7335929840046447, 2.8469847829983337, 2.774337934999494, 2.9637210450018756, 2.928169627004536, 3.0735973630071385, 3.0387937860068632, 3.118385305002448, 3.004839646004257, 3.27366982800595, 3.2311782110045897, 3.3109906680037966, 3.387692963005975, 3.187816838006256, 3.274279650009703, 3.566668560000835, 3.5253296890005004, 3.6511978580092546, 3.60843229200691, 3.4597522469994146, 3.4952743839967297, 3.8126470930001233, 3.885406127999886, 3.761022304010112, 3.7280538490012987, 3.850115025998093, 3.8505555010051467, 4.116662023996469, 3.997998709004605, 4.035805631006951, 4.167124273008085, 4.2103345790092135, 4.078810955004883, 4.31548539501091, 4.277211114007514, 4.359141448003356, 4.359860412005219, 4.480406337999739, 4.4465935379994335, 4.579088243001024, 4.538744905003114, 4.612775116998819], "final_accuracy": ["accuracy", 0.125]}