{"trial_id": [0, 1, 2, 3, 4, 5, 6, 7, 8, 9, 10, 11, 12, 13, 14, 15, 16, 17, 18, 19, 20, 21, 22, 23, 24, 25, 26, 27, 28, 29, 30, 31, 32, 33, 34, 35, 36, 37, 38, 39, 40, 41, 42, 43, 44, 45, 46, 47, 48, 49, 50, 51, 52, 53, 54, 55, 56, 57, 58, 59, 60, 61, 62, 63, 64, 65, 66, 67, 68, 69, 70, 71, 72, 73, 74, 75, 76, 77, 78, 79, 80, 81, 82, 83, 84, 85, 86, 87, 88, 89, 90, 91, 92, 93, 94, 95, 96, 97, 98, 99], "cv_accuracy": [0.0, 0.0, 0.0, 0.0, 0.0, 0.0, 0.0, 0.0, 0.0, 0.0, 0.0, 0.0, 0.0, 0.0, 0.0, 0.0, 0.0, 0.0, 0.0, 0.0, 0.0, 0.0, 0.0, 0.0, 0.0, 0.0, 0.0, 0.0, 0.0, 0.0, 0.0, 0.0, 0.0, 0.0, 0.0, 0.0, 0.0, 0.0, 0.0, 0.0, 0.0, 0.0, 0.0, 0.0, 0.0, 0.0, 0.0, 0.0, 0.0, 0.0, 0.0, 0.0, 0.0, 0.0, 0.0, 0.0, 0.0, 0.0, 0.0, 0.0, 0.0, 0.0, 0.0, 0.0, 0.0, 0.0, 0.0, 0.0, 0.0, 0.0, 0.0, 0.0, 0.0, 0.0, 0.0, 0.0, 0.0, 0.0, 0.0, 0.0, 0.0, 0.0, 0.0, 0.0, 0.0, 0.0, 0.0, 0.0, 0.0, 0.0, 0.0, 0.0, 0.0, 0.0, 0.0, 0.0, 0.0, 0.0, 0.0, 0.0], "timestamp": [0.10754593000456225, 0.10736315099347848, 0.26912141099455766, 0.18776355899171904, 0.19524043399724178, 0.1906889410020085, 0.5125213300052565, 0.5131043419969501, 0.4726634410035331, 0.5865896390023408, 0.4368221329932567, 0.37032977100170683, 0.6346887410036288, 0.7990900239965413, 0.9095869400043739, 0.7972470459935721, 0.7620250890031457, 0.7090026179939741, 0.7613319420051994, 0.9816302770050243, 1.0814008610032033, 1.1602251400036039, 1.1596086639910936, 1.0816023810039042, 1.021075597993331, 1.307547838994651, 1.2607193639996694, 1.4453313459962374, 1.4096138419990893, 1.489509951992659, 1.3638152179919416, 1.5427457049954683, 1.5875333860021783, 1.6460181059956085, 1.771820295994985, 1.7308490499999607, 1.6886540120030986, 1.822764158991049, 1.8642707349936245, 1.9288646210043225, 1.9710396809969097, 2.0565960859967163, 2.013960828000563, 2.148932554991916, 2.101939209998818, 2.213980154003366, 2.256404728992493, 2.3014902729919413, 2.336890463993768, 2.3844318039919017, 2.4267632589908317, 2.4968767739919713, 2.54195090799476, 2.624284531993908, 2.5830197489995044, 2.702938588001416, 2.6657384150021244, 2.7804545010003494, 2.8242472809943138, 2.8236012459965423, 2.9415850920049706, 2.9877678100019693, 2.861709310003789, 3.0634592040005373, 3.223396956003853, 3.2263685389916645, 3.1479205539944815, 3.1063404790038476, 3.188685916000395, 3.343342787004076, 3.420044953993056, 3.4598902860016096, 3.5094326510006795, 3.5103371720033465, 3.342535424992093, 3.6587918769946555, 3.6204146039963234, 3.7389985979971243, 3.69944720499916, 3.8346537570032524, 3.780025055995793, 3.9441970859916182, 3.9053620530030457, 3.9843018620013027, 4.06026055199618, 4.018588692997582, 4.110057757992763, 4.187389056998654, 4.22887450500275, 4.3490061269985745, 4.270159435996902, 4.269981122997706, 4.389740056998562, 4.475548677000916, 4.475385087003815, 4.629018758001621, 4.5923719269922, 4.663838077991386, 4.554147702001501, 4.721316637995187], "final_accuracy": ["accuracy", 0.075]}