{"trial_id": [0, 1, 2, 3, 4, 5, 6, 7, 8, 9, 10, 11, 12, 13, 14, 15, 16, 17, 18, 19, 20, 21, 22, 23, 24, 25, 26, 27, 28, 29, 30, 31, 32, 33, 34, 35, 36, 37, 38, 39, 40, 41, 42, 43, 44, 45, 46, 47, 48, 49, 50, 51, 52, 53, 54, 55, 56, 57, 58, 59, 60, 61, 62, 63, 64, 65, 66, 67, 68, 69, 70, 71, 72, 73, 74, 75, 76, 77, 78, 79, 80, 81, 82, 83, 84, 85, 86, 87, 88, 89, 90, 91, 92, 93, 94, 95, 96, 97, 98, 99], "cv_accuracy": [0.0, 0.0, 0.0, 0.0, 0.0, 0.0, 0.0, 0.0, 0.0, 0.0, 0.0, 0.0, 0.0, 0.0, 0.0, 0.0, 0.0, 0.0, 0.0, 0.0, 0.0, 0.0, 0.0, 0.0, 0.0, 0.0, 0.0, 0.0, 0.0, 0.0, 0.0, 0.0, 0.0, 0.0, 0.0, 0.0, 0.0, 0.0, 0.0, 0.0, 0.0, 0.0, 0.0, 0.0, 0.0, 0.0, 0.0, 0.0, 0.0, 0.0, 0.0, 0.0, 0.0, 0.0, 0.0, 0.0, 0.0, 0.0, 0.0, 0.0, 0.0, 0.0, 0.0, 0.0, 0.0, 0.0, 0.0, 0.0, 0.0, 0.0, 0.0, 0.0, 0.0, 0.0, 0.0, 0.0, 0.0, 0.0, 0.0, 0.0, 0.0, 0.0, 0.0, 0.0, 0.0, 0.0, 0.0, 0.0, 0.0, 0.0, 0.0, 0.0, 0.0, 0.0, 0.0, 0.0, 0.0, 0.0, 0.0, 0.0], "timestamp": [0.17855625599622726, 0.3245094629965024, 0.21923226899525616, 0.13251612399471924, 0.2201097409997601, 0.29547037299198564, 0.490610264998395, 0.4556923219934106, 0.4550799599965103, 0.529995176999364, 0.6059770489955554, 0.38799127099628095, 0.6479602189938305, 0.8153848109941464, 0.777452814989374, 0.7781314599997131, 0.8893205739877885, 0.9250866759975906, 0.7383575009880587, 1.0594248909910675, 1.1421212619898142, 1.1831298999895807, 1.1004857499938225, 0.9970905959926313, 0.9962675869901432, 1.3828026209957898, 1.3452042039862135, 1.269297488994198, 1.382539441998233, 1.4519461589952698, 1.3080870679987129, 1.5358171139960177, 1.6563876469881507, 1.7030069639877183, 1.7033934959908947, 1.617877057986334, 1.576992630987661, 1.805070173999411, 1.8459824709862005, 1.9274745239963522, 1.8845574539882364, 1.9674163149902597, 1.9660554199945182, 2.070177421992412, 2.1897421419998864, 2.1107726889895275, 2.2619409899925813, 2.1519128029904095, 2.1871950879867654, 2.3385008779878262, 2.380042386997957, 2.508195366986911, 2.5436178029922303, 2.419338316991343, 2.418805484994664, 2.6083384859957732, 2.6870038589986507, 2.7653474279941292, 2.6497958839900093, 2.73035356499895, 2.806602421987918, 2.91880140498688, 3.00345386499248, 2.960395747999428, 3.0496297539939405, 3.049206465992029, 2.8846834839932853, 3.2710578979895217, 3.1588035259919707, 3.230313544991077, 3.158450933988206, 3.3658708919974742, 3.3172529529983876, 3.5518803449958796, 3.5143130519863917, 3.47540921298787, 3.4357414999976754, 3.5956193679885473, 3.6309672229981516, 3.709346232993994, 3.7502646679931786, 3.7948196069919504, 3.8342954089894192, 3.91732059099013, 3.833764657989377, 3.9964190699975006, 3.9961510249995627, 4.148807007994037, 4.078499914990971, 4.113733397985925, 4.182928212991101, 4.332411602998036, 4.372698181992746, 4.4532763339957455, 4.261230438991333, 4.416211004994693, 4.298234596994007, 4.542818571993848, 4.577415531995939, 4.514663539986941], "final_accuracy": ["accuracy", 0.1]}