{"1": 0.21052631578947367, "2": 0.3684210526315789, "3": 0.42105263157894735, "4": 0.21052631578947367}