{"1": 6.8839497566223145, "2": 6.592381238937378, "3": 4.806203603744507, "4": 6.957211971282959}