{"trial_id": [0, 1, 2, 3, 4, 5, 6, 7, 8, 9, 10, 11, 12, 13, 14, 15, 16, 17, 18, 19, 20, 21, 22, 23, 24, 25, 26, 27, 28, 29, 30, 31, 32, 33, 34, 35, 36, 37, 38, 39, 40, 41, 42, 43, 44, 45, 46, 47, 48, 49, 50, 51, 52, 53, 54, 55, 56, 57, 58, 59, 60, 61, 62, 63, 64, 65, 66, 67, 68, 69, 70, 71, 72, 73, 74, 75, 76, 77, 78, 79, 80, 81, 82, 83, 84, 85, 86, 87, 88, 89, 90, 91, 92, 93, 94, 95, 96, 97, 98, 99], "cv_accuracy": [0.8920636, 0.0, 0.0, 0.0, 0.0, 0.0, 0.9269841999999999, 0.9111111999999999, 0.0, 0.9301587999999998, 0.0, 0.0, 0.0, 0.0, 0.9142858, 0.0, 0.0, 0.0, 0.0, 0.0, 0.0, 0.0, 0.0, 0.9142858, 0.0, 0.888889, 0.7904764000000001, 0.0, 0.0, 0.0, 0.9111111999999999, 0.0, 0.9333333999999999, 0.0, 0.0, 0.0, 0.0, 0.0, 0.0, 0.0, 0.0, 0.857143, 0.0, 0.0, 0.0, 0.0, 0.0, 0.0, 0.9301588000000001, 0.0, 0.0, 0.9333334000000001, 0.0, 0.0, 0.0, 0.0, 0.0, 0.0, 0.0, 0.8095239999999999, 0.0, 0.0, 0.0, 0.8920636, 0.0, 0.0, 0.0, 0.8539684, 0.0, 0.0, 0.8984128, 0.0, 0.0, 0.0, 0.9015874, 0.0, 0.0, 0.0, 0.0, 0.8920636, 0.9365080000000001, 0.0, 0.0, 0.0, 0.0, 0.0, 0.0, 0.0, 0.0, 0.9174604000000001, 0.0, 0.0, 0.0, 0.0, 0.0, 0.0, 0.0, 0.8126985999999998, 0.0, 0.8793652], "timestamp": [0.28845544400974177, 0.15278671200212557, 0.2232245680061169, 0.11395432600693312, 0.07546555600129068, 0.15325905600911938, 1.0442731810035184, 0.5776073779998114, 0.3978002720104996, 1.1499144670087844, 0.33880032900196966, 0.43144322599982843, 0.4728165050037205, 0.6290692360053072, 1.199644360007369, 0.5409201410075184, 0.7295629630098119, 0.7691105380072258, 0.6950382830109447, 0.8979705329984426, 0.9715001000004122, 0.8380488270049682, 0.9332557349989656, 1.787691777004511, 1.0995108770002844, 1.6855935290077468, 6.022901511998498, 1.245793378999224, 1.3046842390031088, 1.3537430500000482, 1.4036781080067158, 1.463340299000265, 2.186202465003589, 1.5015233390004141, 1.9298799670068547, 1.566672451008344, 1.6260768690117402, 1.7214395250048256, 1.8884451320045628, 1.7874931120022666, 2.1386720260052243, 2.6415749760053586, 2.0347742320009274, 1.997055587999057, 2.2344232059986098, 2.101618448999943, 2.333565182998427, 2.3745840170013253, 3.91477775000385, 2.2995011680031894, 2.502027895010542, 3.1085564649984008, 2.4426133100059815, 2.5360427940031514, 2.6972349639981985, 2.6051753710053163, 2.842110698999022, 2.752877532009734, 2.806568118001451, 3.1683860330085736, 2.96556855700328, 2.9073610650084447, 2.998881691004499, 3.3331697120011086, 3.0629011069977423, 3.251855335998698, 3.216519754001638, 3.6228033890074585, 3.40689766399737, 3.4531488820066443, 4.5703685879998375, 3.5166106630058493, 3.5529214960115496, 3.7198870410065865, 3.662876166999922, 4.3123189650068525, 3.7729328499990515, 3.8258132970076986, 3.8745312520040898, 4.214124282007106, 4.766980223997962, 3.9789150730066467, 4.04107946100703, 4.099836742010666, 4.160943782000686, 4.266531879999093, 4.349514968009316, 4.414240559010068, 4.6127024180023, 4.463732126008836, 4.521532976999879, 4.6544429440109525, 4.7047430430102395, 4.8100534780096496, 4.8498616100114305, 4.954406883000047, 4.890318350007874, 5.0196561199991265, 5.08346697500383, 5.145276282011764], "final_accuracy": ["accuracy", 0.8476190476190476]}