{"trial_id": [0, 1, 2, 3, 4, 5, 6, 7, 8, 9, 10, 11, 12, 13, 14, 15, 16, 17, 18, 19, 20, 21, 22, 23, 24, 25, 26, 27, 28, 29, 30, 31, 32, 33, 34, 35, 36, 37, 38, 39, 40, 41, 42, 43, 44, 45, 46, 47, 48, 49, 50, 51, 52, 53, 54, 55, 56, 57, 58, 59, 60, 61, 62, 63, 64, 65, 66, 67, 68, 69, 70, 71, 72, 73, 74, 75, 76, 77, 78, 79, 80, 81, 82, 83, 84, 85, 86, 87, 88, 89, 90, 91, 92, 93, 94, 95, 96, 97, 98, 99], "cv_accuracy": [0.8481124000000001, 0.8926686, 0.9225635999999999, 0.0, 0.8837574, 0.0, 0.9224758, 0.0, 0.0, 0.0, 0.0, 0.0, 0.0, 0.0, 0.0, 0.0, 0.0, 0.0, 0.0, 0.0, 0.0, 0.9075504000000001, 0.0, 0.0, 0.0, 0.0, 0.0, 0.0, 0.0, 0.0, 0.8897274000000002, 0.0, 0.0, 0.0, 0.0, 0.0, 0.0, 0.8926686, 0.0, 0.0, 0.0, 0.0, 0.0, 0.0, 0.0, 0.0, 0.0, 0.0, 0.0, 0.0, 0.0, 0.0, 0.0, 0.9255484, 0.0, 0.0, 0.9314309999999999, 0.0, 0.8926686, 0.0, 0.9284457999999999, 0.0, 0.0, 0.0, 0.8808603999999999, 0.8212466, 0.8926686, 0.0, 0.0, 0.0, 0.0, 0.0, 0.0, 0.0, 0.0, 0.0, 0.928402, 0.0, 0.9373571999999999, 0.0, 0.0, 0.0, 0.0, 0.0, 0.8926686, 0.8778316, 0.0, 0.0, 0.6133012, 0.0, 0.0, 0.0, 0.0, 0.8837576, 0.8867426, 0.9314308, 0.0, 0.0, 0.0, 0.0], "timestamp": [0.28828389599220827, 0.34784281099564396, 0.838639059002162, 0.0791820349986665, 0.24337137199472636, 0.11564717200235464, 1.983647718996508, 0.1826561289926758, 0.4332926749921171, 0.7528919239994138, 0.39681225499953143, 0.4970815999986371, 0.6027238800015766, 0.5453551539976615, 0.642156795001938, 0.6887314490013523, 0.8401893239933997, 0.9233678299933672, 0.7915643269952852, 1.0751790329959476, 1.0302241259923903, 1.4142052189999959, 1.1222609620017465, 0.9902678259968525, 1.229285813999013, 1.3083039429911878, 1.2668204109941144, 1.190139807004016, 1.4673647159943357, 1.514417106998735, 1.61292139699799, 1.378153804995236, 1.6527956539939623, 1.5744623339996906, 1.745209460001206, 1.704460218999884, 1.8517770479957107, 2.2073126430041157, 1.8931950999976834, 1.9479345699946862, 1.8142848889983725, 2.1682529819954652, 2.1219257060001837, 2.047026991000166, 2.3123964489932405, 2.083557819991256, 2.393754581004032, 2.435222170999623, 2.355532399000367, 2.502290329997777, 2.275855475003482, 2.581517682003323, 2.6931917289912235, 3.1284921250044135, 2.634923420002451, 2.539279746997636, 3.182756423993851, 2.7869565500004683, 2.8562478109961376, 2.740715302003082, 4.0294155860028695, 2.9606742469914025, 3.2963726860034512, 2.9179896419955185, 3.073443101995508, 3.0365319849952357, 3.534642429003725, 3.2285835389920976, 3.3889005160017405, 3.447250320998137, 3.296557859997847, 3.5858972540008835, 3.873620657992433, 3.490465683004004, 3.7458482579968404, 3.6905019569967408, 4.639046085998416, 3.6558604820020264, 4.6795081320015015, 3.8077699239947833, 3.908431001997087, 3.9579342329961946, 4.105933875995106, 4.068748203993891, 4.3027372079959605, 5.112109014997259, 4.244083294994198, 4.173407018999569, 4.547994335996918, 4.367732876999071, 4.403437724002288, 4.58029820099182, 4.470548775003408, 4.885337141997297, 4.802221518999431, 5.225315944000613, 4.841865858994424, 4.747600754999439, 4.932328473994858, 5.000327357003698], "final_accuracy": ["accuracy", 0.9285714285714286]}