{"trial_id": [0, 1, 2, 3, 4, 5, 6, 7, 8, 9, 10, 11, 12, 13, 14, 15, 16, 17, 18, 19, 20, 21, 22, 23, 24, 25, 26, 27, 28, 29, 30, 31, 32, 33, 34, 35, 36, 37, 38, 39, 40, 41, 42, 43, 44, 45, 46, 47, 48, 49, 50, 51, 52, 53, 54, 55, 56, 57, 58, 59, 60, 61, 62, 63, 64, 65, 66, 67, 68, 69, 70, 71, 72, 73, 74, 75, 76, 77, 78, 79, 80, 81, 82, 83, 84, 85, 86, 87, 88, 89, 90, 91, 92, 93, 94, 95, 96, 97, 98, 99], "cv_accuracy": [0.0, 0.0, 0.0, 0.0, 0.0, 0.0, 0.0, 0.0, 0.0, 0.0, 0.0, 0.0, 0.8877264, 0.0, 0.0, 0.0, 0.0, 0.9320280000000001, 0.9218586, 0.0, 0.0, 0.0, 0.0, 0.0, 0.0, 0.0, 0.0, 0.0, 0.0, 0.8843365999999999, 0.0, 0.9354764000000001, 0.0, 0.0, 0.8877264, 0.0, 0.8877264, 0.0, 0.8843365999999999, 0.0, 0.0, 0.0, 0.8809468, 0.0, 0.9083574000000001, 0.0, 0.8843365999999999, 0.0, 0.8707187999999999, 0.0, 0.8877264, 0.0, 0.0, 0.0, 0.0, 0.7791933999999999, 0.0, 0.8843365999999999, 0.0, 0.7890121999999999, 0.0, 0.0, 0.8843365999999999, 0.0, 0.0, 0.0, 0.0, 0.0, 0.0, 0.0, 0.0, 0.0, 0.8843365999999999, 0.0, 0.0, 0.0, 0.9319697999999998, 0.0, 0.0, 0.9388662, 0.0, 0.9455876, 0.0, 0.0, 0.0, 0.0, 0.0, 0.8571594000000001, 0.0, 0.0, 0.0, 0.0, 0.0, 0.0, 0.0, 0.6085915999999999, 0.9354764, 0.0, 0.9252484000000001, 0.0], "timestamp": [0.20173952900222503, 0.1629337630001828, 0.2811991670023417, 0.07893170199531596, 0.12470057299651671, 0.20287891899351962, 0.3579665470024338, 0.43367820599814877, 0.39551184300216846, 0.5660662339942064, 0.46821522699610796, 0.5108722559962189, 0.81953774500289, 0.6305075589916669, 0.7173180219979258, 0.6669945399917196, 1.7263540299900342, 2.112173243003781, 1.271017209001002, 0.8566866629989818, 0.7811303549970035, 1.072101974990801, 0.9777627419971395, 0.9225549639959354, 1.025211768996087, 1.1307404249964748, 1.216852254990954, 1.177550270993379, 1.326995936993626, 1.4323354579973966, 1.3696811289992183, 1.7628537290001987, 1.513767390002613, 1.4768532460002461, 1.6321693539939588, 1.5961491880007088, 1.6728977949969703, 1.8707761029945686, 2.7809556760039413, 1.8240513740020106, 2.0737450559972785, 1.9076954259944614, 1.9828801989933709, 2.0340568969986634, 2.216889559000265, 2.1643115649931133, 2.4686569350014906, 2.4014705669978866, 2.307950248999987, 2.2775493169901893, 2.366034070000751, 2.6101755799900275, 2.4688197069917805, 2.6465048489917535, 2.547521984000923, 3.971682214003522, 2.8790112379938364, 2.722526151002967, 2.8357494189986028, 3.112614487996325, 2.879364983004052, 2.9498179709917167, 3.0554709319985704, 3.1629526059987256, 3.3544252489955397, 3.0193706680001924, 3.256893650002894, 3.2095411729969783, 3.3027266040007817, 3.402915140002733, 3.4511842409992823, 3.494022885992308, 3.592906050995225, 3.545623997997609, 3.6460696360009024, 3.6902645869995467, 4.225062311990769, 4.013921592995757, 3.739320619002683, 5.197146450998844, 3.808783656990272, 4.627050669994787, 3.8691630349931074, 3.9272805619984865, 4.084330990997842, 4.122793878996163, 4.174090900996816, 4.428344803993241, 4.2711253209999995, 4.3718085949949455, 4.3391478629928315, 4.750020783001673, 4.493678307000664, 4.5734020349918865, 4.49380547599867, 4.699281313995016, 4.986560163990362, 4.8664437089901185, 4.905589382004109, 4.794247066995013], "final_accuracy": ["accuracy", 0.873015873015873]}