{"trial_id": [0, 1, 2, 3, 4, 5, 6, 7, 8, 9, 10, 11, 12, 13, 14, 15, 16, 17, 18, 19, 20, 21, 22, 23, 24, 25, 26, 27, 28, 29, 30, 31, 32, 33, 34, 35, 36, 37, 38, 39, 40, 41, 42, 43, 44, 45, 46, 47, 48, 49, 50, 51, 52, 53, 54, 55, 56, 57, 58, 59, 60, 61, 62, 63, 64, 65, 66, 67, 68, 69, 70, 71, 72, 73, 74, 75, 76, 77, 78, 79, 80, 81, 82, 83, 84, 85, 86, 87, 88, 89, 90, 91, 92, 93, 94, 95, 96, 97, 98, 99], "cv_accuracy": [0.0, 0.0, 0.0, 0.0, 0.0, 0.0, 0.0, 0.0, 0.0, 0.0, 0.0, 0.0, 0.0, 0.0, 0.0, 0.0, 0.0, 0.8857144, 0.0, 0.888889, 0.0, 0.888889, 0.8920636, 0.0, 0.0, 0.8952382, 0.0, 0.8698414, 0.0, 0.0, 0.0, 0.888889, 0.0, 0.8761905999999999, 0.888889, 0.0, 0.888889, 0.0, 0.0, 0.0, 0.0, 0.0, 0.0, 0.0, 0.8698414, 0.0, 0.0, 0.0, 0.0, 0.0, 0.9047620000000001, 0.0, 0.0, 0.0, 0.0, 0.0, 0.0, 0.0, 0.0, 0.0, 0.0, 0.0, 0.0, 0.8761905999999999, 0.8825398, 0.0, 0.0, 0.0, 0.0, 0.0, 0.0, 0.0, 0.0, 0.873016, 0.8603175999999999, 0.0, 0.0, 0.0, 0.0, 0.0, 0.8634921999999999, 0.0, 0.873016, 0.8857144, 0.0, 0.8920636, 0.0, 0.888889, 0.0, 0.0, 0.0, 0.0, 0.0, 0.0, 0.0, 0.0, 0.0, 0.0, 0.8920636, 0.0], "timestamp": [0.5042426379950484, 0.2072982950048754, 0.07925482800055761, 0.24817669899493922, 0.1257107650017133, 0.16246858399244957, 0.31756292999489233, 0.4035708320006961, 0.5039712449943181, 0.4373701510048704, 0.3523462360026315, 0.6718612090044189, 0.5827081229945179, 0.7395057800022187, 0.6192115930025466, 0.8690937350038439, 0.7697918729973026, 1.0356909959955374, 0.7678429310035426, 1.0956365909951273, 0.9370008279947797, 1.1324573519959813, 1.2914102399954572, 0.9786087230022531, 1.1701268479955615, 1.2395601570024155, 1.201835650994326, 1.4457230910047656, 1.4881053639983293, 1.5273388490022626, 1.4027688569913153, 1.5859414010046748, 1.3620497240044642, 1.67751076699642, 2.0277595179941272, 2.7690717479999876, 1.7831125209922902, 1.6430549530050484, 1.7303599379956722, 1.921673531003762, 1.8403447259915993, 1.87789234900265, 1.9743904390052194, 2.2944585560035193, 2.187896699004341, 2.073588019993622, 2.1237564320035744, 2.256353135991958, 2.4067625349998707, 2.2186530449980637, 3.0960742159950314, 2.6016578559938353, 2.5298078109917697, 2.370198321994394, 3.340901767995092, 2.470958606005297, 2.565340543995262, 2.7316700389928883, 2.6817257950024214, 3.8275999799952842, 2.8302469219925115, 2.947219731999212, 2.878335938003147, 3.29493483499391, 3.0181152449949877, 3.05297920400335, 3.2427332410006784, 3.1641501459962456, 3.1989264099975117, 3.451943357998971, 3.4977202449954348, 3.3996429090038873, 3.5320868190028705, 3.607586222991813, 3.6381728859996656, 3.7241843420051737, 3.772683937000693, 3.6790321839944227, 3.9868953359982697, 3.879461047996301, 4.128008586994838, 3.9242015700001502, 4.996849478004151, 4.0872875320055755, 4.038678263998008, 4.180167819999042, 4.222367048991146, 4.618839777991525, 4.42159132300003, 4.281617025000742, 4.374821810997673, 4.331326465995517, 4.520302503995481, 4.880291875000694, 4.564377057002275, 4.486611856991658, 4.7208276449964615, 4.7710626240004785, 4.8501423169946065, 4.682582459994592], "final_accuracy": ["accuracy", 0.9904761904761905]}