{"trial_id": [0, 1, 2, 3, 4, 5, 6, 7, 8, 9, 10, 11, 12, 13, 14, 15, 16, 17, 18, 19, 20, 21, 22, 23, 24, 25, 26, 27, 28, 29, 30, 31, 32, 33, 34, 35, 36, 37, 38, 39, 40, 41, 42, 43, 44, 45, 46, 47, 48, 49, 50, 51, 52, 53, 54, 55, 56, 57, 58, 59, 60, 61, 62, 63, 64, 65, 66, 67, 68, 69, 70, 71, 72, 73, 74, 75, 76, 77, 78, 79, 80, 81, 82, 83, 84, 85, 86, 87, 88, 89, 90, 91, 92, 93, 94, 95, 96, 97, 98, 99], "cv_accuracy": [0.8920636, 0.0, 0.0, 0.0, 0.0, 0.0, 0.7079367999999999, 0.0, 0.0, 0.0, 0.0, 0.0, 0.0, 0.111111, 0.0, 0.0, 0.8253969999999999, 0.0, 0.0, 0.019047600000000005, 0.0, 0.0, 0.019047600000000005, 0.0, 0.0, 0.0, 0.0, 0.0, 0.0, 0.0, 0.0, 0.0, 0.0, 0.0, 0.9142858, 0.0, 0.0, 0.019047600000000005, 0.0, 0.0, 0.0, 0.0, 0.9301588000000001, 0.9206350000000001, 0.0, 0.0, 0.0, 0.8825398, 0.9301587999999998, 0.0, 0.019047600000000005, 0.0, 0.0, 0.0, 0.0, 0.0, 0.8920636, 0.0, 0.9206350000000001, 0.9174603999999998, 0.0, 0.0444444, 0.0, 0.8444445999999999, 0.8920636, 0.9238095999999999, 0.0, 0.0, 0.0, 0.8920636, 0.0, 0.9396825999999999, 0.8507937999999999, 0.0, 0.0, 0.0, 0.0, 0.9269841999999999, 0.0, 0.9333333999999999, 0.8825398, 0.0, 0.0, 0.0, 0.0, 0.9142858, 0.8063494, 0.0, 0.019047600000000005, 0.0, 0.9174604000000001, 0.9238096, 0.0, 0.0, 0.0, 0.9269842, 0.0, 0.0, 0.9333334000000001, 0.0], "timestamp": [0.3595680520083988, 0.1614189840038307, 0.12137209800130222, 0.16229591600131243, 0.0808982040034607, 0.1619200679997448, 0.9446116480103228, 0.435194486999535, 0.39633730800414924, 0.4731803200120339, 0.3048521070013521, 0.5205843910080148, 0.5925609550031368, 0.735422940007993, 0.6716660900128772, 0.6262066990020685, 0.8138797030114802, 0.8983406620100141, 0.8616066170070553, 0.7741583320021164, 1.0061213910084916, 1.0839569290110376, 1.0469918210001197, 1.214280015003169, 1.1682923340122215, 1.126554524002131, 1.278562272011186, 1.3975866780092474, 1.3617048870073631, 1.4392866010020953, 1.480224591010483, 1.3199025970097864, 1.548588458012091, 1.6398516379995272, 1.7698566080071032, 1.8642453650099924, 1.639997589008999, 1.5800733140058583, 1.8254105810046894, 1.7301658370124642, 1.9598352180037182, 1.9054966820112895, 3.005983176000882, 5.345409820001805, 2.0237958159996197, 2.1030689210019773, 2.0593603140005143, 2.1437735960062128, 2.818182816001354, 2.345048998002312, 2.266516304007382, 2.209718721001991, 2.3047397110058228, 2.4645308980107075, 2.501669881006819, 2.411744634009665, 2.6354249360010726, 2.580979116013623, 3.937886519008316, 2.7809552890103078, 2.698146536000422, 2.9502577759994892, 2.8892720190051477, 3.0497246850136435, 3.2470150840090355, 3.466587046001223, 3.105918136003311, 3.149791667005047, 3.2051795050065266, 3.3027899290027563, 3.3536567080009263, 3.685218758007977, 5.810983370000031, 3.421711993010831, 3.535227714004577, 3.5811862090049544, 3.6528358630021103, 3.7959865700104274, 3.760223037999822, 4.432622042004368, 4.039615020999918, 3.868072959012352, 3.973498756007757, 4.1049991530017, 4.039734467005474, 4.647056471003452, 4.354991646003327, 4.174344512008247, 4.230692473007366, 4.287533768001595, 4.541451250013779, 5.274200053012464, 4.490256518009119, 4.590920287009794, 4.684405822001281, 4.957407576002879, 4.804983899011859, 4.747743716012337, 5.011813328004791, 4.86364640800457], "final_accuracy": ["accuracy", 0.7619047619047619]}