{"trial_id": [0, 1, 2, 3, 4, 5, 6, 7, 8, 9, 10, 11, 12, 13, 14, 15, 16, 17, 18, 19, 20, 21, 22, 23, 24, 25, 26, 27, 28, 29, 30, 31, 32, 33, 34, 35, 36, 37, 38, 39, 40, 41, 42, 43, 44, 45, 46, 47, 48, 49, 50, 51, 52, 53, 54, 55, 56, 57, 58, 59, 60, 61, 62, 63, 64, 65, 66, 67, 68, 69, 70, 71, 72, 73, 74, 75, 76, 77, 78, 79, 80, 81, 82, 83, 84, 85, 86, 87, 88, 89, 90, 91, 92, 93, 94, 95, 96, 97, 98, 99], "cv_accuracy": [0.0, 0.8877264, 0.887785, 0.0, 0.0, 0.0, 0.8843365999999999, 0.0, 0.0, 0.0, 0.0, 0.0, 0.0, 0.8741669999999999, 0.0, 0.0, 0.8673873999999999, 0.0, 0.0, 0.0, 0.0, 0.0, 0.0, 0.0, 0.0, 0.0, 0.0, 0.0, 0.9388078, 0.0, 0.8741669999999999, 0.0, 0.8877264, 0.8877264, 0.0, 0.0, 0.9320282000000001, 0.9388080000000001, 0.0, 0.0, 0.0, 0.0, 0.8741669999999999, 0.0, 0.0, 0.0, 0.0, 0.0, 0.0, 0.9455876, 0.8298656, 0.0, 0.0, 0.0, 0.0, 0.8741670000000001, 0.0, 0.0, 0.0, 0.0, 0.0, 0.0, 0.9184686000000001, 0.0, 0.0, 0.0, 0.0, 0.0, 0.0, 0.0, 0.0, 0.8877264, 0.0, 0.0, 0.0, 0.0, 0.0, 0.0, 0.0, 0.0, 0.9489774000000001, 0.0, 0.0, 0.0, 0.9012855999999999, 0.0, 0.935418, 0.9421975999999999, 0.0, 0.0, 0.0, 0.0, 0.0, 0.0, 0.0, 0.0, 0.935418, 0.0, 0.8877264, 0.8877264], "timestamp": [0.2075318670104025, 0.6421776880015386, 0.731753624000703, 0.12245780701050535, 0.07799605499894824, 0.16119852800329681, 0.9037542340083746, 0.3553401649987791, 0.27939398000307847, 0.31547179000335746, 0.4759529900038615, 0.5269116420095088, 0.42253960300877225, 1.6341617919970304, 0.5913459380099084, 0.6766660490102367, 0.785940807996667, 0.8201455820089905, 0.8610049130074913, 0.9451920060091652, 1.0544667100039078, 1.0541071940097027, 1.132442294008797, 1.1756378060090356, 1.0143296309979632, 1.2762813930021366, 1.3748468800040428, 1.3292191270011244, 5.126045302997227, 1.2418445210059872, 1.685789637005655, 1.4349331289995462, 1.8370130429975688, 1.8373424780002097, 1.497772545000771, 1.5588595480076037, 2.538605485999142, 3.0423837980051758, 1.7459848930011503, 1.803236994004692, 1.9522807080065832, 1.9910772080038441, 2.3932114170020213, 2.1069048310018843, 2.052323857002193, 2.143648021010449, 2.258942555010435, 2.2042912050092127, 2.2967378129978897, 3.773857116000727, 2.654005625008722, 2.448167263006326, 2.5050416220037732, 2.6918338160030544, 2.6013957840041257, 2.9086967589973938, 2.806159945001127, 2.753954257001169, 2.8487955029995646, 2.9996730030106846, 2.949112223999691, 3.245686485010083, 3.1863235690107103, 3.1434770000050776, 3.1034470529993996, 3.3302661510097096, 3.3856212820101064, 3.2897777170001063, 3.5379655889992137, 3.4901826230052393, 3.4383909230091376, 3.8624948960059555, 3.5944038000016008, 3.6381197459995747, 3.737703313003294, 3.82814147901081, 3.7004336880054325, 3.9630561350058997, 4.062645016005263, 4.02090108700213, 4.9257426770054735, 3.9267804060073104, 4.161750257000676, 4.104279466002481, 4.787605088000419, 4.234037506001187, 4.439940480006044, 4.9676477309985785, 4.302948964003008, 4.371071272005793, 4.439720353009761, 4.697724876008579, 4.535625308009912, 4.590150582007482, 4.645689575001597, 4.739361929008737, 5.778306859996519, 4.846030426997459, 5.076377427001717, 5.009456027008127], "final_accuracy": ["accuracy", 0.9047619047619048]}