{"trial_id": [0, 1, 2, 3, 4, 5, 6, 7, 8, 9, 10, 11, 12, 13, 14, 15, 16, 17, 18, 19, 20, 21, 22, 23, 24, 25, 26, 27, 28, 29, 30, 31, 32, 33, 34, 35, 36, 37, 38, 39, 40, 41, 42, 43, 44, 45, 46, 47, 48, 49, 50, 51, 52, 53, 54, 55, 56, 57, 58, 59, 60, 61, 62, 63, 64, 65, 66, 67, 68, 69, 70, 71, 72, 73, 74, 75, 76, 77, 78, 79, 80, 81, 82, 83, 84, 85, 86, 87, 88, 89, 90, 91, 92, 93, 94, 95, 96, 97, 98, 99], "cv_accuracy": [0.0, 0.0, 0.0, 0.3873012, 0.0, 0.0, 0.0, 0.0, 0.888889, 0.0, 0.0, 0.8793652, 0.019047600000000005, 0.8825398, 0.8761905999999999, 0.8857144, 0.0, 0.0, 0.0, 0.0, 0.0, 0.0, 0.0, 0.0, 0.0, 0.0, 0.0, 0.888889, 0.0, 0.0, 0.0, 0.9015874, 0.0, 0.0, 0.0, 0.0, 0.0, 0.0, 0.0, 0.0, 0.7968255999999999, 0.0, 0.0, 0.0, 0.0, 0.0, 0.8761905999999999, 0.0, 0.0, 0.0, 0.8857144, 0.888889, 0.0, 0.0, 0.0, 0.0, 0.0, 0.8952382, 0.8603176000000001, 0.0, 0.0, 0.0, 0.0, 0.0, 0.7428572000000001, 0.0, 0.0, 0.888889, 0.888889, 0.0, 0.0, 0.0, 0.0, 0.0, 0.0, 0.0, 0.0, 0.0, 0.6571431999999999, 0.0, 0.0, 0.0, 0.0, 0.0, 0.0, 0.0, 0.019047600000000005, 0.0, 0.888889, 0.0, 0.05079360000000001, 0.0, 0.0, 0.0, 0.0, 0.0, 0.0, 0.0, 0.0, 0.0], "timestamp": [0.2310227090056287, 0.19049521800479852, 0.07415308999770787, 0.4950376589986263, 0.11604898000950925, 0.148659915997996, 0.34515332100272644, 0.38762828600010835, 1.0533406190079404, 0.42784793699684087, 0.2998227659991244, 1.7890225760056637, 0.5674008680070983, 0.6211345360061387, 0.533140686005936, 0.7689029040047899, 0.8075525160093093, 0.6834461670077872, 0.7207560960086994, 0.9097057010076242, 0.9498506630043266, 1.0010952540033031, 0.8756389710033545, 1.1423552799969912, 1.18766538600903, 1.1060969450045377, 1.2247244780010078, 2.1299641280056676, 1.3397009690088453, 1.3011200720065972, 1.3864093190059066, 1.88951821399678, 1.4920375479996437, 1.5317492239992134, 1.4528503750043456, 1.6417787990067154, 1.68981548800366, 1.59896753099747, 1.7550017370085698, 1.835960750002414, 2.6732548580039293, 2.0251622509968, 1.953049504008959, 1.9875502040085848, 2.024903280005674, 2.2246919120079838, 2.932108214008622, 2.1813857310044114, 2.2713116399972932, 2.319052630002261, 3.433348938007839, 2.6265819920081412, 2.779237203008961, 2.3827354590030154, 2.4444560020056088, 2.5029051790043013, 2.561936958998558, 3.5087349730019923, 4.189531677009654, 2.7343384440027876, 2.841270277000149, 2.880231924005784, 3.03220651599986, 2.9877881669963244, 5.015821339999093, 3.1383188379986677, 3.096121905997279, 4.283199601006345, 3.2109132949990453, 3.267106729996158, 3.3231043520063395, 3.379515563006862, 3.4741376390011283, 3.6295037119998597, 3.7154004240001086, 3.5763306349981576, 3.677571626001736, 3.814717457004008, 4.689941290998831, 3.7804081439971924, 3.970789136001258, 3.881477654009359, 3.9399672590079717, 4.134358138006064, 4.038915252007428, 4.098286470005405, 4.33477095401031, 4.242549126007361, 4.3885482199984835, 4.443461554998066, 5.3713940090092365, 4.53733572200872, 4.491966554996907, 4.593837403997895, 4.64907456500805, 4.732199006000883, 4.768167303001974, 4.836156742996536, 4.880526858003577, 4.915338371996768], "final_accuracy": ["accuracy", 0.9523809523809523]}