{"trial_id": [0, 1, 2, 3, 4, 5, 6, 7, 8, 9, 10, 11, 12, 13, 14, 15, 16, 17, 18, 19, 20, 21, 22, 23, 24, 25, 26, 27, 28, 29, 30, 31, 32, 33, 34, 35, 36, 37, 38, 39, 40, 41, 42, 43, 44, 45, 46, 47, 48, 49, 50, 51, 52, 53, 54, 55, 56, 57, 58, 59, 60, 61, 62, 63, 64, 65, 66, 67, 68, 69, 70, 71, 72, 73, 74, 75, 76, 77, 78, 79, 80, 81, 82, 83, 84, 85, 86, 87, 88, 89, 90, 91, 92, 93, 94, 95, 96, 97, 98, 99], "cv_accuracy": [0.8838453999999999, 0.0, 0.0, 0.0, 0.0, 0.9255484, 0.0, 0.0178226, 0.0, 0.0, 0.0, 0.0178226, 0.0, 0.0, 0.8867426, 0.0, 0.9284896, 0.0, 0.0, 0.8927126000000001, 0.0, 0.0, 0.0, 0.0, 0.0, 0.0, 0.0, 0.0, 0.8867428, 0.0, 0.0, 0.8837574, 0.0, 0.0, 0.0, 0.0, 0.0, 0.0, 0.0, 0.0, 0.0, 0.9165056, 0.8927126000000001, 0.0, 0.0, 0.8927126000000001, 0.0, 0.0, 0.0, 0.0, 0.1192712, 0.9224758000000002, 0.0, 0.0, 0.0, 0.0, 0.0, 0.0, 0.0, 0.0, 0.0, 0.9314308, 0.0, 0.0, 0.0, 0.0, 0.0, 0.0, 0.0178226, 0.0, 0.0, 0.0, 0.0178226, 0.0, 0.0, 0.0, 0.0, 0.0, 0.8748026, 0.0, 0.8927126000000001, 0.0, 0.0, 0.9196224, 0.0, 0.0, 0.0, 0.8690078, 0.0, 0.0, 0.0, 0.8896836, 0.5209834, 0.0, 0.0, 0.0, 0.0, 0.0, 0.0, 0.0], "timestamp": [0.25015739900118206, 0.164753404998919, 0.12093848398944829, 0.08626257198920939, 0.1645116709987633, 0.9225895749987103, 0.43964539498847444, 0.3997314570005983, 0.47897770898998715, 0.35353050399862695, 0.3168286110012559, 0.5808579959993949, 0.6224996209930396, 0.6743663910019677, 0.7192237699928228, 0.5457561119983438, 1.9598353729961673, 0.8182387909910176, 0.7777016399923014, 1.5178445389901754, 0.861596965987701, 1.0101805939921178, 1.0564951929991366, 0.9682576679915655, 1.1210592519928468, 1.201202012001886, 1.2414823769940995, 1.1577800379891414, 3.842831734000356, 1.3149693119921722, 1.3543885089893593, 1.406033772000228, 1.7016679929947713, 1.4721400849957718, 1.5728837419883348, 1.6248894199961796, 1.661260722001316, 1.7576947819907218, 1.8636474419909064, 1.9011928819963941, 1.8124214349954855, 2.5495982089923928, 2.055558430001838, 2.1041392879997147, 2.0110162119963206, 2.3092433709971374, 2.1706404680007836, 2.251282553988858, 2.20535956499225, 2.3707930550008314, 2.4522132749989396, 2.518579867988592, 2.4094891479908256, 2.6845437699957984, 2.645576686001732, 2.59127883099427, 2.837422640994191, 2.7462315329903504, 2.7806072599923937, 2.92110964099993, 2.8714619359961944, 3.995667814000626, 3.0287385519914096, 3.16785691199766, 3.1245522699900903, 2.9846221229963703, 3.167688065994298, 3.093454222995206, 3.317193064998719, 3.3662096569896676, 3.268382283000392, 3.407225349001237, 3.4446396689891117, 3.506384459993569, 3.608779856993351, 3.647815462987637, 3.5515504270006204, 3.6949813709943555, 3.897546059990418, 3.7930789940000977, 4.228492018999532, 3.758716493990505, 3.995477520991699, 4.6955654449993744, 3.9544517399917822, 4.079476079001324, 4.186954445001902, 4.47532307599613, 4.27887287599151, 4.150012188998517, 4.414583270001458, 4.903427314988221, 4.605986622991622, 4.358793548992253, 4.474944020999828, 4.554849338994245, 4.7774787489906885, 4.66579278599238, 4.738863526989007, 4.818943430000218], "final_accuracy": ["accuracy", 0.8690476190476191]}