{"trial_id": [0, 1, 2, 3, 4, 5, 6, 7, 8, 9, 10, 11, 12, 13, 14, 15, 16, 17, 18, 19, 20, 21, 22, 23, 24, 25, 26, 27, 28, 29, 30, 31, 32, 33, 34, 35, 36, 37, 38, 39, 40, 41, 42, 43, 44, 45, 46, 47, 48, 49, 50, 51, 52, 53, 54, 55, 56, 57, 58, 59, 60, 61, 62, 63, 64, 65, 66, 67, 68, 69, 70, 71, 72, 73, 74, 75, 76, 77, 78, 79, 80, 81, 82, 83, 84, 85, 86, 87, 88, 89, 90, 91, 92, 93, 94, 95, 96, 97, 98, 99], "cv_accuracy": [0.0, 0.0, 0.0, 0.0, 0.0, 0.8825398, 0.0, 0.0, 0.8920636, 0.0, 0.0, 0.0, 0.0, 0.0, 0.0, 0.0, 0.0, 0.0, 0.0, 0.0, 0.0, 0.0, 0.0, 0.0, 0.0, 0.0, 0.0, 0.8920636, 0.0, 0.0, 0.0, 0.0, 0.888889, 0.888889, 0.8603176000000001, 0.8412700000000001, 0.0, 0.7904764, 0.0, 0.0, 0.0, 0.8857144, 0.8857144, 0.0, 0.0, 0.0, 0.0, 0.8952382, 0.0, 0.8952382, 0.0, 0.9111111999999999, 0.0, 0.0, 0.0, 0.0, 0.8857144, 0.8857144, 0.0, 0.0, 0.8539684, 0.0, 0.0, 0.0, 0.0, 0.8539684000000001, 0.0, 0.0, 0.0, 0.0, 0.8698414, 0.0, 0.0, 0.0, 0.888889, 0.8698414, 0.888889, 0.0, 0.8952382, 0.0, 0.0, 0.888889, 0.0, 0.0, 0.0, 0.0, 0.9142857999999998, 0.8952382, 0.0, 0.0, 0.0, 0.0, 0.0, 0.11746020000000001, 0.0, 0.8825398, 0.0, 0.0, 0.0, 0.0], "timestamp": [0.10213183901214506, 0.18639495800016448, 0.1861809040128719, 0.27087246300652623, 0.14212313100870233, 0.6822078640107065, 0.4458526850066846, 1.2308310200023698, 0.7209200990037061, 0.39383087400346994, 0.3338727400114294, 0.54506048100302, 0.49307818300439976, 0.5803424910118338, 0.6288315880083246, 0.7740527670102892, 0.8125933710107347, 0.855999002000317, 0.9483957769989502, 0.9055762180068996, 1.078469756001141, 1.003951329010306, 1.0431775870092679, 1.1330489610118093, 1.1805850730015663, 1.284457248999388, 1.322457886999473, 1.5576916220015846, 1.40700027901039, 1.3601400930056116, 1.4478042700065998, 1.5210893990006298, 1.6173908530035987, 1.7960508079995634, 1.8560268080036622, 1.6629242970084306, 1.7249672210018616, 2.212045170002966, 1.9107982800051104, 1.7581930960004684, 2.092481668005348, 2.0352948080108035, 1.9448276790062664, 2.001882527009002, 2.141173110998352, 2.1410457270103507, 2.2836225570063107, 2.360122976999264, 2.322285070011276, 5.422099417002755, 2.420221506006783, 2.9649733410042245, 2.5119935760012595, 2.5737048200098798, 2.4663567500101635, 2.6191179620072944, 2.8149165570066543, 2.718589801006601, 2.7767895020078868, 2.682273622005596, 5.029594042003737, 2.8610963149985764, 3.0654405020031845, 2.964709802006837, 2.922338345000753, 3.1655200630048057, 3.165347127011046, 3.105803149010171, 3.441314745010459, 3.247733527008677, 3.4986382159986533, 3.363321179000195, 3.3099770600092597, 3.4043420480011264, 3.5978411120013334, 3.8170516040117946, 3.7113975410029525, 3.5594823680003174, 4.070430905005196, 3.6604737720044795, 3.761194721009815, 3.9285064410069026, 3.866123959000106, 3.9669911400123965, 4.0081836260069394, 4.135222188007901, 4.744077704002848, 5.346565100000589, 4.1716727890016045, 4.297124859003816, 4.231460070004687, 4.3557555740117095, 4.4213813620008295, 4.473455120998551, 4.565532970998902, 4.527865745010786, 4.6358439510077005, 4.673570913000731, 4.884870166002656, 4.791732247002074], "final_accuracy": ["accuracy", 0.819047619047619]}