{"trial_id": [0, 1, 2, 3, 4, 5, 6, 7, 8, 9, 10, 11, 12, 13, 14, 15, 16, 17, 18, 19, 20, 21, 22, 23, 24, 25, 26, 27, 28, 29, 30, 31, 32, 33, 34, 35, 36, 37, 38, 39, 40, 41, 42, 43, 44, 45, 46, 47, 48, 49, 50, 51, 52, 53, 54, 55, 56, 57, 58, 59, 60, 61, 62, 63, 64, 65, 66, 67, 68, 69, 70, 71, 72, 73, 74, 75, 76, 77, 78, 79, 80, 81, 82, 83, 84, 85, 86, 87, 88, 89, 90, 91, 92, 93, 94, 95, 96, 97, 98, 99], "cv_accuracy": [0.0, 0.0, 0.8926686, 0.0, 0.0, 0.9075941999999999, 0.0, 0.9373571999999999, 0.0, 0.0, 0.0, 0.0, 0.8926686, 0.0, 0.9046092, 0.0, 0.0, 0.8896836, 0.0, 0.6666814, 0.0, 0.8866985999999999, 0.0, 0.0, 0.9165056, 0.8926686, 0.0, 0.0, 0.0, 0.0, 0.0, 0.934416, 0.0, 0.0, 0.9313872, 0.0, 0.0, 0.0, 0.0, 0.0, 0.0, 0.0, 0.9344598, 0.8837135999999999, 0.8897274000000002, 0.0, 0.0, 0.0, 0.0, 0.0, 0.0, 0.0, 0.0, 0.0, 0.0, 0.0, 0.9045652000000001, 0.0, 0.8926686, 0.0, 0.9314309999999999, 0.0, 0.0, 0.9344598, 0.0, 0.0, 0.0, 0.8926686, 0.9433274, 0.0, 0.0, 0.9403862000000001, 0.8926686, 0.0, 0.0, 0.0, 0.443547, 0.9344598, 0.6132572000000001, 0.9373571999999999, 0.0, 0.0, 0.0, 0.0, 0.0, 0.93446, 0.0, 0.0, 0.0, 0.0, 0.934416, 0.0, 0.0, 0.0, 0.8866985999999999, 0.0, 0.0, 0.0, 0.0, 0.8926686], "timestamp": [0.1473914380039787, 0.23072354700707365, 0.5206737240077928, 0.10634128999663517, 0.14692607300821692, 0.32860266699572094, 0.43618724499538075, 1.2573617269954411, 0.38747198799683247, 0.29601004300639033, 0.5614121010003146, 0.47395708700059913, 0.6820952109992504, 0.7637638239975786, 1.0707033390062861, 0.7253025179961696, 0.6265163339994615, 0.9562528639944503, 0.8255525349959498, 0.9169078520062612, 0.8645190700044623, 1.1533259440038819, 1.0164417159976438, 1.1165307839983143, 1.366310273995623, 1.6347910210024565, 1.304897833004361, 1.4901200820022495, 1.2174852799944347, 1.4023349140043138, 1.4478420710074715, 3.1728479269950185, 1.691803712004912, 1.591273783997167, 2.1365914290072396, 1.5546682499989402, 1.7871028630033834, 1.9867024470004253, 1.7356826619943604, 1.8462921820027987, 1.8464411879976979, 1.9258500790019752, 5.4855602140014526, 2.183081281007617, 2.0182153140049195, 2.2265600859973347, 2.0817679699975997, 2.2668535870034248, 2.327814115997171, 2.4274355880043004, 2.4723977590037975, 2.511091647000285, 2.386145081007271, 2.604410897998605, 2.6659803060028935, 2.5722912950004684, 3.2934310779965017, 2.7762688329967204, 2.736489385002642, 2.8246429029968567, 5.335525383008644, 2.8897442750021582, 2.941608784007258, 3.4972735850024037, 3.0129071370029123, 3.0671318380045705, 3.121413973000017, 3.2492614289949415, 3.6404919549968326, 3.3890440270042745, 3.353933328995481, 4.350502323999535, 3.4588316090084845, 3.6057793490035692, 3.5564856989949476, 3.6939546360081295, 3.8579083340009674, 4.310225452994928, 3.7682707970088813, 4.136005694002961, 3.913253493999946, 3.969856630996219, 4.024235553995823, 4.078828807003447, 4.176880580998841, 5.0534088510030415, 4.2697505350079155, 4.414454240002669, 4.5014765320083825, 4.445212182006799, 5.870034542007488, 4.552647381002316, 4.603952407996985, 4.664889801002573, 4.765286003006622, 4.720363884000108, 4.829658960006782, 4.872219172000769, 4.989111119997688, 4.943790915000136], "final_accuracy": ["accuracy", 0.8690476190476191]}