{"trial_id": [0, 1, 2, 3, 4, 5, 6, 7, 8, 9, 10, 11, 12, 13, 14, 15, 16, 17, 18, 19, 20, 21, 22, 23, 24, 25, 26, 27, 28, 29, 30, 31, 32, 33, 34, 35, 36, 37, 38, 39, 40, 41, 42, 43, 44, 45, 46, 47, 48, 49, 50, 51, 52, 53, 54, 55, 56, 57, 58, 59, 60, 61, 62, 63, 64, 65, 66, 67, 68, 69, 70, 71, 72, 73, 74, 75, 76, 77, 78, 79, 80, 81, 82, 83, 84, 85, 86, 87, 88, 89, 90, 91, 92, 93, 94, 95, 96, 97, 98, 99], "cv_accuracy": [0.0, 0.0, 0.8920636, 0.8920636, 0.0, 0.0, 0.9142858, 0.0, 0.0, 0.8920636, 0.0, 0.0, 0.9269841999999999, 0.0, 0.0, 0.0, 0.0, 0.0, 0.0, 0.0, 0.1650792, 0.9047620000000001, 0.0, 0.0, 0.9301588000000001, 0.0, 0.0, 0.0, 0.0, 0.4793647999999999, 0.634921, 0.9301587999999998, 0.0, 0.8920636, 0.0, 0.0, 0.0, 0.9301588000000001, 0.0, 0.8920636, 0.9301587999999998, 0.8920636, 0.0, 0.0, 0.0, 0.9047620000000001, 0.8920636, 0.0, 0.5873018, 0.0, 0.0, 0.0, 0.9015874, 0.0, 0.8920636, 0.8920636, 0.0, 0.0, 0.0, 0.0, 0.0, 0.8920636, 0.0, 0.0, 0.0, 0.0, 0.0, 0.6730162, 0.0, 0.0, 0.9047620000000001, 0.0, 0.0, 0.0, 0.9238096, 0.0, 0.0, 0.0, 0.0, 0.0, 0.0, 0.0, 0.0, 0.0, 0.8285715999999999, 0.0, 0.0, 0.0, 0.0, 0.8920636, 0.0, 0.0, 0.8920636, 0.0, 0.0, 0.0, 0.0, 0.0, 0.0, 0.7206352], "timestamp": [0.07675647900032345, 0.31992058501055, 0.7484702560032019, 0.21066504401096608, 0.16745331601123326, 0.10822739900322631, 0.5690655260113999, 0.2535530250024749, 0.426318733007065, 0.4260113180062035, 0.3594740510015981, 0.5060925870056963, 1.3430984570004512, 0.6612430220120586, 0.8107033720007166, 0.6033565170073416, 0.8487166140112095, 0.7124093880120199, 0.8933712070138426, 0.9485785950091667, 1.0951506870042067, 1.2038860490138177, 1.0507440450019203, 1.0015943000034895, 1.4056603640055982, 1.7731914010073524, 1.2521451670036186, 1.1626292600121815, 1.3127362800005358, 1.5463277820090298, 1.5079393010091735, 1.5920222870045109, 1.455281829010346, 1.8515241910063196, 1.6327718820102746, 1.6987226720084436, 1.8155721940129297, 4.735873141005868, 1.7331390170002123, 2.120993853008258, 2.5527644590038108, 1.97652254300192, 2.0815715570061, 1.9179516860021977, 2.0127412240108242, 2.3996831650001695, 2.355033349012956, 2.203219863004051, 2.2428871850133874, 2.445571517004282, 2.306690905999858, 2.493490358014242, 3.001211101000081, 2.6388078420131933, 2.6022051960026147, 2.887513999012299, 2.7055628300004173, 2.798945487011224, 2.7450085940072313, 2.853123543012771, 2.9311535750020994, 3.2331694990134565, 3.1934714270028053, 3.0450742590037407, 3.104412315005902, 3.2659421200078214, 3.141065319010522, 5.105476541008102, 3.3641862950025825, 3.4313352890021633, 3.996248010007548, 3.327625222009374, 3.520240833007847, 3.4681253490125528, 3.7971935750101693, 3.5745949300035136, 3.623293849013862, 3.6830813090055017, 3.748192845014273, 3.838685335009359, 4.922661861011875, 3.9619067360035842, 3.910962465000921, 4.090127246003249, 4.539338427013718, 4.058582310011843, 4.206516446007299, 4.174040034005884, 4.287976401014021, 4.440642585002934, 4.342492098003277, 4.396823833012604, 4.689460704001249, 4.498813798010815, 4.642471746003139, 4.599066025009961, 4.77123187801044, 4.859939529007534, 4.822653832001379, 4.970172313012881], "final_accuracy": ["accuracy", 0.8952380952380953]}