{"trial_id": [0, 1, 2, 3, 4, 5, 6, 7, 8, 9, 10, 11, 12, 13, 14, 15, 16, 17, 18, 19, 20, 21, 22, 23, 24, 25, 26, 27, 28, 29, 30, 31, 32, 33, 34, 35, 36, 37, 38, 39, 40, 41, 42, 43, 44, 45, 46, 47, 48, 49, 50, 51, 52, 53, 54, 55, 56, 57, 58, 59, 60, 61, 62, 63, 64, 65, 66, 67, 68, 69, 70, 71, 72, 73, 74, 75, 76, 77, 78, 79, 80, 81, 82, 83, 84, 85, 86, 87, 88, 89, 90, 91, 92, 93, 94, 95, 96, 97, 98, 99], "cv_accuracy": [0.0, 0.0, 0.0, 0.0, 0.0, 0.935418, 0.0, 0.9252484000000001, 0.8877264, 0.0, 0.0, 0.0, 0.8538866, 0.0, 0.0, 0.0, 0.8741669999999999, 0.9421978, 0.0, 0.0, 0.0, 0.0, 0.0, 0.0, 0.0, 0.0, 0.0, 0.0, 0.0, 0.0, 0.0, 0.928638, 0.9421976000000001, 0.0, 0.0, 0.0, 0.0, 0.0, 0.9252484000000001, 0.0, 0.0, 0.8877264, 0.0, 0.0, 0.0, 0.8877264, 0.9285798, 0.0, 0.0, 0.0, 0.8877264, 0.8877264, 0.0, 0.8877264, 0.0, 0.0, 0.0, 0.0, 0.8877264, 0.0, 0.0, 0.0, 0.0, 0.0, 0.0, 0.0, 0.0, 0.0, 0.0, 0.0, 0.6970778, 0.8945062, 0.9150788000000001, 0.0, 0.0, 0.7140852, 0.0, 0.0, 0.0, 0.0, 0.0, 0.0, 0.9354180000000001, 0.0, 0.0, 0.935418, 0.9421978, 0.8877264, 0.0, 0.0, 0.0, 0.9421978, 0.9150788000000001, 0.0, 0.8673873999999999, 0.0, 0.0, 0.0, 0.0, 0.0], "timestamp": [0.2392278720071772, 0.1578863330068998, 0.07350967499951366, 0.11911954800598323, 0.19824275700375438, 0.45476130599854514, 0.31081053700472694, 1.6291705379990162, 0.6401422869967064, 0.3523798550013453, 0.38736318799783476, 0.4980782570055453, 0.8692535570007749, 0.5558260940015316, 0.9053202079958282, 0.5976812440057984, 1.2013025110063609, 1.243476924006245, 0.7031413180084201, 0.7585296030010795, 0.8173843100084923, 0.9691113940061769, 1.0748511440033326, 1.0065077000035672, 1.1591745400073705, 1.1123227030038834, 1.3854824320005719, 1.3444839260046137, 1.471099349000724, 1.4330060590000357, 1.3084584110038122, 2.9435361780051608, 2.3221117990033235, 1.537565000995528, 1.588378547996399, 1.718217582005309, 1.6785523970029317, 1.787945973002934, 2.124316435001674, 1.8324311769974884, 1.8851505140046356, 2.0348220379964914, 1.942122886001016, 1.999082737005665, 2.083065943996189, 2.2388860259961803, 3.6292556609987514, 2.283081975998357, 2.1888047740067123, 2.367940880008973, 2.8954288189997897, 2.548040873996797, 2.443533797006239, 2.492677086003823, 2.7533044410083676, 2.5986937300040154, 2.6609139049978694, 2.660772810995695, 3.247632896003779, 2.8049659940006677, 2.8628542100050254, 3.1041324690013425, 3.0650301819987362, 3.140025572007289, 3.0093976369971642, 3.1860019890009426, 3.2884873099974357, 3.3761653900000965, 3.4159694429981755, 3.3241334880003706, 3.525465501996223, 4.517952770009288, 4.042851175006945, 3.5745539479976287, 3.487813272004132, 4.139503151003737, 3.6774407210032223, 3.7361681120091816, 3.7835728189966176, 3.8219612630055053, 3.8948058800015133, 3.9391296789981425, 4.6381187710067024, 4.093322961998638, 4.00020445100381, 5.059426945997984, 5.021688417007681, 4.312164365008357, 4.200853201007703, 4.262600678004674, 4.356355866999365, 4.862670078000519, 4.463180482009193, 4.570218057007878, 4.912221214995952, 4.676685059006559, 4.955907462004689, 4.750780850998126, 4.815912983001908, 5.430273496996961], "final_accuracy": ["accuracy", 0.8571428571428571]}