{"3":0.5,"1":0.923076923076923,"2":0.615384615384615,"4":0.538461538461538}
