{"3":4.03388953208923,"1":3.48195242881775,"2":2.97033429145813,"4":4.20298409461975}
