{"2":0.676923076923077,"4":0.588709677419355,"1":0.459770114942529,"3":0.274193548387097}
