{"2":0.727837085723877,"4":0.785699605941772,"1":0.764866352081299,"3":0.749816656112671}
