{"trial_id": [0, 1, 2, 3, 4, 5, 6, 7, 8, 9, 10, 11, 12, 13, 14, 15, 16, 17, 18, 19, 20, 21, 22, 23, 24, 25, 26, 27, 28, 29, 30, 31, 32, 33, 34, 35, 36, 37, 38, 39, 40, 41, 42, 43, 44, 45, 46, 47, 48, 49, 50, 51, 52, 53, 54, 55, 56, 57, 58, 59, 60, 61, 62, 63, 64, 65, 66, 67, 68, 69, 70, 71, 72, 73, 74, 75, 76, 77, 78, 79, 80, 81, 82, 83, 84, 85, 86, 87, 88, 89, 90, 91, 92, 93, 94, 95, 96, 97, 98, 99], "cv_accuracy": [0.14375, 0.14375, 0.14375, 0.14375, 0.14375, 0.31875, 0.14375, 0.44375, 0.31875, 0.14375, 0.25, 0.31875, 0.31875, 0.325, 0.31875, 0.14375, 0.30625, 0.31875, 0.30625, 0.14375, 0.14375, 0.14375, 0.3125, 0.14375, 0.48125, 0.31875, 0.61875, 0.31875, 0.14375, 0.31875, 0.14375, 0.30625, 0.14375, 0.14375, 0.14375, 0.275, 0.3, 0.3, 0.14375, 0.14375, 0.14375, 0.14375, 0.45625, 0.31875, 0.14375, 0.3125, 0.14375, 0.14375, 0.3125, 0.25625, 0.6375, 0.14375, 0.33125, 0.14375, 0.31875, 0.3125, 0.31875, 0.325, 0.30625, 0.14375, 0.14375, 0.14375, 0.14375, 0.14375, 0.31875, 0.31875, 0.64375, 0.28125, 0.275, 0.6875, 0.31875, 0.14375, 0.14375, 0.30625, 0.31875, 0.14375, 0.30625, 0.14375, 0.31875, 0.14375, 0.31875, 0.31875, 0.31875, 0.31875, 0.31875, 0.3125, 0.54375, 0.14375, 0.33125, 0.14375, 0.14375, 0.275, 0.3, 0.20625, 0.6625, 0.3125, 0.31875, 0.4375, 0.14375, 0.30625], "timestamp": [0.11016812401067, 0.27778863000276033, 0.15765275699959602, 0.16008516200236045, 0.10945833100413438, 0.9034545809990959, 0.3588787320040865, 0.43032603099709377, 0.8297907730011502, 0.4812185769987991, 0.7690737290104153, 0.5836247609986458, 0.5344275780080352, 0.6401396410074085, 1.2597064190049423, 0.6980576490022941, 1.0162358500092523, 0.8611120540008415, 0.9510356230020989, 1.095073514006799, 1.0572064260049956, 1.1349167010048404, 1.3069749870046508, 1.202297684008954, 1.3434724120015744, 1.680440031006583, 2.60177722699882, 1.4590702700079419, 1.6464165080105886, 1.6071153369994136, 1.4086861649993807, 1.51314301500679, 1.5694137020036578, 1.7181753409968223, 1.8290105360065354, 1.9234762690030038, 1.8857577580056386, 2.174289406000753, 1.782117945011123, 1.9603233030065894, 2.0090054720058106, 2.3448188220063457, 2.394057387005887, 2.127967811000417, 2.06834096100647, 2.5015208310069283, 2.2306135020044167, 2.269612144009443, 2.9692095479986165, 2.920032488007564, 2.7691014099982567, 2.4570401219971245, 3.2582095520047005, 2.5588454230019124, 2.6795081669988576, 2.7363017309980933, 2.8106478260015137, 3.673245357000269, 3.058463777997531, 2.871478589004255, 3.008535920002032, 3.1033610760059673, 3.2031247609993443, 3.1598900430108188, 3.35720501600008, 3.292701352009317, 4.242620706005255, 3.841719796997495, 3.4184090470080264, 4.499542999998084, 3.471957713001757, 3.504347077003331, 3.5888866629975382, 4.034251400997164, 4.085324967003544, 3.7270704270049464, 3.7831894420087337, 3.9063575260079233, 3.936236616005772, 4.463448004011298, 3.999040861002868, 4.205672858006437, 4.155063922007685, 4.356873413998983, 4.319686593997176, 4.402757251998992, 5.323243569000624, 4.542672408002545, 4.9007422200083965, 4.6099992540112, 4.813467371001025, 4.658098294006777, 4.7089682380028535, 4.754225327007589, 5.128735842008609, 4.942891251004767, 4.853340036002919, 5.506370364004397, 5.001938761997735, 5.059248695004499], "final_accuracy": ["accuracy", 0.6]}