{"trial_id": [0, 1, 2, 3, 4, 5, 6, 7, 8, 9, 10, 11, 12, 13, 14, 15, 16, 17, 18, 19, 20, 21, 22, 23, 24, 25, 26, 27, 28, 29, 30, 31, 32, 33, 34, 35, 36, 37, 38, 39, 40, 41, 42, 43, 44, 45, 46, 47, 48, 49, 50, 51, 52, 53, 54, 55, 56, 57, 58, 59, 60, 61, 62, 63, 64, 65, 66, 67, 68, 69, 70, 71, 72, 73, 74, 75, 76, 77, 78, 79, 80, 81, 82, 83, 84, 85, 86, 87, 88, 89, 90, 91, 92, 93, 94, 95, 96, 97, 98, 99], "cv_accuracy": [0.13125, 0.28125, 0.2875, 0.13125, 0.13125, 0.1375, 0.3, 0.13125, 0.275, 0.29375, 0.13125, 0.275, 0.29375, 0.13125, 0.29375, 0.6, 0.13125, 0.7375, 0.13125, 0.29375, 0.2875, 0.13125, 0.2625, 0.29375, 0.13125, 0.5, 0.13125, 0.7, 0.29375, 0.45, 0.13125, 0.13125, 0.13125, 0.13125, 0.66875, 0.13125, 0.58125, 0.29375, 0.2875, 0.29375, 0.13125, 0.13125, 0.29375, 0.6875, 0.13125, 0.3, 0.29375, 0.13125, 0.13125, 0.13125, 0.29375, 0.13125, 0.29375, 0.13125, 0.3, 0.13125, 0.3, 0.13125, 0.13125, 0.29375, 0.13125, 0.65, 0.2875, 0.29375, 0.29375, 0.13125, 0.13125, 0.13125, 0.2875, 0.3, 0.13125, 0.13125, 0.29375, 0.13125, 0.29375, 0.2875, 0.13125, 0.13125, 0.13125, 0.28125, 0.2875, 0.5625, 0.2875, 0.13125, 0.29375, 0.13125, 0.275, 0.13125, 0.13125, 0.675, 0.13125, 0.25, 0.13125, 0.13125, 0.13125, 0.275, 0.13125, 0.28125, 0.3, 0.41875], "timestamp": [0.25085133500397205, 0.16781985100533348, 0.20702382700983435, 0.1269233070051996, 0.08150684900465421, 0.28472206099831965, 0.6267589060007595, 0.40435094900021795, 0.36144728600629605, 0.44512752001173794, 0.4883225550001953, 1.3866698180063395, 1.163072256007581, 0.5662589130079141, 0.7783506950072479, 0.6272184630070115, 0.7109392940037651, 1.3403918999974849, 0.8155399420065805, 1.28299871100171, 0.9445470790087711, 0.8852855250006542, 0.9795631239976501, 1.1168883820064366, 1.0476463880040683, 1.9386997770052403, 1.2282807709998451, 2.378534296003636, 1.42851641800371, 1.6338805859995773, 1.4858972920046654, 1.5878542470018147, 1.6900942339998437, 1.5448497199977282, 2.2910050630016485, 1.747390283999266, 3.437423971001408, 2.888728263002122, 1.8007043810066534, 1.8541702200018335, 1.9056291400047485, 2.0494904730003327, 2.0097119959973497, 2.1893073190003633, 2.1059024470014265, 2.334026762007852, 2.255932030006079, 2.4761597370088566, 2.4415884360059863, 2.521981890007737, 2.567440594008076, 2.6351834700035397, 2.9444193160015857, 2.6731435609981418, 2.855152589007048, 2.7491500559990527, 3.0740479079977376, 2.80676674201095, 3.2134931449982105, 3.342350808001356, 2.9955375700083096, 3.3019891570002073, 3.395729398005642, 3.1342013430112274, 4.238654975008103, 3.2681764630106045, 3.538485020006192, 3.498093846006668, 4.04694595100591, 3.7899793640099233, 3.5817262710042996, 3.6889552310021827, 3.731882032006979, 3.6469224040047266, 4.659447275000275, 3.8890145199984545, 3.8431641799979843, 3.9311721670092084, 3.9943401050113607, 4.084094442005153, 4.137770159999491, 4.296524837001925, 4.512236245005624, 4.197178021000582, 4.556564849001006, 4.353592875006143, 5.189229645009618, 4.403707833000226, 4.466401748009957, 5.30001216600067, 4.614957345009316, 4.701325771005941, 4.746817749008187, 4.80341923701053, 4.85712696101109, 5.360019920000923, 4.900401459002751, 5.001849507010775, 5.05565404400113, 5.248067155000172], "final_accuracy": ["accuracy", 0.85]}