{"trial_id": [0, 1, 2, 3, 4, 5, 6, 7, 8, 9, 10, 11, 12, 13, 14, 15, 16, 17, 18, 19, 20, 21, 22, 23, 24, 25, 26, 27, 28, 29, 30, 31, 32, 33, 34, 35, 36, 37, 38, 39, 40, 41, 42, 43, 44, 45, 46, 47, 48, 49, 50, 51, 52, 53, 54, 55, 56, 57, 58, 59, 60, 61, 62, 63, 64, 65, 66, 67, 68, 69, 70, 71, 72, 73, 74, 75, 76, 77, 78, 79, 80, 81, 82, 83, 84, 85, 86, 87, 88, 89, 90, 91, 92, 93, 94, 95, 96, 97, 98, 99], "cv_accuracy": [0.11875, 0.30625, 0.3125, 0.2875, 0.29375, 0.11875, 0.11875, 0.11875, 0.375, 0.11875, 0.11875, 0.3, 0.29375, 0.275, 0.11875, 0.275, 0.48125, 0.275, 0.30625, 0.3, 0.11875, 0.11875, 0.11875, 0.275, 0.4875, 0.11875, 0.30625, 0.11875, 0.3, 0.11875, 0.30625, 0.3125, 0.11875, 0.275, 0.2875, 0.11875, 0.11875, 0.3, 0.30625, 0.29375, 0.11875, 0.11875, 0.3, 0.11875, 0.11875, 0.39375, 0.35, 0.4875, 0.30625, 0.30625, 0.6875, 0.11875, 0.2875, 0.30625, 0.11875, 0.2875, 0.5125, 0.2875, 0.11875, 0.3, 0.2875, 0.11875, 0.11875, 0.11875, 0.29375, 0.66875, 0.29375, 0.5, 0.11875, 0.30625, 0.11875, 0.2875, 0.2875, 0.2875, 0.2875, 0.11875, 0.11875, 0.11875, 0.11875, 0.11875, 0.30625, 0.11875, 0.3, 0.275, 0.30625, 0.3, 0.11875, 0.3, 0.30625, 0.69375, 0.11875, 0.11875, 0.2875, 0.30625, 0.2875, 0.11875, 0.29375, 0.3, 0.11875, 0.40625], "timestamp": [0.23337285799789242, 0.4179588760016486, 0.33393493900075555, 0.7480821479985025, 0.11843327099632006, 0.07909526700677816, 0.27211802899546456, 0.18443410300824326, 0.5061141460028011, 0.46507561500766315, 0.3767723150085658, 0.6080203150049783, 0.5667014990031021, 0.6502647860033903, 0.6976610450074077, 1.0734983239963185, 2.6898797589965397, 3.795074569003191, 1.503089464007644, 0.8661157220049063, 0.8129993320035283, 0.918522705003852, 0.967025118006859, 1.0370236879971344, 1.726645938004367, 1.1491567579942057, 1.1874326770048356, 1.2940432059986051, 1.2590571180044208, 1.4243491140077822, 1.357810575995245, 1.4657373460067902, 1.5705410570080858, 1.9036951279995264, 1.6677057159977267, 1.6343365860084305, 1.8386082840006566, 1.7828660679952009, 1.984248259002925, 2.459725452004932, 1.934610333002638, 2.177581141004339, 2.128782065003179, 2.044322567002382, 2.0983034149976447, 2.3758491269982187, 2.2569511070032604, 2.2980229509994388, 2.810854388997541, 2.416117432003375, 2.988081271003466, 2.5268301549949683, 2.561524172007921, 2.7369350109947845, 2.6227373340079794, 3.16173920899746, 3.3027086289948784, 2.9291972589999205, 2.8683742440043716, 3.2305656359967543, 3.5127012050070334, 3.048203023005044, 3.1047155590058537, 3.405923886995879, 3.4481852970056934, 4.515667555999244, 3.3754247809993103, 4.481375151997781, 3.6043134789942997, 3.5516594820073806, 3.663210305996472, 4.604946260995348, 4.242802149994532, 3.730287225000211, 3.9108200400078204, 3.8505066350044217, 3.9555101430014474, 4.015210982004646, 4.015034522002679, 4.111730567004997, 4.398611005002749, 4.1669956179976, 5.309217036003247, 4.303220974004944, 4.668147420001333, 4.515227765994496, 4.709871145998477, 4.908052430997486, 4.771231635008007, 5.265015355005744, 4.854123693003203, 4.809745582999312, 4.971019596996484, 5.005134545004694, 5.444907021999825, 5.060469307994936, 5.365743315007421, 5.115141368005425, 5.166995122999651, 5.2292243230040185], "final_accuracy": ["accuracy", 0.75]}