{"trial_id": [0, 1, 2, 3, 4, 5, 6, 7, 8, 9, 10, 11, 12, 13, 14, 15, 16, 17, 18, 19, 20, 21, 22, 23, 24, 25, 26, 27, 28, 29, 30, 31, 32, 33, 34, 35, 36, 37, 38, 39, 40, 41, 42, 43, 44, 45, 46, 47, 48, 49, 50, 51, 52, 53, 54, 55, 56, 57, 58, 59, 60, 61, 62, 63, 64, 65, 66, 67, 68, 69, 70, 71, 72, 73, 74, 75, 76, 77, 78, 79, 80, 81, 82, 83, 84, 85, 86, 87, 88, 89, 90, 91, 92, 93, 94, 95, 96, 97, 98, 99], "cv_accuracy": [0.33125, 0.14375, 0.14375, 0.3125, 0.33125, 0.20625, 0.3375, 0.3125, 0.3125, 0.33125, 0.59375, 0.14375, 0.14375, 0.2875, 0.14375, 0.14375, 0.33125, 0.14375, 0.14375, 0.325, 0.59375, 0.325, 0.14375, 0.14375, 0.14375, 0.14375, 0.33125, 0.64375, 0.325, 0.3375, 0.14375, 0.14375, 0.14375, 0.14375, 0.14375, 0.3125, 0.325, 0.33125, 0.325, 0.325, 0.14375, 0.14375, 0.3125, 0.31875, 0.14375, 0.14375, 0.33125, 0.31875, 0.325, 0.31875, 0.14375, 0.30625, 0.14375, 0.14375, 0.31875, 0.325, 0.53125, 0.7125, 0.14375, 0.33125, 0.39375, 0.29375, 0.33125, 0.7125, 0.64375, 0.46875, 0.325, 0.325, 0.14375, 0.33125, 0.325, 0.31875, 0.325, 0.33125, 0.325, 0.14375, 0.33125, 0.14375, 0.14375, 0.14375, 0.14375, 0.30625, 0.14375, 0.31875, 0.44375, 0.4375, 0.14375, 0.3375, 0.20625, 0.33125, 0.14375, 0.14375, 0.33125, 0.14375, 0.3125, 0.14375, 0.14375, 0.425, 0.325, 0.14375], "timestamp": [0.7817693830002099, 0.1318774750106968, 0.08335765299852937, 0.1773894299985841, 0.4184045790025266, 0.9786255640065065, 0.48075522400904447, 0.2620771210058592, 0.3293866330059245, 0.3727004870015662, 2.3173253319982905, 0.5678562030079775, 0.5205182089994196, 0.6760169990011491, 0.6756257840024773, 0.6333093420107616, 0.8709698930033483, 0.9122735870041652, 0.8170711209968431, 1.2175598890025867, 1.3766425040084869, 1.023708416003501, 1.166815222997684, 1.1213003800075967, 1.0857473030046094, 1.275996288008173, 2.5396393069968326, 1.6989814630069304, 1.3206582499988144, 1.9825455009995494, 1.4245973729994148, 1.4833522780099884, 1.521774610009743, 1.811733284004731, 1.5827457770064939, 1.6396928960020887, 1.7329687290039146, 2.257617384006153, 1.8514945140050258, 2.3817542050092015, 1.9205568850011332, 1.9828794540080708, 2.8874722530017607, 2.0854695190064376, 2.1482576150010573, 2.2126846160099376, 2.486212461008108, 3.264012018000358, 2.4456161910056835, 3.064918725998723, 2.602841437997995, 2.644827306008665, 2.6818440460046986, 2.758453743008431, 2.931238516001031, 2.7997438099991996, 3.3291331869986607, 2.9722368939983426, 3.0317622750008013, 3.148274235005374, 3.447540332999779, 3.390620078003849, 3.199539592998917, 6.0725307570100995, 3.8034000210027443, 3.5106891980103683, 3.5996883810003055, 4.1156852790009, 3.5110177140013548, 4.022994013997959, 3.66454382801021, 4.546770030006883, 3.740884860002552, 3.8850622169993585, 4.253664885007311, 3.9418586660030996, 4.069690917007392, 4.168353016008041, 4.21557543000381, 4.291731958001037, 4.347972339004627, 4.49130551199778, 4.4538574750040425, 4.403666035010247, 6.444692596996902, 4.949627515001339, 4.605420163003146, 4.675850396000897, 5.514338202003273, 4.851099074003287, 4.737152736997814, 4.7976844439981505, 5.337954422997427, 4.90200855799776, 5.2519793460087385, 5.012268418009626, 5.063233530003345, 5.186335236008745, 5.437181273009628, 5.304173336000531], "final_accuracy": ["accuracy", 0.6]}