{"trial_id": [0, 1, 2, 3, 4, 5, 6, 7, 8, 9, 10, 11, 12, 13, 14, 15, 16, 17, 18, 19, 20, 21, 22, 23, 24, 25, 26, 27, 28, 29, 30, 31, 32, 33, 34, 35, 36, 37, 38, 39, 40, 41, 42, 43, 44, 45, 46, 47, 48, 49, 50, 51, 52, 53, 54, 55, 56, 57, 58, 59, 60, 61, 62, 63, 64, 65, 66, 67, 68, 69, 70, 71, 72, 73, 74, 75, 76, 77, 78, 79, 80, 81, 82, 83, 84, 85, 86, 87, 88, 89, 90, 91, 92, 93, 94, 95, 96, 97, 98, 99], "cv_accuracy": [0.2, 0.31875, 0.1375, 0.1375, 0.1375, 0.30625, 0.1375, 0.46875, 0.28125, 0.1375, 0.28125, 0.1375, 0.1375, 0.1375, 0.3125, 0.325, 0.1375, 0.625, 0.1375, 0.1375, 0.3875, 0.53125, 0.1375, 0.3125, 0.1375, 0.275, 0.325, 0.34375, 0.275, 0.2625, 0.1375, 0.1375, 0.1375, 0.1375, 0.1375, 0.1375, 0.5125, 0.28125, 0.3375, 0.35625, 0.64375, 0.1375, 0.1375, 0.31875, 0.1375, 0.34375, 0.2875, 0.31875, 0.28125, 0.325, 0.275, 0.3, 0.28125, 0.1375, 0.30625, 0.1375, 0.35625, 0.1375, 0.35, 0.28125, 0.2, 0.28125, 0.1375, 0.28125, 0.28125, 0.2, 0.31875, 0.1375, 0.28125, 0.55625, 0.39375, 0.5, 0.1375, 0.1375, 0.3125, 0.55625, 0.275, 0.63125, 0.56875, 0.1375, 0.1375, 0.31875, 0.1375, 0.1375, 0.1375, 0.1375, 0.26875, 0.1375, 0.2875, 0.26875, 0.3125, 0.28125, 0.1375, 0.25, 0.1375, 0.1375, 0.1375, 0.3375, 0.31875, 0.2], "timestamp": [0.5559522069961531, 0.27994503000809345, 0.13105090300086886, 0.17135659100313205, 0.21293035500275437, 0.08640958700561896, 0.319830139997066, 1.0378155500075081, 1.2120901930029504, 0.49501559100463055, 0.8052672640042147, 0.3971167990093818, 0.45621136300906073, 0.6505547709966777, 0.6047061650024261, 0.7081050279957708, 0.7604740509996191, 1.297468664997723, 0.8632494850025978, 0.913244481998845, 1.9593186730053276, 2.3500080359954154, 0.9713981920067454, 1.1363101839961018, 1.094109687008313, 2.3114297290012473, 1.2490206570073497, 1.4988928840029985, 1.4023098540055798, 1.788967654996668, 1.4558535300020594, 1.592274520007777, 1.5571923120005522, 1.703308317999472, 1.6515257919963915, 1.7467229510075413, 2.4220507999998517, 1.909578805003548, 1.9979349380009808, 2.1752565360075096, 3.0175097070023185, 2.0553214569954434, 2.108945799001958, 2.277624509006273, 2.229458055997384, 2.4225520720065106, 2.7953718839999055, 2.5262411099974997, 2.575349703998654, 2.7596668990008766, 2.870418852005969, 2.648744293997879, 2.91698321000149, 2.715380865003681, 3.124845070997253, 2.9725031639973167, 3.242936954004108, 3.079221794003388, 3.1812633180088596, 3.5768665430077817, 3.5235346499976004, 3.42272012399917, 3.3054320640076185, 4.234220901009394, 3.3461814610054716, 4.009191320001264, 3.422512548000668, 3.6254839839966735, 3.689068738007336, 3.7876598419970833, 4.061928613999044, 3.970178996998584, 3.745006637996994, 3.8534741190087516, 3.907134467008291, 4.980072905003908, 4.610759413000778, 4.703164424005081, 4.4467903549957555, 4.118233215005603, 4.176224584996817, 4.335901067999657, 4.301193491002778, 4.501287933002459, 4.406000602000859, 4.556700057000853, 4.770436756996787, 4.662971327008563, 5.057445436003036, 5.391382779009291, 4.914588341009221, 5.1067657450039405, 4.851488241998595, 5.3123381760087796, 5.010485128004802, 5.209396967009525, 5.162984944006894, 5.435208121998585, 5.248963532998459, 5.5256039340019925], "final_accuracy": ["accuracy", 0.55]}