{"trial_id": [0, 1, 2, 3, 4, 5, 6, 7, 8, 9, 10, 11, 12, 13, 14, 15, 16, 17, 18, 19, 20, 21, 22, 23, 24, 25, 26, 27, 28, 29, 30, 31, 32, 33, 34, 35, 36, 37, 38, 39, 40, 41, 42, 43, 44, 45, 46, 47, 48, 49, 50, 51, 52, 53, 54, 55, 56, 57, 58, 59, 60, 61, 62, 63, 64, 65, 66, 67, 68, 69, 70, 71, 72, 73, 74, 75, 76, 77, 78, 79, 80, 81, 82, 83, 84, 85, 86, 87, 88, 89, 90, 91, 92, 93, 94, 95, 96, 97, 98, 99], "cv_accuracy": [0.2875, 0.2875, 0.13125, 0.13125, 0.29375, 0.28125, 0.13125, 0.28125, 0.13125, 0.525, 0.13125, 0.2125, 0.13125, 0.13125, 0.2875, 0.25, 0.13125, 0.2625, 0.2875, 0.13125, 0.13125, 0.13125, 0.13125, 0.13125, 0.70625, 0.30625, 0.7, 0.13125, 0.63125, 0.13125, 0.13125, 0.56875, 0.3, 0.13125, 0.28125, 0.13125, 0.13125, 0.2875, 0.13125, 0.2875, 0.30625, 0.13125, 0.13125, 0.29375, 0.375, 0.29375, 0.13125, 0.29375, 0.30625, 0.13125, 0.24375, 0.3875, 0.13125, 0.3, 0.28125, 0.13125, 0.13125, 0.13125, 0.13125, 0.13125, 0.24375, 0.29375, 0.2875, 0.28125, 0.13125, 0.29375, 0.13125, 0.29375, 0.5375, 0.13125, 0.29375, 0.29375, 0.45625, 0.28125, 0.28125, 0.13125, 0.28125, 0.13125, 0.64375, 0.3, 0.23125, 0.275, 0.13125, 0.13125, 0.29375, 0.13125, 0.30625, 0.13125, 0.2875, 0.13125, 0.29375, 0.25625, 0.13125, 0.13125, 0.15, 0.28125, 0.28125, 0.6375, 0.13125, 0.13125], "timestamp": [0.23082065999915358, 0.1584398209961364, 0.10263753400067799, 0.158209982997505, 1.428096250994713, 0.9513703529955819, 0.31046977700316347, 0.36174634100461844, 0.39677923399722204, 1.2830102650041226, 0.46694457800185774, 0.57492314800038, 0.5112733319983818, 0.6253113929997198, 0.6781888980040094, 0.7268082889931975, 0.7727648379950551, 0.9062355009955354, 0.8310647070029518, 0.8721910909953294, 1.0226961040025344, 1.0657754589919932, 1.1370602800016059, 1.0954302979953354, 1.525812642998062, 3.923398414000985, 2.943628869994427, 1.1968720069999108, 1.329121351998765, 1.3817558369919425, 1.4724092300020857, 3.4430979619937716, 1.846959931004676, 1.5678421810007421, 2.0976703079941217, 1.6271154260030016, 1.679869712999789, 1.7465758939943044, 1.7995961300039198, 2.3257631279993802, 1.9329576390009606, 1.985614215998794, 2.0386021489975974, 2.1328100779937813, 2.386209517993848, 2.2009121159935603, 2.2512932879908476, 2.5134575330012012, 2.5488861939957133, 2.4402691220020643, 3.6514015540014952, 2.6901000639918493, 2.6113258249970386, 2.779324502000236, 2.89733842399437, 2.8415582680027, 2.9792455669958144, 3.036155167996185, 3.1781124789995374, 3.1373011359974043, 3.0963279569987208, 3.280403060998651, 3.8746395299967844, 3.2405020269943634, 3.34695328399539, 3.393361512993579, 3.4830066159920534, 3.5827200380008435, 5.319828143998166, 3.545443611990777, 3.6982155939913355, 3.7642947510030353, 4.164277174000745, 4.285926665994339, 4.045699773996603, 3.987136092997389, 4.6171075599995675, 4.100625589999254, 5.510544499993557, 4.22890701200231, 4.660071506994427, 4.461809190994245, 4.351322757996968, 4.412676029998693, 4.571099093998782, 4.532288205999066, 5.121717500995146, 4.770628551996197, 4.86806688499928, 4.72663739300333, 4.978342272996088, 4.835606351000024, 5.028961724994588, 4.932964823994553, 5.262546397992992, 5.4176420269941445, 5.163968542998191, 5.660574729990913, 5.221757516992511, 5.356220129993744], "final_accuracy": ["accuracy", 0.725]}