{"trial_id": [0, 1, 2, 3, 4, 5, 6, 7, 8, 9, 10, 11, 12, 13, 14, 15, 16, 17, 18, 19, 20, 21, 22, 23, 24, 25, 26, 27, 28, 29, 30, 31, 32, 33, 34, 35, 36, 37, 38, 39, 40, 41, 42, 43, 44, 45, 46, 47, 48, 49, 50, 51, 52, 53, 54, 55, 56, 57, 58, 59, 60, 61, 62, 63, 64, 65, 66, 67, 68, 69, 70, 71, 72, 73, 74, 75, 76, 77, 78, 79, 80, 81, 82, 83, 84, 85, 86, 87, 88, 89, 90, 91, 92, 93, 94, 95, 96, 97, 98, 99], "cv_accuracy": [0.14375, 0.3125, 0.33125, 0.14375, 0.14375, 0.14375, 0.14375, 0.325, 0.33125, 0.14375, 0.14375, 0.14375, 0.25, 0.14375, 0.30625, 0.33125, 0.14375, 0.14375, 0.14375, 0.14375, 0.3125, 0.14375, 0.14375, 0.325, 0.325, 0.14375, 0.325, 0.14375, 0.14375, 0.14375, 0.14375, 0.325, 0.14375, 0.3125, 0.3375, 0.325, 0.14375, 0.14375, 0.14375, 0.14375, 0.3375, 0.2625, 0.14375, 0.3125, 0.14375, 0.33125, 0.3375, 0.14375, 0.30625, 0.325, 0.34375, 0.14375, 0.325, 0.14375, 0.14375, 0.14375, 0.325, 0.64375, 0.325, 0.29375, 0.14375, 0.14375, 0.31875, 0.14375, 0.14375, 0.3375, 0.44375, 0.14375, 0.14375, 0.33125, 0.14375, 0.14375, 0.33125, 0.325, 0.2875, 0.33125, 0.14375, 0.14375, 0.33125, 0.14375, 0.425, 0.33125, 0.36875, 0.14375, 0.39375, 0.14375, 0.3125, 0.31875, 0.14375, 0.3375, 0.33125, 0.14375, 0.30625, 0.3125, 0.14375, 0.14375, 0.14375, 0.14375, 0.31875, 0.14375], "timestamp": [0.19676779700967018, 0.19760379299987108, 0.3083300540019991, 0.1015674950031098, 0.15440142201259732, 0.19740743401052896, 0.4230123640008969, 0.5769342640123796, 0.6110969180008397, 0.4762031030113576, 0.5247993900120491, 0.37518655000894796, 0.8137909040087834, 0.6525220260082278, 2.415380525009823, 1.030400642004679, 0.85565255000256, 0.7738548620109214, 0.72889506201318, 0.9229219950066181, 1.0730696310056373, 0.9762024850060698, 1.130632169006276, 1.2183186879992718, 1.477368532010587, 1.1824311460077297, 1.3378747140086489, 1.2830568980134558, 1.4221062560100108, 1.337339197008987, 1.4777347940107575, 1.7520951190090273, 1.5727405280049425, 2.6678769100108184, 2.098545921006007, 1.6828979670099216, 1.6471860790043138, 1.8477204450027784, 1.7895851690118434, 1.9579990589991212, 2.1359798750054324, 1.9225157809996745, 2.044693391013425, 2.3795849040034227, 2.2038212309998926, 2.7062288140004966, 2.2530903910082998, 2.3115092299995013, 2.4618180630059214, 2.504699879005784, 2.919157164011267, 2.619142116003786, 2.9623250590084353, 2.57705718500074, 2.7637118580023525, 2.80469381500734, 3.5785381700115977, 5.441862894003862, 3.1548507250117837, 3.0332236640097108, 3.033410811010981, 3.112014167010784, 3.398243457006174, 3.234460356005002, 3.2785456770070596, 3.5158675400016364, 3.631182060998981, 3.356415044007008, 3.4766505540028447, 3.7724666980066104, 3.723875883006258, 3.671513811001205, 3.815046494011767, 4.283994256998994, 3.8629398240009323, 3.9391105079994304, 3.9397081570059527, 4.012726532004308, 4.090647469012765, 4.135361678010668, 4.635803492012201, 4.1918084300123155, 4.344966521006427, 4.245866821001982, 4.578918525003246, 4.3912713790050475, 4.524996980006108, 5.247147019006661, 4.453386987006525, 4.861469777009916, 4.7405357860116055, 4.6877107850014, 5.0702951030107215, 5.301979270006996, 4.808564648003085, 4.918411017002654, 4.975694961001864, 5.031483102007769, 5.214161854004487, 5.14685092199943], "final_accuracy": ["accuracy", 0.55]}