{"trial_id": [0, 1, 2, 3, 4, 5, 6, 7, 8, 9, 10, 11, 12, 13, 14, 15, 16, 17, 18, 19, 20, 21, 22, 23, 24, 25, 26, 27, 28, 29, 30, 31, 32, 33, 34, 35, 36, 37, 38, 39, 40, 41, 42, 43, 44, 45, 46, 47, 48, 49, 50, 51, 52, 53, 54, 55, 56, 57, 58, 59, 60, 61, 62, 63, 64, 65, 66, 67, 68, 69, 70, 71, 72, 73, 74, 75, 76, 77, 78, 79, 80, 81, 82, 83, 84, 85, 86, 87, 88, 89, 90, 91, 92, 93, 94, 95, 96, 97, 98, 99], "cv_accuracy": [0.325, 0.14375, 0.14375, 0.14375, 0.325, 0.14375, 0.325, 0.14375, 0.14375, 0.14375, 0.325, 0.26875, 0.14375, 0.14375, 0.14375, 0.14375, 0.31875, 0.625, 0.14375, 0.14375, 0.31875, 0.14375, 0.14375, 0.3, 0.14375, 0.25, 0.14375, 0.14375, 0.14375, 0.14375, 0.275, 0.14375, 0.31875, 0.21875, 0.31875, 0.31875, 0.31875, 0.14375, 0.4875, 0.14375, 0.14375, 0.14375, 0.3125, 0.14375, 0.14375, 0.14375, 0.14375, 0.2125, 0.14375, 0.14375, 0.14375, 0.14375, 0.14375, 0.3125, 0.14375, 0.3125, 0.14375, 0.14375, 0.2625, 0.3125, 0.14375, 0.31875, 0.14375, 0.14375, 0.31875, 0.14375, 0.7625, 0.3125, 0.14375, 0.325, 0.31875, 0.14375, 0.3125, 0.325, 0.28125, 0.14375, 0.3125, 0.7, 0.14375, 0.14375, 0.3125, 0.14375, 0.31875, 0.66875, 0.14375, 0.14375, 0.275, 0.14375, 0.14375, 0.325, 0.14375, 0.14375, 0.25, 0.14375, 0.25625, 0.31875, 0.2625, 0.31875, 0.14375, 0.14375], "timestamp": [0.9386958530085394, 0.2337042709987145, 0.19018661200243514, 0.09698991500772536, 0.45708097600436304, 0.1470344980043592, 0.7929542930069147, 0.3543976850050967, 0.39010345400311053, 0.31970753701170906, 0.7478959830041276, 0.6767210810066899, 0.5101156250020722, 0.5831659530085744, 0.6310295150033198, 0.8317871220060624, 0.8952241590013728, 1.0934133520058822, 0.9833884149993537, 1.0378264840110205, 1.4870795820024796, 1.1293053219997091, 1.2309313860023394, 1.2313394920056453, 1.1881861120054964, 1.526439360997756, 1.3264495019975584, 1.4378667190030683, 1.5671435490075964, 1.3984741669992218, 1.686873700004071, 1.6329434420040343, 2.5883687760069733, 2.0833466650074115, 2.190045599010773, 1.748354545008624, 2.488620689007803, 1.7976059390057344, 1.8848946869984502, 1.9236048530001426, 2.0402801090094727, 1.995533590001287, 2.3130342880031094, 2.2332534739980474, 2.155485224997392, 2.39003865000268, 2.4250525340030435, 2.352036677999422, 2.6675079350097803, 2.626098817010643, 2.72556527100096, 2.5383791830099653, 2.7591335370088927, 2.8696873230073834, 2.951316731006955, 2.9074599070008844, 2.826207317004446, 3.0046159210032783, 3.004496369001572, 3.930477725007222, 3.2375152940076077, 3.327530274007586, 3.105505177998566, 3.154897536005592, 3.1892240599991055, 3.293057487011538, 3.9906863500073086, 3.3765126549988054, 3.4158832140092272, 5.078469423999195, 3.602208171010716, 3.492546180001227, 3.492808897004579, 3.7052728940034285, 4.298186806001468, 3.654828824001015, 3.744970865009236, 5.281240067008184, 3.799864366010297, 3.848962340998696, 3.899478701001499, 4.0442949360003695, 4.236119042005157, 5.01227865400142, 4.098759660002543, 4.149155607010471, 4.204861316000461, 4.385240807998343, 4.339074314004392, 4.526559011006611, 4.4859477920108475, 4.445737556001404, 4.882060415009619, 4.583423185002175, 4.626096874999348, 4.750730076004402, 4.701741548997234, 4.801666607003426, 4.847335455997381, 4.930001041007927], "final_accuracy": ["accuracy", 0.65]}