{"trial_id": [0, 1, 2, 3, 4, 5, 6, 7, 8, 9, 10, 11, 12, 13, 14, 15, 16, 17, 18, 19, 20, 21, 22, 23, 24, 25, 26, 27, 28, 29, 30, 31, 32, 33, 34, 35, 36, 37, 38, 39, 40, 41, 42, 43, 44, 45, 46, 47, 48, 49, 50, 51, 52, 53, 54, 55, 56, 57, 58, 59, 60, 61, 62, 63, 64, 65, 66, 67, 68, 69, 70, 71, 72, 73, 74, 75, 76, 77, 78, 79, 80, 81, 82, 83, 84, 85, 86, 87, 88, 89, 90, 91, 92, 93, 94, 95, 96, 97, 98, 99], "cv_accuracy": [0.30625, 0.2625, 0.3, 0.275, 0.2875, 0.29375, 0.2875, 0.775, 0.11875, 0.29375, 0.2875, 0.11875, 0.2875, 0.2875, 0.30625, 0.3, 0.11875, 0.30625, 0.11875, 0.30625, 0.2875, 0.2625, 0.2875, 0.11875, 0.2875, 0.30625, 0.25, 0.11875, 0.29375, 0.65, 0.2875, 0.11875, 0.28125, 0.6875, 0.30625, 0.11875, 0.11875, 0.11875, 0.11875, 0.25625, 0.3, 0.2875, 0.29375, 0.2, 0.28125, 0.11875, 0.11875, 0.3375, 0.30625, 0.11875, 0.11875, 0.11875, 0.11875, 0.11875, 0.11875, 0.11875, 0.29375, 0.11875, 0.175, 0.2875, 0.29375, 0.11875, 0.11875, 0.4875, 0.11875, 0.11875, 0.28125, 0.30625, 0.11875, 0.30625, 0.30625, 0.6375, 0.11875, 0.11875, 0.11875, 0.2875, 0.2875, 0.11875, 0.3, 0.275, 0.11875, 0.2375, 0.33125, 0.29375, 0.11875, 0.30625, 0.2875, 0.25625, 0.2625, 0.11875, 0.11875, 0.30625, 0.2875, 0.28125, 0.30625, 0.33125, 0.11875, 0.11875, 0.75, 0.29375], "timestamp": [0.4237916079873685, 0.48593031999189407, 0.20556339698669035, 0.2529630139906658, 0.11525718199845869, 0.16152066299400758, 0.3652749379980378, 0.8165568949916633, 0.32325662299990654, 0.7774633449880639, 0.8605327899858821, 0.4857782689941814, 0.6042405089974636, 1.1466222569870297, 0.6465556529874448, 0.987043602988706, 0.7194741079874802, 1.1893704039976, 0.947533411992481, 1.4307822129921988, 0.9865160589979496, 1.2368693809985416, 1.7349914929945953, 1.1090478289988823, 1.3530455809959676, 1.5483077639946714, 1.9148308979929425, 1.316116879999754, 1.4847251099999994, 2.360759159986628, 1.6103875069966307, 1.649878465992515, 1.9615048359992215, 2.047672558997874, 2.0052301969990367, 1.8023430129978806, 1.8685271149879554, 2.096811353985686, 2.1432191299973056, 2.8628040889889235, 2.212940973986406, 2.8322870259871706, 2.576583406989812, 2.275682858991786, 2.315668201990775, 2.472488703991985, 2.4349866139964433, 2.5771552249934757, 2.9181663619965548, 2.5397661029855954, 2.734609160994296, 2.794497743991087, 2.6894785989861703, 2.953712058995734, 2.998433919987292, 3.1145518439880107, 3.1614265789976344, 3.0651566029991955, 3.7250589149916777, 3.571035952991224, 3.2004209179867757, 3.348049368985812, 3.266720259998692, 3.4679240099940216, 3.3091381549893413, 3.428199598987703, 3.6124493169918424, 3.5144211609876947, 3.653827726986492, 3.894858880987158, 3.812089153987472, 5.565190144989174, 3.8531046969874296, 3.7711812679917784, 3.961956953993649, 4.095859784996719, 4.99325128099008, 4.048550694991718, 4.013663905992871, 4.15520778199425, 4.222125894986675, 4.6549802429944975, 4.342200264989515, 4.939717314991867, 4.288903173990548, 4.493824537988985, 4.426241790992208, 4.537377029992058, 4.704715549989487, 4.607764679996762, 4.769619269995019, 4.846937493988662, 5.1907310059905285, 5.270430820994079, 5.045139097986976, 5.328158030999475, 5.102332989990828, 5.237238502988475, 5.481610722999903, 5.364564043993596], "final_accuracy": ["accuracy", 0.775]}