{"trial_id": [0, 1, 2, 3, 4, 5, 6, 7, 8, 9, 10, 11, 12, 13, 14, 15, 16, 17, 18, 19, 20, 21, 22, 23, 24, 25, 26, 27, 28, 29, 30, 31, 32, 33, 34, 35, 36, 37, 38, 39, 40, 41, 42, 43, 44, 45, 46, 47, 48, 49, 50, 51, 52, 53, 54, 55, 56, 57, 58, 59, 60, 61, 62, 63, 64, 65, 66, 67, 68, 69, 70, 71, 72, 73, 74, 75, 76, 77, 78, 79, 80, 81, 82, 83, 84, 85, 86, 87, 88, 89, 90, 91, 92, 93, 94, 95, 96, 97, 98, 99], "cv_accuracy": [0.1375, 0.1375, 0.1375, 0.24375, 0.1375, 0.2, 0.1375, 0.1375, 0.28125, 0.1375, 0.325, 0.1375, 0.30625, 0.1375, 0.23125, 0.1375, 0.2375, 0.24375, 0.35625, 0.1375, 0.1375, 0.1375, 0.55, 0.3375, 0.26875, 0.2875, 0.1375, 0.1375, 0.29375, 0.2875, 0.35, 0.2, 0.325, 0.1375, 0.51875, 0.1375, 0.2375, 0.28125, 0.20625, 0.275, 0.325, 0.21875, 0.1375, 0.3375, 0.5125, 0.1375, 0.325, 0.275, 0.1375, 0.39375, 0.2875, 0.48125, 0.28125, 0.33125, 0.1375, 0.3625, 0.1375, 0.30625, 0.28125, 0.28125, 0.2875, 0.36875, 0.1375, 0.1375, 0.28125, 0.1375, 0.3125, 0.1375, 0.28125, 0.2375, 0.31875, 0.28125, 0.45625, 0.1375, 0.1375, 0.325, 0.1375, 0.1375, 0.1375, 0.3, 0.325, 0.1375, 0.1375, 0.1375, 0.1375, 0.1375, 0.1375, 0.1375, 0.20625, 0.1375, 0.1375, 0.28125, 0.21875, 0.275, 0.1375, 0.2, 0.1375, 0.1375, 0.29375, 0.3], "timestamp": [0.08277669400558807, 0.19887213100446388, 0.08329928299644962, 0.3998747379955603, 0.1600476629973855, 0.4514724769978784, 0.3595150570035912, 0.318214037004509, 1.434840293994057, 0.2718627180001931, 0.5055216280015884, 0.5872913479979616, 0.6409237059997395, 0.5530132790008793, 0.7457318880042294, 0.7072295529942494, 1.0085466799937421, 1.0484963009948842, 0.8607643489958718, 0.9047017209959449, 0.8112301020009909, 0.9506593830010388, 1.9895073259976925, 1.1068700449977769, 1.2067282579955645, 1.314743429000373, 1.1524941079987912, 1.2679008249979233, 1.3470635090052383, 1.6058652850042563, 1.4885210299980827, 1.9156608780031092, 1.7070206469943514, 1.5452832089940784, 2.757756516992231, 1.6548162279941607, 1.7910507899941877, 2.1701807380013634, 1.8509161910042167, 2.508251487000962, 2.1131210530002136, 2.3372652260004543, 2.06403547199443, 2.233726910999394, 2.9795464600028936, 2.272689438002999, 2.3987832499988144, 2.5559853760059923, 2.4430182869982673, 3.58085258299252, 3.0324756869958946, 3.159116623995942, 2.6465027990052477, 2.712589354996453, 2.80298111900629, 3.8503911279985914, 2.8563778459938476, 2.909755999004119, 3.10231148499588, 3.318219469001633, 3.3610085590044037, 4.938858444002108, 3.212241945002461, 3.2632883969927207, 3.5473762570036342, 3.4262719550024485, 4.827579477001564, 3.478564684992307, 3.9054062770010205, 3.692118003993528, 3.6531219869939378, 3.9691585120017407, 3.7640687429957325, 3.81942507099302, 4.052452150004683, 4.445520916997339, 4.011321209996822, 4.130154764003237, 4.169605054994463, 4.292276744003175, 4.551613483999972, 4.237557742992067, 4.347106914996402, 4.403435689993785, 4.503524418003508, 4.598004447994754, 4.641519785000128, 4.641808857995784, 5.2517276639991906, 4.74720230299863, 4.786504810996121, 4.998769304002053, 5.434043760993518, 5.117761635992792, 4.8941281940060435, 5.344829851004761, 5.0652503140008776, 5.160384281000006, 5.302195237993146, 5.384687284997199], "final_accuracy": ["accuracy", 0.55]}