{"trial_id": [0, 1, 2, 3, 4, 5, 6, 7, 8, 9, 10, 11, 12, 13, 14, 15, 16, 17, 18, 19, 20, 21, 22, 23, 24, 25, 26, 27, 28, 29, 30, 31, 32, 33, 34, 35, 36, 37, 38, 39, 40, 41, 42, 43, 44, 45, 46, 47, 48, 49, 50, 51, 52, 53, 54, 55, 56, 57, 58, 59, 60, 61, 62, 63, 64, 65, 66, 67, 68, 69, 70, 71, 72, 73, 74, 75, 76, 77, 78, 79, 80, 81, 82, 83, 84, 85, 86, 87, 88, 89, 90, 91, 92, 93, 94, 95, 96, 97, 98, 99], "cv_accuracy": [0.0, 0.0, 0.0, 0.0, 0.0, 0.0, 0.0, 0.0, 0.0, 0.0, 0.0, 0.0, 0.0, 0.0, 0.0, 0.0, 0.0, 0.0, 0.0, 0.0, 0.0, 0.0, 0.0, 0.0, 0.0, 0.0, 0.0, 0.0, 0.0, 0.0, 0.0, 0.0, 0.0, 0.0, 0.0, 0.0, 0.0, 0.0, 0.0, 0.0, 0.0, 0.0, 0.0, 0.0, 0.0, 0.0, 0.0, 0.0, 0.0, 0.0, 0.0, 0.0, 0.0, 0.0, 0.0, 0.0, 0.0, 0.0, 0.0, 0.0, 0.0, 0.0, 0.0, 0.0, 0.0, 0.0, 0.0, 0.0, 0.0, 0.0, 0.0, 0.0, 0.0, 0.0, 0.0, 0.0, 0.0, 0.0, 0.0, 0.0, 0.0, 0.0, 0.0, 0.0, 0.0, 0.0, 0.0, 0.0, 0.0, 0.0, 0.0, 0.0, 0.0, 0.0, 0.0, 0.0, 0.0, 0.0, 0.0, 0.0], "timestamp": [0.20857332499872427, 0.20805722699151374, 0.12057398499746341, 0.1196738699945854, 0.2880834209936438, 0.28612516800058074, 0.4895955229876563, 0.5766923199989833, 0.5306544659979409, 0.5764728429930983, 0.4528139600006398, 0.38735012798861135, 0.6469737539882772, 0.7640508729964495, 0.7642268599884119, 0.720830908001517, 0.8955433699884452, 0.8950567069987301, 0.8486504379980033, 0.9906843019998632, 1.0366599909903016, 1.0794977100013057, 1.0790850829944247, 1.1627005299960729, 1.1634788160008611, 1.2590695269900607, 1.3058808389905607, 1.3915144419879653, 1.3522855740011437, 1.466682938989834, 1.390770933998283, 1.5363414349994855, 1.5822082349914126, 1.6250145399972098, 1.7356664609978907, 1.6959453439922072, 1.6637323459872277, 1.8067155919998186, 1.8566531999967992, 1.9433318539959146, 2.022502681997139, 1.9438627169874962, 1.9003167810005834, 2.0867916169954697, 2.141003313998226, 2.186020669993013, 2.2235539309913293, 2.3089101489895256, 2.2636885569954757, 2.3649329600011697, 2.421670471987454, 2.507372978987405, 2.541714803999639, 2.4696907350007677, 2.5868030909914523, 2.639470087000518, 2.700984900991898, 2.792374723998364, 2.8596949209895683, 2.791941732997657, 2.755250795991742, 2.9037163269968005, 2.96872498599987, 3.14780798398715, 3.1919925039983355, 3.068095722992439, 3.028114247994381, 3.107622810988687, 3.2415714169910643, 3.31015509799181, 3.3885366629983764, 3.3504238489986164, 3.4687636379967444, 3.3501212389965076, 3.515369072993053, 3.676133620989276, 3.7950409459881485, 3.6767290489951847, 3.600629370994284, 3.601241839991417, 3.758604952992755, 3.94833784099319, 3.8789299199997913, 3.9480287469923496, 4.028755718987668, 4.069662954992964, 3.9153620889992453, 4.159945296996739, 4.2724575249885675, 4.2293375820008805, 4.351577698995243, 4.273013052996248, 4.160360244000913, 4.5421036209882, 4.581998469991959, 4.506565780990059, 4.617929802989238, 4.471747946998221, 4.421903716996894, 4.652969061993645], "final_accuracy": ["accuracy", 0.1]}