{"trial_id": [0, 1, 2, 3, 4, 5, 6, 7, 8, 9, 10, 11, 12, 13, 14, 15, 16, 17, 18, 19, 20, 21, 22, 23, 24, 25, 26, 27, 28, 29, 30, 31, 32, 33, 34, 35, 36, 37, 38, 39, 40, 41, 42, 43, 44, 45, 46, 47, 48, 49, 50, 51, 52, 53, 54, 55, 56, 57, 58, 59, 60, 61, 62, 63, 64, 65, 66, 67, 68, 69, 70, 71, 72, 73, 74, 75, 76, 77, 78, 79, 80, 81, 82, 83, 84, 85, 86, 87, 88, 89, 90, 91, 92, 93, 94, 95, 96, 97, 98, 99], "cv_accuracy": [0.0, 0.0, 0.0, 0.0, 0.0, 0.0, 0.0, 0.0, 0.0, 0.0, 0.0, 0.0, 0.0, 0.0, 0.0, 0.0, 0.0, 0.0, 0.0, 0.0, 0.0, 0.0, 0.0, 0.0, 0.0, 0.0, 0.0, 0.0, 0.0, 0.0, 0.0, 0.0, 0.0, 0.0, 0.0, 0.0, 0.0, 0.0, 0.0, 0.0, 0.0, 0.0, 0.0, 0.0, 0.0, 0.0, 0.0, 0.0, 0.0, 0.0, 0.0, 0.0, 0.0, 0.0, 0.0, 0.0, 0.0, 0.0, 0.0, 0.0, 0.0, 0.0, 0.0, 0.0, 0.0, 0.0, 0.0, 0.0, 0.0, 0.0, 0.0, 0.0, 0.0, 0.0, 0.0, 0.0, 0.0, 0.0, 0.0, 0.0, 0.0, 0.0, 0.0, 0.0, 0.0, 0.0, 0.0, 0.0, 0.0, 0.0, 0.0, 0.0, 0.0, 0.0, 0.0, 0.0, 0.0, 0.0, 0.0, 0.0], "timestamp": [0.21848241599218454, 0.18078088999027386, 0.13273668999318033, 0.17996091999521013, 0.13364796199311968, 0.13323584699537605, 0.4612501489900751, 0.57576068599883, 0.6130131059908308, 0.5354983689903747, 0.4990047890023561, 0.3971557659970131, 0.659986297992873, 0.8911220519948984, 0.8915532190003432, 0.7797776770021301, 0.8552943039976526, 0.7409318299905863, 0.8191265719942749, 1.0465714710007887, 1.0847060550004244, 1.1311183149955468, 1.2055446969898185, 1.166126740994514, 1.0040041929896688, 1.2645917269983329, 1.355505686995457, 1.314302090991987, 1.4712530389952008, 1.3967690379940905, 1.4313943329907488, 1.5344275730021764, 1.5877996499912115, 1.6258140099962475, 1.6686956829944393, 1.6682964130013715, 1.6690930889890296, 1.8058455619902816, 1.9409516299929237, 1.9022104399919044, 1.9893692569894483, 2.0270280039985664, 1.860607804992469, 2.081074843998067, 2.1446659969951725, 2.230528129992308, 2.1877202350005973, 2.310059776995331, 2.2300396759965224, 2.3555973319889745, 2.425679128995398, 2.478613247993053, 2.559645635992638, 2.5984866219951073, 2.518108215997927, 2.6384499379928457, 2.704257912992034, 2.841139979995205, 2.79979425399506, 2.9213544559897855, 2.880389808997279, 2.762305974989431, 2.9789104090014007, 3.119109564999235, 3.0783329580008285, 3.0442935729952296, 3.2004412459937157, 3.1624984639929608, 3.2498846649978077, 3.4455278789973818, 3.40278979598952, 3.3258300199959194, 3.5264962329965783, 3.3675065269926563, 3.484016749993316, 3.6130510689981747, 3.73009357698902, 3.6136838579986943, 3.8137582299968926, 3.7302959139924496, 3.6876698220003163, 3.890936937998049, 4.007228742993902, 3.927454320000834, 4.090852936991723, 3.9687869509943994, 4.049966524995398, 4.203577594991657, 4.206762593996245, 4.322070629001246, 4.171864970994648, 4.3594747229944915, 4.284054803996696, 4.561469648993807, 4.486216980993049, 4.52366476500174, 4.560812558993348, 4.62166218800121, 4.443100100994343, 4.674500438995892], "final_accuracy": ["accuracy", 0.2]}