{"trial_id": [0, 1, 2, 3, 4, 5, 6, 7, 8, 9, 10, 11, 12, 13, 14, 15, 16, 17, 18, 19, 20, 21, 22, 23, 24, 25, 26, 27, 28, 29, 30, 31, 32, 33, 34, 35, 36, 37, 38, 39, 40, 41, 42, 43, 44, 45, 46, 47, 48, 49, 50, 51, 52, 53, 54, 55, 56, 57, 58, 59, 60, 61, 62, 63, 64, 65, 66, 67, 68, 69, 70, 71, 72, 73, 74, 75, 76, 77, 78, 79, 80, 81, 82, 83, 84, 85, 86, 87, 88, 89, 90, 91, 92, 93, 94, 95, 96, 97, 98, 99], "cv_accuracy": [0.0, 0.0, 0.0, 0.0, 0.0, 0.0, 0.0, 0.0, 0.0, 0.0, 0.0, 0.0, 0.0, 0.0, 0.0, 0.0, 0.0, 0.0, 0.0, 0.0, 0.0, 0.0, 0.0, 0.0, 0.0, 0.0, 0.0, 0.0, 0.0, 0.0, 0.0, 0.0, 0.0, 0.0, 0.0, 0.0, 0.0, 0.0, 0.0, 0.0, 0.0, 0.0, 0.0, 0.0, 0.0, 0.0, 0.0, 0.0, 0.0, 0.0, 0.0, 0.0, 0.0, 0.0, 0.0, 0.0, 0.0, 0.0, 0.0, 0.0, 0.0, 0.0, 0.0, 0.0, 0.0, 0.0, 0.0, 0.0, 0.0, 0.0, 0.0, 0.0, 0.0, 0.0, 0.0, 0.0, 0.0, 0.0, 0.0, 0.0, 0.0, 0.0, 0.0, 0.0, 0.0, 0.0, 0.0, 0.0, 0.0, 0.0, 0.0, 0.0, 0.0, 0.0, 0.0, 0.0, 0.0, 0.0, 0.0, 0.0], "timestamp": [0.2059659200021997, 0.20920660100819077, 0.16626853500201833, 0.1177114020101726, 0.20885652799915988, 0.20983843599969987, 0.3905473390041152, 0.44701556200743653, 0.5719969409983605, 0.6076914310106076, 0.5310638460068731, 0.4921518990013283, 0.6615955540037248, 0.7108233940089121, 0.8360046779998811, 0.7575800650083693, 0.7579138870059978, 0.876552954010549, 0.9284910560090793, 0.9784993939974811, 1.107913471001666, 1.0321541440061992, 1.068703691009432, 1.149358253009268, 1.1892595760000404, 1.243384164001327, 1.459728592002648, 1.3426043920044322, 1.4249530539964326, 1.3835117609996814, 1.3011774920014432, 1.4939341930003138, 1.5529906550073065, 1.6378166130016325, 1.6384181970061036, 1.736022426004638, 1.7366952239972306, 1.602397030001157, 1.8206866280088434, 1.9241501710057491, 1.956748733005952, 1.8832951420044992, 2.0903171020036098, 2.007697888999246, 2.0485129290027544, 2.2057425340026384, 2.247547207007301, 2.1638076539966278, 2.3617429340083618, 2.3231892850017175, 2.286257984000258, 2.4406588779966114, 2.4749764040025184, 2.553724744997453, 2.6416280700068455, 2.5899805310036754, 2.4743912080011796, 2.7119494170037797, 2.747334106999915, 2.786730792999151, 2.8656949380092556, 2.824536679996527, 2.9131332429969916, 2.9833593500079587, 3.0240716130065266, 3.105292325009941, 3.0602761860063765, 3.1472610990022076, 3.1772092480096035, 3.2470574140024837, 3.415163482000935, 3.332144284999231, 3.3745006270037265, 3.4590981240035035, 3.293613062996883, 3.5100268380047055, 3.5723300390091026, 3.6088009660015814, 3.652071367003373, 3.6915926590008894, 3.732836994997342, 3.7767223240080057, 3.888752672006376, 3.8478516260074684, 3.9312077409995254, 3.973591640009545, 4.0117218530067476, 4.012118897997425, 4.132489224997698, 4.132985118005308, 4.218272212005104, 4.257413722996716, 4.336553066008491, 4.284288497001398, 4.446598558002734, 4.4003785160020925, 4.558780633000424, 4.486286412997288, 4.52359691800666, 4.558547538006678], "final_accuracy": ["accuracy", 0.15]}