{"trial_id": [0, 1, 2, 3, 4, 5, 6, 7, 8, 9, 10, 11, 12, 13, 14, 15, 16, 17, 18, 19, 20, 21, 22, 23, 24, 25, 26, 27, 28, 29, 30, 31, 32, 33, 34, 35, 36, 37, 38, 39, 40, 41, 42, 43, 44, 45, 46, 47, 48, 49, 50, 51, 52, 53, 54, 55, 56, 57, 58, 59, 60, 61, 62, 63, 64, 65, 66, 67, 68, 69, 70, 71, 72, 73, 74, 75, 76, 77, 78, 79, 80, 81, 82, 83, 84, 85, 86, 87, 88, 89, 90, 91, 92, 93, 94, 95, 96, 97, 98, 99], "cv_accuracy": [0.0, 0.0, 0.0, 0.0, 0.0, 0.0, 0.0, 0.0, 0.0, 0.0, 0.0, 0.0, 0.0, 0.0, 0.0, 0.0, 0.0, 0.0, 0.0, 0.0, 0.0, 0.0, 0.0, 0.0, 0.0, 0.0, 0.0, 0.0, 0.0, 0.0, 0.0, 0.0, 0.0, 0.0, 0.0, 0.0, 0.0, 0.0, 0.0, 0.0, 0.0, 0.0, 0.0, 0.0, 0.0, 0.0, 0.0, 0.0, 0.0, 0.0, 0.0, 0.0, 0.0, 0.0, 0.0, 0.0, 0.0, 0.0, 0.0, 0.0, 0.0, 0.0, 0.0, 0.0, 0.0, 0.0, 0.0, 0.0, 0.0, 0.0, 0.0, 0.0, 0.0, 0.0, 0.0, 0.0, 0.0, 0.0, 0.0, 0.0, 0.0, 0.0, 0.0, 0.0, 0.0, 0.0, 0.0, 0.0, 0.0, 0.0, 0.0, 0.0, 0.0, 0.0, 0.0, 0.0, 0.0, 0.0, 0.0, 0.0], "timestamp": [0.11065820600197185, 0.24281837900343817, 0.16317930699733552, 0.16389030100253876, 0.32076278400199953, 0.2434218230046099, 0.5461944999988191, 0.4054169099981664, 0.4439838679973036, 0.4436218600021675, 0.5886622440011706, 0.44437081800424494, 0.7557614940014901, 0.8377516899927286, 0.8375587570044445, 0.7951161550008692, 0.711956913000904, 0.6708622089936398, 0.9906118029903155, 0.9466267399984645, 1.1376826649939176, 1.0340231689915527, 1.0332006819953676, 1.0337350219924701, 1.2362133909919066, 1.3095861740002874, 1.3702919200004544, 1.4050413869990734, 1.2027814969915198, 1.2364575359970331, 1.5536102009937167, 1.504073932999745, 1.5929014720022678, 1.4635065189941088, 1.6309437610034365, 1.6317087630013702, 1.7686512490035966, 1.728110886993818, 1.8199648339941632, 1.8665667309978744, 1.9053712309978437, 1.9052636109991, 2.045956293004565, 2.003272121990449, 2.0897470909985714, 2.1794729749963153, 2.22440747100336, 2.1379435080016265, 2.2897016439965228, 2.323368293000385, 2.366098917002091, 2.4599902820045827, 2.4208566079905722, 2.4946762430045055, 2.6953710849920753, 2.602651473003789, 2.561089365990483, 2.7390512929996476, 2.7904857440007618, 2.65469837099954, 2.8854584020009497, 2.8444692570046755, 3.0196982839988777, 2.9386473350023152, 2.9798187489941483, 3.0718315429985523, 3.1646813769912114, 3.122862748990883, 3.2198769329988863, 3.302181726001436, 3.259427664001123, 3.355145066001569, 3.4438654580008006, 3.4027994530042633, 3.5428624549967935, 3.506455572991399, 3.5840586319973227, 3.6708363560028374, 3.717163865992916, 3.6346162379923044, 3.7868080399930477, 3.8612861299916403, 3.785983577996376, 3.9445163369964575, 3.989083722990472, 3.9082750200032024, 4.094377052999334, 4.140053832990816, 4.059112656992511, 4.181877035996877, 4.224582353999722, 4.224186979001388, 4.386265890992945, 4.425748858993757, 4.343576978004421, 4.5007763449975755, 4.539715881997836, 4.460471315993345, 4.618394883000292, 4.5899802789936075], "final_accuracy": ["accuracy", 0.125]}