{"trial_id": [0, 1, 2, 3, 4, 5, 6, 7, 8, 9, 10, 11, 12, 13, 14, 15, 16, 17, 18, 19, 20, 21, 22, 23, 24, 25, 26, 27, 28, 29, 30, 31, 32, 33, 34, 35, 36, 37, 38, 39, 40, 41, 42, 43, 44, 45, 46, 47, 48, 49, 50, 51, 52, 53, 54, 55, 56, 57, 58, 59, 60, 61, 62, 63, 64, 65, 66, 67, 68, 69, 70, 71, 72, 73, 74, 75, 76, 77, 78, 79, 80, 81, 82, 83, 84, 85, 86, 87, 88, 89, 90, 91, 92, 93, 94, 95, 96, 97, 98, 99], "cv_accuracy": [0.0, 0.0, 0.0, 0.0, 0.0, 0.0, 0.0, 0.0, 0.0, 0.0, 0.0, 0.0, 0.0, 0.0, 0.0, 0.0, 0.0, 0.0, 0.0, 0.0, 0.0, 0.0, 0.0, 0.0, 0.0, 0.0, 0.0, 0.0, 0.0, 0.0, 0.0, 0.0, 0.0, 0.0, 0.0, 0.0, 0.0, 0.0, 0.0, 0.0, 0.0, 0.0, 0.0, 0.0, 0.0, 0.0, 0.0, 0.0, 0.0, 0.0, 0.0, 0.0, 0.0, 0.0, 0.0, 0.0, 0.0, 0.0, 0.0, 0.0, 0.0, 0.0, 0.0, 0.0, 0.0, 0.0, 0.0, 0.0, 0.0, 0.0, 0.0, 0.0, 0.0, 0.0, 0.0, 0.0, 0.0, 0.0, 0.0, 0.0, 0.0, 0.0, 0.0, 0.0, 0.0, 0.0, 0.0, 0.0, 0.0, 0.0, 0.0, 0.0, 0.0, 0.0, 0.0, 0.0, 0.0, 0.0, 0.0, 0.0], "timestamp": [0.30609020999690983, 0.11611438800173346, 0.23780732200248167, 0.11536208300094586, 0.11508586400304921, 0.2385293730039848, 0.46581124200019985, 0.5874045020027552, 0.5065349579963367, 0.4009662489988841, 0.4383255790016847, 0.5498458079964621, 0.8123556880018441, 0.8493067649978912, 0.7712435120047303, 0.6594556780037237, 0.7033695989957778, 0.7412721370055806, 0.9209752699971432, 1.0790457279945258, 1.0798974339995766, 1.034336191994953, 0.9212384300044505, 0.9992343799967784, 1.2322359660029178, 1.231979706994025, 1.3053398680058308, 1.1927635080064647, 1.3396630180068314, 1.3393571360065835, 1.5109828940039733, 1.5992662530043162, 1.5553491979953833, 1.6395270840002922, 1.439620721997926, 1.4395453549950616, 1.7058940870047081, 1.7394209210033296, 1.77825932300766, 1.8576050370029407, 1.8172548680013278, 1.8964263520028908, 1.967444087000331, 2.0858439529984025, 2.1230868410057155, 2.0474336659972323, 2.1542519549984718, 2.010500039003091, 2.2287538730015513, 2.307285340008093, 2.353477548007504, 2.3993835489964113, 2.4378240660007577, 2.2728681589942425, 2.50860661000479, 2.6274821660044836, 2.5554986450006254, 2.5839961570018204, 2.7151423059985973, 2.628755710000405, 2.7791183950030245, 2.8653581289981958, 2.906086699003936, 2.9474774630070897, 2.8225377189955907, 2.985851311997976, 3.056386099997326, 3.1361580090015195, 3.098030989000108, 3.1842882399942027, 3.2703720270073973, 3.184677922006813, 3.340121133995126, 3.4309036589984316, 3.3801375689945417, 3.516324338997947, 3.5160163039981853, 3.469295367001905, 3.6138226330076577, 3.6498261600063415, 3.7916726370021934, 3.7018177319987444, 3.837355680007022, 3.749471283997991, 3.931228558998555, 3.8815745430038078, 3.974655080004595, 4.073568883002736, 4.028503135006758, 4.112803583004279, 4.160106569004711, 4.254290558004868, 4.216585825997754, 4.300695170008112, 4.392229755001608, 4.354684578007436, 4.431563934995211, 4.51486516300065, 4.47836354500032, 4.514646291005192], "final_accuracy": ["accuracy", 0.1]}