{"3":0.333333333333333,"1":0.583333333333333,"2":0.428571428571429,"4":0.5}
