{"3":2.42832088470459,"1":1.66799807548523,"2":2.02336478233337,"4":2.17630910873413}
