{"trial_id": [0, 1, 2, 3, 4, 5, 6, 7, 8, 9, 10, 11, 12, 13, 14, 15, 16, 17, 18, 19, 20, 21, 22, 23, 24, 25, 26, 27, 28, 29, 30, 31, 32, 33, 34, 35, 36, 37, 38, 39, 40, 41, 42, 43, 44, 45, 46, 47, 48, 49, 50, 51, 52, 53, 54, 55, 56, 57, 58, 59, 60, 61, 62, 63, 64, 65, 66, 67, 68, 69, 70, 71, 72, 73, 74, 75, 76, 77, 78, 79, 80, 81, 82, 83, 84, 85, 86, 87, 88, 89, 90, 91, 92, 93, 94, 95, 96, 97, 98, 99], "cv_accuracy": [0.0, 0.0, 0.5611941999999999, 0.0, 0.0, 0.4149254, 0.0119402, 0.5582092, 0.0, 0.0, 0.0, 0.0, 0.0, 0.0, 0.59403, 0.6686567999999999, 0.0, 0.0, 0.0, 0.0, 0.0, 0.5402986, 0.1402984, 0.0, 0.5373138, 0.0, 0.0, 0.0, 0.0, 0.0, 0.0, 0.0, 0.0, 0.0, 0.4149254, 0.5552238, 0.0, 0.0, 0.0, 0.0, 0.5641792000000001, 0.0, 0.0, 0.0, 0.0, 0.0, 0.0, 0.0, 0.5253732, 0.0, 0.0, 0.0, 0.0, 0.0, 0.0, 0.674627, 0.0, 0.1402984, 0.5223882, 0.0, 0.0, 0.0, 0.0, 0.0, 0.0, 0.0, 0.0, 0.0, 0.0, 0.0, 0.5522388, 0.0, 0.0, 0.0, 0.0, 0.0, 0.5552239999999999, 0.0, 0.6805972, 0.0, 0.0, 0.0, 0.0, 0.5462686000000001, 0.0, 0.6835819999999999, 0.0, 0.0, 0.0, 0.0, 0.0, 0.0, 0.0, 0.5582092, 0.5044776, 0.0, 0.0, 0.46865679999999993, 0.0, 0.3701492], "timestamp": [0.44329153500439133, 0.1211319620051654, 0.22717834799550474, 0.07740158200613223, 0.12138668099942151, 0.2750109180051368, 0.4904168950015446, 0.5819277370028431, 0.3313166340085445, 1.1397776800004067, 0.38348270099959336, 0.7404849180020392, 0.5237323760084109, 0.6418136849970324, 1.3713802139973268, 1.1089377760072239, 0.6853429059992777, 0.841804793002666, 0.7920252210024046, 0.8869106030033436, 0.9453944450069685, 1.5622170389979146, 1.0078214399982244, 1.0074116729956586, 1.4799140270042699, 1.3106924460007576, 1.2720275620085886, 1.2242846500012092, 1.4134765710041393, 1.708624888007762, 1.795284673004062, 1.60062480000488, 1.5221674729982624, 1.7461014130094554, 1.8569814540096559, 2.05788927100366, 1.6690000450034859, 1.9447837990010157, 1.983425137004815, 1.9068962400051532, 2.0225793260033242, 2.118928700001561, 2.2627747369988356, 2.417278665001504, 2.3058055980072822, 2.348235736004426, 2.1785041840048507, 2.2275149320048513, 2.63756090500101, 2.590242660007789, 2.4689796879974892, 2.548353007005062, 2.5037602950033033, 2.6798241850046907, 2.7507555890042568, 5.0692488360073185, 2.8261601730046095, 3.1313454320043093, 2.9330659400002332, 2.7867334949987708, 2.9908048399956897, 3.0253632410021964, 2.895651009006542, 3.180134470007033, 3.0864411490038037, 3.2867730370053323, 3.2203707169974223, 3.3176377180061536, 3.3612062930042157, 3.462082163998275, 3.4218487580073997, 3.610251418009284, 3.564805129004526, 3.523563484995975, 3.7151863420003792, 3.6522426169976825, 3.9511689460050547, 3.816448740006308, 4.747385408001719, 3.761727196004358, 3.87201402199571, 3.9104176240070956, 4.344853849004721, 4.099089331008145, 4.031875717002549, 4.913942498998949, 4.133877226995537, 4.263268415001221, 4.201587561998167, 4.298059427004773, 4.514068774995394, 4.4563294280087575, 4.410171565003111, 4.57083227300609, 5.0235088740009815, 4.619746190001024, 4.684474613997736, 4.834095209007501, 4.7830839850066695, 4.956225027999608], "final_accuracy": ["accuracy", 0.6538461538461539]}