{"trial_id": [0, 1, 2, 3, 4, 5, 6, 7, 8, 9, 10, 11, 12, 13, 14, 15, 16, 17, 18, 19, 20, 21, 22, 23, 24, 25, 26, 27, 28, 29, 30, 31, 32, 33, 34, 35, 36, 37, 38, 39, 40, 41, 42, 43, 44, 45, 46, 47, 48, 49, 50, 51, 52, 53, 54, 55, 56, 57, 58, 59, 60, 61, 62, 63, 64, 65, 66, 67, 68, 69, 70, 71, 72, 73, 74, 75, 76, 77, 78, 79, 80, 81, 82, 83, 84, 85, 86, 87, 88, 89, 90, 91, 92, 93, 94, 95, 96, 97, 98, 99], "cv_accuracy": [0.6903859999999999, 0.0, 0.0, 0.0, 0.0, 0.6110178, 0.0, 0.0, 0.0, 0.0, 0.6005264, 0.0, 0.6269826, 0.0, 0.0, 0.0, 0.0, 0.0, 0.0, 0.0, 0.5106316, 0.6270176000000001, 0.0, 0.0, 0.0, 0.0, 0.0, 0.0, 0.6084911999999999, 0.0, 0.6057893999999999, 0.0, 0.6878946000000001, 0.0, 0.6296842, 0.0, 0.0, 0.6560349999999999, 0.5926316, 0.6323158, 0.0, 0.0, 0.0, 0.0, 0.0, 0.0, 0.0, 0.0, 0.0, 0.0, 0.0, 0.0, 0.0, 0.0, 0.0, 0.6296842, 0.0, 0.0, 0.0, 0.0, 0.0, 0.0, 0.6137896, 0.0, 0.0, 0.0, 0.0, 0.0, 0.0, 0.0, 0.0, 0.0, 0.0, 0.0, 0.0, 0.0, 0.677263, 0.0, 0.0, 0.0, 0.6957894, 0.0, 0.0, 0.0, 0.0, 0.0, 0.0, 0.0, 0.6109824, 0.0, 0.2593334, 0.0, 0.6189473999999999, 0.0, 0.0, 0.6269474, 0.0, 0.6481404, 0.6296489999999999, 0.0], "timestamp": [3.822180336006568, 0.19797656100126915, 0.07535205500607844, 0.12569805201201234, 0.5585121330077527, 0.1618954170116922, 0.26722041200264357, 0.3763077550102025, 0.4104022050014464, 0.31408696601283737, 0.7652691900002537, 0.4569887079996988, 0.6814667710132198, 0.6150553020124789, 0.5275180300086504, 0.8655131010018522, 0.7144636580051156, 0.8008732650050661, 0.9701091590104625, 0.916352475003805, 1.060207803006051, 1.167606451010215, 1.0209259190014564, 1.110220674003358, 1.1674213480000617, 1.3383980710059404, 1.2637812180037145, 1.2955873120081378, 1.6541654630127596, 1.4031064610026078, 2.1073395230050664, 1.54492029400717, 1.9132118910056306, 1.4669827060133684, 1.800659781001741, 1.6135394900047686, 1.7295838320133043, 2.5740696210123133, 1.8572846640017815, 2.2667995630035875, 1.9668362450029235, 2.0255885840015253, 2.0743500490061706, 2.1821895680041052, 2.326603306006291, 2.2134682700125268, 3.0046013290120754, 2.3705768840009114, 2.420358056013356, 2.484704202011926, 2.5272684280062094, 3.121748016012134, 2.6783483170002, 2.64484017000359, 2.7407206230127485, 3.0704883280122885, 2.7880175040045287, 2.8991712020069826, 2.8544102130108513, 3.7481955350085627, 2.9652939150109887, 3.1591042050131364, 4.312419115012744, 3.222800265008118, 3.384268729001633, 3.280834704011795, 3.326590857002884, 3.4843804580013966, 3.4366290870093508, 3.62124563701218, 3.5857432460034033, 3.551587488007499, 3.784944439001265, 3.8671093709999695, 3.695195184001932, 4.3991416260105325, 4.6165277260006405, 4.033725286004483, 3.9946131850010715, 3.936404649008182, 5.429899791008211, 4.146536585001741, 4.10058925600606, 4.249038814014057, 4.214273044010042, 4.459326943004271, 4.360196897003334, 4.51166433400067, 5.123837757011643, 4.554727408001781, 4.829250767012127, 4.7570968870131765, 4.676011677001952, 4.721593769005267, 4.868812366999919, 5.221470235002926, 4.869239712003036, 5.047113693013671, 5.177471027011052, 4.9814085040125065], "final_accuracy": ["accuracy", 0.2413793103448276]}