{"trial_id": [0, 1, 2, 3, 4, 5, 6, 7, 8, 9, 10, 11, 12, 13, 14, 15, 16, 17, 18, 19, 20, 21, 22, 23, 24, 25, 26, 27, 28, 29, 30, 31, 32, 33, 34, 35, 36, 37, 38, 39, 40, 41, 42, 43, 44, 45, 46, 47, 48, 49, 50, 51, 52, 53, 54, 55, 56, 57, 58, 59, 60, 61, 62, 63, 64, 65, 66, 67, 68, 69, 70, 71, 72, 73, 74, 75, 76, 77, 78, 79, 80, 81, 82, 83, 84, 85, 86, 87, 88, 89, 90, 91, 92, 93, 94, 95, 96, 97, 98, 99], "cv_accuracy": [0.0, 0.5572464, 0.0, 0.0, 0.0, 0.0, 0.0, 0.0, 0.0, 0.0, 0.0, 0.0, 0.6833334000000001, 0.0, 0.6657716, 0.0, 0.583717, 0.0, 0.5807758000000001, 0.5077154, 0.0, 0.7008523999999999, 0.0, 0.0, 0.5778346, 0.0, 0.0, 0.5778772, 0.0, 0.0, 0.0, 0.0, 0.0, 0.0, 0.0, 0.0, 0.0, 0.569139, 0.0, 0.39002560000000003, 0.0, 0.0, 0.0, 0.583717, 0.0, 0.0, 0.574936, 0.0, 0.6071184000000001, 0.0, 0.0, 0.0, 0.6100171999999999, 0.0, 0.472208, 0.0, 0.6685420000000001, 0.0, 0.6833334000000001, 0.5779198000000001, 0.0, 0.0, 0.0, 0.0, 0.5428816000000001, 0.5513640000000001, 0.0, 0.6042198, 0.583717, 0.0, 0.0, 0.0, 0.0, 0.0, 0.0, 0.5572464, 0.5719948, 0.5631286, 0.0, 0.0, 0.0, 0.0, 0.0, 0.0, 0.0, 0.0, 0.0, 0.410571, 0.0, 0.5601876, 0.0, 0.0, 0.0, 0.0, 0.5807758000000001, 0.0, 0.0, 0.0, 0.0, 0.0], "timestamp": [0.11551713000517339, 0.2099433450057404, 1.4276247970119584, 0.16680958900542464, 0.08222381900122855, 0.25279101500927936, 0.40094541500729974, 0.35568451300787274, 0.4012364670052193, 0.4833870660077082, 0.32587970700114965, 0.6560157630010508, 1.0164652560051763, 1.1310105349984951, 2.9035872189997463, 0.558799127000384, 0.7713377790059894, 0.7203388240013737, 0.9783595870103454, 0.8404369130003033, 0.9015732310072053, 2.8106443170108832, 1.0835340870107757, 1.1896367110020947, 1.2988192140037427, 1.2316722520045005, 1.3854324160056422, 1.3468844809976872, 1.478631806006888, 1.9323779359983746, 1.6361054950102698, 1.5399570139998104, 1.5857126730115851, 2.7613249080022797, 1.7595533240091754, 1.6993152640061453, 1.8008476219984004, 1.9955327100033173, 1.86612658300146, 2.138382361008553, 2.038172842003405, 2.2082243240001844, 2.1029361539985985, 2.4096107600053074, 2.247812399000395, 2.3729954330046894, 2.320231675010291, 2.467350360006094, 3.457740826997906, 2.5230505159997847, 2.6181915140041383, 2.5840748900081962, 2.9502493050094927, 2.6957739450008376, 2.844538660006947, 2.9881508680118714, 6.108696798008168, 3.039759168008459, 4.854821856002673, 3.513185161005822, 3.139876589004416, 3.105153122000047, 3.260591940008453, 3.2076325329981046, 4.99180382200575, 3.3299386560101993, 3.390846351001528, 3.5133953059994383, 3.7822780150017934, 3.6760147910099477, 3.6189671530009946, 3.720071084011579, 3.861593965004431, 3.7838576850044774, 3.9860824210045394, 4.036758412010386, 3.935202360007679, 4.1430127220082795, 4.192122695007129, 4.10531720900326, 4.307164965997799, 4.6571293950109975, 4.256851529004052, 4.366070571006276, 4.538650532005704, 4.430596125006559, 4.490424241012079, 4.749859517003642, 4.605060285000945, 4.7120672360033495, 4.8003281190030975, 5.380750980009907, 4.9411931990034645, 4.905709241007571, 5.208594058000017, 5.144105311002932, 5.095069572009379, 5.056909688006272, 5.302023064010427, 5.244494635000592], "final_accuracy": ["accuracy", 0.4435483870967742]}