{"trial_id": [0, 1, 2, 3, 4, 5, 6, 7, 8, 9, 10, 11, 12, 13, 14, 15, 16, 17, 18, 19, 20, 21, 22, 23, 24, 25, 26, 27, 28, 29, 30, 31, 32, 33, 34, 35, 36, 37, 38, 39, 40, 41, 42, 43, 44, 45, 46, 47, 48, 49, 50, 51, 52, 53, 54, 55, 56, 57, 58, 59, 60, 61, 62, 63, 64, 65, 66, 67, 68, 69, 70, 71, 72, 73, 74, 75, 76, 77, 78, 79, 80, 81, 82, 83, 84, 85, 86, 87, 88, 89, 90, 91, 92, 93, 94, 95, 96, 97, 98, 99], "cv_accuracy": [0.0, 0.0, 0.0, 0.0, 0.0, 0.0, 0.0, 0.0, 0.0, 0.6363597999999999, 0.0, 0.6219096000000001, 0.0, 0.0, 0.0, 0.0, 0.0, 0.0, 0.0, 0.6568626, 0.0, 0.0, 0.0, 0.0, 0.0, 0.0, 0.0, 0.6101023999999999, 0.0, 0.6219096000000001, 0.0, 0.0, 0.0, 0.6948424000000001, 0.0, 0.601151, 0.0, 0.6921142, 0.0, 0.0, 0.0, 0.0, 0.0, 0.0, 0.0, 0.0, 0.6188406, 0.0, 0.0, 0.0, 0.0, 0.6219098, 0.0, 0.0, 0.0, 0.0, 0.0, 0.4166666, 0.0, 0.6597611999999999, 0.0, 0.0, 0.0, 0.0, 0.6130862, 0.6219098000000001, 0.6656864, 0.0, 0.0, 0.0, 0.0, 0.0, 0.0, 0.0, 0.6423274, 0.0, 0.0, 0.0, 0.6190110000000001, 0.0, 0.0, 0.6188832000000001, 0.0, 0.6158140000000001, 0.5926254, 0.0, 0.0, 0.6950552, 0.0, 0.0, 0.0, 0.6189686, 0.6190110000000001, 0.0, 0.0, 0.0, 0.0, 0.0, 0.0, 0.6011934], "timestamp": [0.11816830599855166, 0.23588180699152872, 0.07376970199402422, 0.19766483599960338, 0.15969350399973337, 0.27559541098889895, 0.348428649987909, 0.40070578099403065, 0.43682284699752927, 1.3009653389890445, 0.47792284199385904, 0.6351012439990882, 0.5391158139973413, 0.7730539409967605, 0.6864409569971031, 0.5950874509871937, 0.7253276349947555, 0.8409291719872272, 0.9180525299889268, 1.6776288830005797, 0.9641282009979477, 0.8754036959871883, 1.1018122919922462, 1.040169075000449, 1.1799622269900283, 1.135838744987268, 1.260288371995557, 3.2185500689956825, 1.3581663119985024, 1.582378916995367, 1.5053465759992832, 1.4166890329943271, 1.4650099989958107, 2.1691482530004578, 2.0558756299869856, 1.7263318869954674, 1.644190921986592, 2.7404772349982522, 1.838886741999886, 1.7905983529926743, 1.8992158789915266, 1.961671936995117, 1.993989178998163, 3.178788806995726, 2.09481834199687, 2.2502105349994963, 2.199790643993765, 2.3686595920007676, 2.4227842510008486, 2.3212002179934643, 2.4790937159996247, 2.8423545049881795, 2.5298944209935144, 2.6401264239975717, 2.593670332993497, 2.7858524699986447, 2.704873636990669, 3.4787531589972787, 2.9394437649898464, 3.5881605639879126, 2.9065487569896504, 3.070709588995669, 3.006896141989273, 3.070832603989402, 3.2692747229884844, 3.5193594049924286, 4.3071229759952985, 3.3356038619967876, 3.371941028992296, 3.621133315988118, 3.4413071689923527, 3.687290204994497, 3.7208955949899973, 3.798259392991895, 4.2738926479942165, 4.021873228994082, 3.852046767991851, 3.9068984229961643, 4.067867963996832, 4.111412389000179, 3.970352874996024, 4.18289160799759, 4.366539308000938, 5.412983014990459, 4.182758827999351, 4.506712875998346, 4.419494631991256, 5.064458995999303, 4.45803054299904, 4.556933118990855, 4.620167760993354, 4.735191348998342, 4.837396414994146, 4.6857586029946106, 4.779913082995336, 4.875659122990328, 4.930959215998882, 4.971303282989538, 5.10836551898683, 5.027517127993633], "final_accuracy": ["accuracy", 0.3387096774193548]}