{"trial_id": [0, 1, 2, 3, 4, 5, 6, 7, 8, 9, 10, 11, 12, 13, 14, 15, 16, 17, 18, 19, 20, 21, 22, 23, 24, 25, 26, 27, 28, 29, 30, 31, 32, 33, 34, 35, 36, 37, 38, 39, 40, 41, 42, 43, 44, 45, 46, 47, 48, 49, 50, 51, 52, 53, 54, 55, 56, 57, 58, 59, 60, 61, 62, 63, 64, 65, 66, 67, 68, 69, 70, 71, 72, 73, 74, 75, 76, 77, 78, 79, 80, 81, 82, 83, 84, 85, 86, 87, 88, 89, 90, 91, 92, 93, 94, 95, 96, 97, 98, 99], "cv_accuracy": [0.0, 0.0, 0.011722199999999999, 0.0, 0.0, 0.0, 0.7038787999999999, 0.0, 0.011722199999999999, 0.0, 0.6190110000000001, 0.0, 0.668755, 0.6364449999999999, 0.0, 0.0, 0.0, 0.0, 0.0, 0.7039215999999999, 0.0, 0.0, 0.0, 0.624723, 0.6160273999999999, 0.0, 0.0, 0.0, 0.4372122, 0.0, 0.0, 0.6247656, 0.0, 0.0, 0.6190110000000001, 0.0, 0.0, 0.0, 0.0, 0.0, 0.0, 0.0, 0.6219098000000001, 0.0, 0.0, 0.0, 0.0, 0.0, 0.0, 0.0, 0.709676, 0.0, 0.0, 0.0, 0.0, 0.6190110000000001, 0.6219098000000001, 0.06760459999999999, 0.6219098000000001, 0.0, 0.011722199999999999, 0.6160273999999999, 0.0, 0.0, 0.0, 0.0, 0.0, 0.0, 0.0, 0.6218244, 0.0, 0.0, 0.0, 0.6364447999999999, 0.3135978, 0.0, 0.6978688, 0.0, 0.0, 0.5573743999999999, 0.0, 0.0, 0.0, 0.0, 0.61607, 0.6247656, 0.0, 0.0, 0.0, 0.0, 0.6248934, 0.0, 0.6629153999999999, 0.0, 0.0, 0.0, 0.0, 0.0, 0.0, 0.0], "timestamp": [0.15685369200946297, 0.23595712499809451, 0.06784597200748976, 0.2725583120045485, 0.196720127001754, 0.11855877900961787, 3.4205994220101275, 0.3945264330104692, 0.4713765880005667, 0.43100307500571944, 0.8031253780063707, 0.34254317299928516, 1.0321148780058138, 0.6947752940031933, 0.5497336700063897, 0.5969427610107232, 0.734408168005757, 0.660286864003865, 0.8356480160000501, 1.9603650100034429, 0.8760214510111837, 0.98774785301066, 0.9507938520109747, 1.1418118419969687, 1.2466988420055714, 1.1060248499998124, 1.2090347210032633, 1.3000303790031467, 1.3576900269981707, 1.4508277510030894, 1.399881652003387, 1.8312373970111366, 1.5145320239971625, 1.558789135000552, 2.416624015007983, 1.6612295829982031, 1.6229745739983628, 1.776098375004949, 1.7271481880015926, 1.8314767530100653, 1.9177772260009078, 2.070963047008263, 2.3250236750027398, 2.1118063809990417, 2.0278246990055777, 2.2152618010004517, 2.2699694860057207, 2.1805106500105467, 2.455876742998953, 2.3673720360093284, 3.9044921599997906, 2.5232292160071665, 2.558897759008687, 2.6138677400012966, 2.6611181420012144, 2.883269580997876, 2.725343302008696, 3.0081341080076527, 3.1981737460009754, 2.786861822998617, 2.8466486480028834, 3.084520910997526, 2.9495986490073847, 3.044176798997796, 3.238609740001266, 3.2786645919986768, 3.1512369900010526, 3.3419172590074595, 3.479930895002326, 3.53533876700385, 3.381315318009001, 3.5794469300017226, 3.6224078630039003, 3.8430845030088676, 4.368912953010295, 3.728120724001201, 4.468227602003026, 3.6879131739988225, 3.802497520009638, 4.369186889001867, 3.9877991230023326, 3.9434560850058915, 4.060738968997612, 4.100648274004925, 4.213120343003538, 4.5624878680100664, 4.166800860009971, 4.275523664007778, 4.306951616003062, 4.511817215010524, 4.654754684001091, 4.60757445100171, 4.9772308460087515, 5.089576691010734, 4.702062066004146, 4.76367761399888, 4.833125218006899, 4.893160587002058, 4.79924050399859, 4.940049933997216], "final_accuracy": ["accuracy", 0.3225806451612903]}