{"trial_id": [0, 1, 2, 3, 4, 5, 6, 7, 8, 9, 10, 11, 12, 13, 14, 15, 16, 17, 18, 19, 20, 21, 22, 23, 24, 25, 26, 27, 28, 29, 30, 31, 32, 33, 34, 35, 36, 37, 38, 39, 40, 41, 42, 43, 44, 45, 46, 47, 48, 49, 50, 51, 52, 53, 54, 55, 56, 57, 58, 59, 60, 61, 62, 63, 64, 65, 66, 67, 68, 69, 70, 71, 72, 73, 74, 75, 76, 77, 78, 79, 80, 81, 82, 83, 84, 85, 86, 87, 88, 89, 90, 91, 92, 93, 94, 95, 96, 97, 98, 99], "cv_accuracy": [0.0, 0.026428200000000002, 0.0, 0.0, 0.583717, 0.583717, 0.0, 0.026428200000000002, 0.5807334000000001, 0.0, 0.0, 0.0, 0.0, 0.0, 0.0, 0.0, 0.0, 0.0, 0.6805626, 0.0, 0.0, 0.0, 0.0, 0.548551, 0.5837596, 0.5777922, 0.5102302, 0.0, 0.0, 0.0, 0.0, 0.701023, 0.5807758, 0.0, 0.026428200000000002, 0.026428200000000002, 0.5807758000000001, 0.026428200000000002, 0.0, 0.0, 0.5778346, 0.5660274000000001, 0.0, 0.0, 0.0, 0.0, 0.0, 0.0, 0.0, 0.6979114, 0.0, 0.7008097999999999, 0.0, 0.0, 0.0, 0.5750214, 0.551364, 0.5807758, 0.0, 0.026428200000000002, 0.0, 0.0, 0.0, 0.0, 0.026428200000000002, 0.0, 0.0, 0.0, 0.0029412, 0.026428200000000002, 0.0, 0.5572464, 0.0, 0.0, 0.5836744, 0.5954818000000001, 0.0, 0.0, 0.6628727999999999, 0.0, 0.0, 0.0, 0.0, 0.26760459999999997, 0.0, 0.56023, 0.0, 0.0, 0.5807758, 0.583717, 0.5807758, 0.0, 0.0, 0.5895568, 0.0, 0.6628301999999999, 0.0, 0.0, 0.0, 0.5630862000000001], "timestamp": [0.1864816180022899, 0.07650702600949444, 0.15115756400336977, 0.11299972800770774, 0.619971086998703, 0.38585544600209687, 0.3082608320110012, 0.3485323210043134, 0.48767449099977966, 0.25841068700538017, 0.4457448050088715, 0.581426229007775, 0.6751680510060396, 0.5373610310052754, 0.7185402260074625, 0.7589142040087609, 0.8113080909970449, 0.861776881996775, 5.5422171990067, 0.9091221380076604, 0.9904951729986351, 0.9465935330081265, 1.0418343330093194, 1.594475035002688, 1.4792946130037308, 1.3794660819985438, 1.2229900490056025, 1.1192080510081723, 1.179977747000521, 1.3257313510111999, 1.288428259009379, 2.352289192000171, 1.9318998329981696, 1.4426612350071082, 1.7157873359974474, 1.5547506540024187, 1.889703515000292, 1.6581859550060472, 1.7505176330014365, 1.8309753400098998, 1.9613068120088428, 2.0058222290099366, 2.1141781720070867, 2.2055658379977103, 2.1606799160072114, 2.071226180996746, 2.263818530002027, 2.3106050659989705, 2.397298766009044, 4.65013959800126, 2.4550540650088806, 3.3087288940005237, 2.548311217004084, 2.5013319260033313, 2.6048846949997824, 3.0208914460090455, 2.8607541820092592, 2.697467725010938, 2.7548520650016144, 2.8152178870077478, 2.9557390400004806, 2.9220797090092674, 3.1192918150045443, 3.058509549999144, 3.2070950150082354, 3.1563382140011527, 3.3515521369990893, 3.2650516930007143, 3.351848450009129, 3.4629611160053173, 3.539211166003952, 3.501587272010511, 3.5949236070009647, 3.6893765840068227, 3.766973675999907, 4.69147131300997, 3.6580281640053727, 3.816531684002257, 4.741725072002737, 3.8691649370011874, 3.920051951005007, 3.980162863008445, 4.014733140007593, 4.241425322004943, 4.078488530998584, 4.137665867005126, 4.195242828005576, 4.302917631997843, 4.42273818400281, 4.384463167996728, 4.8325390399986645, 4.486991355006467, 4.545295582007384, 4.793057357004727, 4.877805969998008, 5.511919769996894, 4.934332200005883, 4.994819951010868, 5.02779162900697, 5.098896005001734], "final_accuracy": ["accuracy", 0.4032258064516129]}