{"trial_id": [0, 1, 2, 3, 4, 5, 6, 7, 8, 9, 10, 11, 12, 13, 14, 15, 16, 17, 18, 19, 20, 21, 22, 23, 24, 25, 26, 27, 28, 29, 30, 31, 32, 33, 34, 35, 36, 37, 38, 39, 40, 41, 42, 43, 44, 45, 46, 47, 48, 49, 50, 51, 52, 53, 54, 55, 56, 57, 58, 59, 60, 61, 62, 63, 64, 65, 66, 67, 68, 69, 70, 71, 72, 73, 74, 75, 76, 77, 78, 79, 80, 81, 82, 83, 84, 85, 86, 87, 88, 89, 90, 91, 92, 93, 94, 95, 96, 97, 98, 99], "cv_accuracy": [0.6930175999999999, 0.0, 0.0, 0.0, 0.0, 0.6269473999999999, 0.0, 0.0, 0.0, 0.0, 0.0238948, 0.0238948, 0.0, 0.0026316, 0.0, 0.6137194, 0.0, 0.0, 0.0, 0.6745612000000001, 0.0, 0.0, 0.0, 0.650772, 0.0, 0.0, 0.0, 0.2514036, 0.6137545999999999, 0.0, 0.6296842, 0.0, 0.0, 0.2647018, 0.6296842, 0.0, 0.0, 0.0, 0.0, 0.714421, 0.0, 0.0, 0.645544, 0.6296842, 0.0, 0.7037544, 0.6402106, 0.6296142, 0.0, 0.6296842, 0.6269473999999999, 0.6058595999999999, 0.0, 0.0, 0.0, 0.0, 0.0, 0.0, 0.6296842, 0.0, 0.0, 0.0238948, 0.7063508, 0.0, 0.0, 0.0, 0.6217194, 0.0, 0.6084912, 0.6296492, 0.0, 0.0, 0.0, 0.0, 0.0, 0.0026316, 0.6190526000000001, 0.0, 0.6216492, 0.624386, 0.0, 0.6296842, 0.6269473999999999, 0.0, 0.0, 0.0, 0.6296842, 0.0, 0.7010175999999999, 0.0, 0.0, 0.0, 0.5952282, 0.0238948, 0.0, 0.0, 0.0238948, 0.6270176000000001, 0.0, 0.6269124], "timestamp": [0.7826659370039124, 0.15934507199563086, 0.1614471049979329, 0.12283625699637923, 0.08032455599459354, 0.6006726949999575, 0.3200945949938614, 0.3744517379964236, 0.3743223119963659, 0.2681558699987363, 0.44649348499660846, 0.5072004279936664, 0.69064066199644, 0.6550761699909344, 0.5505821599945193, 1.0495766520034522, 0.7408222219964955, 0.8277910250035347, 0.8958960229938384, 3.224825597004383, 0.9739348400034942, 0.9368287769902963, 1.0126085509982659, 2.024412307990133, 1.1688834439992206, 1.1345365779998247, 1.2154893719998654, 1.6576103480038, 1.533149852999486, 1.2792373789998237, 1.4167691039911006, 1.3517241929948796, 1.4555489850026788, 2.0626792410039343, 1.7299982029944658, 1.5958223219931824, 1.6574003569985507, 1.8182550700003048, 1.8622458360041492, 3.7379059149971, 1.9302171689923853, 1.9646399519988336, 2.294982182997046, 2.210002642998006, 2.1398804310010746, 3.888154547996237, 2.9354760779970093, 2.439584502004436, 2.3546834330045385, 2.5810293440008536, 2.5264902530034306, 2.6318278169928817, 2.684059334002086, 2.739127687003929, 2.7862689299945487, 2.8829303059901576, 2.8480910810030764, 3.109874575995491, 3.2780954229965573, 2.998119495998253, 3.0576635399920633, 3.162562876997981, 6.132382777999737, 3.37542817099893, 3.328565094998339, 3.4240574610012118, 4.038523579991306, 3.4909050869900966, 3.95163630299794, 3.5595853550039465, 3.6203569789940957, 3.679231706992141, 3.795152010003221, 3.8444666839932324, 4.004936566998367, 4.139933293990907, 4.2953343330009375, 4.101584546995582, 4.220090194998193, 4.67631456500385, 4.219924310003989, 4.359874292000313, 4.88152905399329, 4.458272738993401, 4.400452101996052, 4.520552917994792, 4.7851793939917115, 4.556528492990765, 5.842909134997171, 4.6223597139905905, 4.724254421002115, 4.785381398993195, 5.0659580630017444, 4.986847811000189, 4.925704548993963, 5.112264458992286, 5.027192619993002, 5.18573708999611, 5.2168504709989065, 5.335658226991654], "final_accuracy": ["accuracy", 0.3218390804597701]}