{"trial_id": [0, 1, 2, 3, 4, 5, 6, 7, 8, 9, 10, 11, 12, 13, 14, 15, 16, 17, 18, 19, 20, 21, 22, 23, 24, 25, 26, 27, 28, 29, 30, 31, 32, 33, 34, 35, 36, 37, 38, 39, 40, 41, 42, 43, 44, 45, 46, 47, 48, 49, 50, 51, 52, 53, 54, 55, 56, 57, 58, 59, 60, 61, 62, 63, 64, 65, 66, 67, 68, 69, 70, 71, 72, 73, 74, 75, 76, 77, 78, 79, 80, 81, 82, 83, 84, 85, 86, 87, 88, 89, 90, 91, 92, 93, 94, 95, 96, 97, 98, 99], "cv_accuracy": [0.0, 0.0, 0.0, 0.6507462, 0.0, 0.0, 0.0, 0.564179, 0.0, 0.0, 0.6686570000000001, 0.0, 0.0, 0.0, 0.0, 0.0, 0.0, 0.0, 0.0, 0.0, 0.5552239999999999, 0.0, 0.0, 0.0, 0.5731344, 0.0, 0.0, 0.023880600000000002, 0.023880600000000002, 0.023880600000000002, 0.0, 0.0, 0.3820894, 0.0, 0.5462687999999999, 0.0, 0.0, 0.0, 0.0, 0.0, 0.0, 0.023880600000000002, 0.5582092, 0.0, 0.47462679999999996, 0.0, 0.0, 0.0, 0.0, 0.6298505999999999, 0.0, 0.0, 0.0, 0.0, 0.023880600000000002, 0.6656717999999999, 0.0, 0.5582092, 0.0, 0.0, 0.0, 0.0, 0.713433, 0.023880600000000002, 0.6955222, 0.0, 0.0, 0.0, 0.0, 0.5611940000000001, 0.5671641999999999, 0.0, 0.0, 0.0, 0.0, 0.0, 0.5820894, 0.0, 0.0, 0.0, 0.5582092, 0.0, 0.0, 0.0, 0.7044778, 0.0, 0.023880600000000002, 0.0, 0.0, 0.0, 0.0, 0.0, 0.0, 0.0, 0.5582092, 0.561194, 0.6208956000000001, 0.0, 0.0, 0.0], "timestamp": [0.08386698900721967, 0.25267991100554354, 0.11630624000099488, 1.2399082860065391, 0.19035519000317436, 0.08367100100440439, 0.449392002003151, 0.6511285830056295, 0.3987049970019143, 0.2976994159980677, 3.401215220001177, 0.36334452700975817, 0.5968881330045406, 0.5485505770047894, 0.5143601820018375, 0.7904194440052379, 0.7109433279983932, 0.7114287139993394, 0.8363557810080238, 0.9995685180037981, 1.0336526850005612, 0.9095081650011707, 0.9447815160092432, 1.1048474960116437, 1.7407148470083484, 1.195290763003868, 1.1581387680053012, 1.28021016799903, 1.435464674999821, 1.3985168610088294, 1.49983888900897, 1.3476151369977742, 1.7882288330001757, 1.5593275260034716, 1.5974920070002554, 1.663074548006989, 1.8349165270046797, 1.6989249870093772, 2.029563746007625, 1.93413224699907, 1.902521592011908, 1.9928461300005438, 2.2438371580064995, 2.1079514830053085, 2.747582259005867, 2.1798897340049734, 2.1424993310065474, 2.305488285011961, 2.401572301008855, 4.066363464007736, 2.340936562002753, 2.503220078011509, 2.447465753008146, 2.6126710800017463, 2.55418547600857, 4.654589491998195, 2.651119334012037, 3.0372023850068217, 2.7117396399989957, 2.8674125730030937, 2.8128973660059273, 2.9092385149997426, 5.717319547999068, 2.9704606810119003, 5.5984657740045805, 3.1092324210039806, 3.1819007440062705, 3.2542756240000017, 3.326392887000111, 3.46982114900311, 3.742793840006925, 3.5270788810012164, 3.5837076130119385, 3.6403283670078963, 3.6971492800075794, 3.8035506590094883, 5.281154473006609, 3.86127954001131, 3.9185009299981175, 3.975466330011841, 4.123581093997927, 4.158900656009791, 4.276314376009395, 4.220218540009228, 4.7907249230047455, 4.358789948004414, 4.4152194510097615, 4.4739685079985065, 4.530198165011825, 4.586079137006891, 4.709951991011621, 4.753996209008619, 4.859191866999026, 4.911696217008284, 5.223820108003565, 4.986160188011127, 5.538096479998785, 5.0432702320104, 5.1007536810066085, 5.158374742997694], "final_accuracy": ["accuracy", 0.6461538461538462]}