{"trial_id": [0, 1, 2, 3, 4, 5, 6, 7, 8, 9, 10, 11, 12, 13, 14, 15, 16, 17, 18, 19, 20, 21, 22, 23, 24, 25, 26, 27, 28, 29, 30, 31, 32, 33, 34, 35, 36, 37, 38, 39, 40, 41, 42, 43, 44, 45, 46, 47, 48, 49, 50, 51, 52, 53, 54, 55, 56, 57, 58, 59, 60, 61, 62, 63, 64, 65, 66, 67, 68, 69, 70, 71, 72, 73, 74, 75, 76, 77, 78, 79, 80, 81, 82, 83, 84, 85, 86, 87, 88, 89, 90, 91, 92, 93, 94, 95, 96, 97, 98, 99], "cv_accuracy": [0.0, 0.0, 0.0, 0.0, 0.0, 0.0, 0.0, 0.0, 0.0, 0.611123, 0.6560702, 0.0, 0.0, 0.0, 0.6666664, 0.5925966, 0.0, 0.0026316, 0.624316, 0.0, 0.0, 0.0, 0.6269826, 0.0, 0.5108068, 0.6930175999999999, 0.0, 0.6242806, 0.0, 0.0, 0.0, 0.0, 0.0, 0.6084912, 0.0, 0.0, 0.0, 0.6270176000000001, 0.6058595999999999, 0.0, 0.6296842, 0.0, 0.0, 0.0, 0.45522799999999997, 0.0, 0.0, 0.0, 0.0, 0.0, 0.0, 0.6614736000000001, 0.6242810000000001, 0.0, 0.0, 0.5662458000000001, 0.0, 0.0, 0.0026316, 0.14305260000000003, 0.0, 0.0, 0.0, 0.6032282, 0.5847368, 0.0, 0.6322458, 0.0, 0.0, 0.6216842, 0.0, 0.0, 0.0, 0.6295789999999999, 0.0, 0.0, 0.6164212000000001, 0.0, 0.0, 0.0, 0.5953334000000001, 0.0, 0.0, 0.2936842, 0.698421, 0.0, 0.0, 0.7063508, 0.0, 0.0, 0.6190878000000001, 0.0, 0.0, 0.0, 0.0, 0.0, 0.6269473999999999, 0.0, 0.0, 0.0], "timestamp": [0.11502859900065232, 0.2025511230021948, 0.2416495719953673, 0.283084095994127, 0.112413551993086, 0.08022270500077866, 1.0275747409905307, 0.43755744700320065, 0.3841010920004919, 0.5320922239916399, 1.2269773400039412, 0.3507284380029887, 0.5981267239985755, 0.5009798090031836, 1.9232018379989313, 0.7825141130015254, 0.6421425470034592, 0.7100527829898056, 0.746652820991585, 0.8581874950032216, 0.9550165120017482, 0.8937726779986406, 1.0911501980008325, 0.986420168002951, 1.6276841539947782, 1.4821039879898308, 1.1254827529919567, 1.378969124998548, 1.1874051689956104, 1.3020158349972917, 1.3348332040040987, 1.5237679629935883, 1.4427553290006472, 1.7607991629920434, 1.7054303439945215, 1.8837560279935133, 1.5888781660032691, 1.8441467230004491, 1.796132278002915, 1.9751830599998357, 2.683640278992243, 2.192817371993442, 2.079728554992471, 2.0494478390028235, 2.2365212790027726, 2.118849335995037, 2.313342259003548, 2.2361696650041267, 2.5163892279961146, 2.391268430990749, 2.429423747002147, 2.9680693819973385, 2.482401444998686, 2.61867619700206, 2.582543632001034, 3.1018702470028074, 2.7173111269949004, 2.8238346339931013, 2.759357442992041, 3.4090474309923593, 2.9217337939917343, 2.8714967539999634, 3.143736332000117, 3.88208632999158, 3.240060979995178, 3.0323545999999624, 3.9376151129981736, 3.2885907119925832, 3.209352655991097, 4.037696409999626, 3.4476031249942025, 3.358620756000164, 3.4994708669983083, 3.774415095002041, 3.5516285409976263, 3.6097110569971846, 3.9740849590016296, 3.671628526994027, 3.7326211710023927, 3.85111209799652, 4.08589114699862, 4.1618126109970035, 4.125694136993843, 4.435902358993189, 5.202228066991665, 4.277205933991354, 4.392370266999933, 5.132776712998748, 4.228493178001372, 4.335113007997279, 4.525461244993494, 4.476295241998741, 4.7237226979923435, 4.671444305990008, 4.628451946991845, 4.590827958003501, 4.861740305990679, 4.788863758003572, 4.8270857079915, 4.910435133991996], "final_accuracy": ["accuracy", 0.3448275862068966]}