{"trial_id": [0, 1, 2, 3, 4, 5, 6, 7, 8, 9, 10, 11, 12, 13, 14, 15, 16, 17, 18, 19, 20, 21, 22, 23, 24, 25, 26, 27, 28, 29, 30, 31, 32, 33, 34, 35, 36, 37, 38, 39, 40, 41, 42, 43, 44, 45, 46, 47, 48, 49, 50, 51, 52, 53, 54, 55, 56, 57, 58, 59, 60, 61, 62, 63, 64, 65, 66, 67, 68, 69, 70, 71, 72, 73, 74, 75, 76, 77, 78, 79, 80, 81, 82, 83, 84, 85, 86, 87, 88, 89, 90, 91, 92, 93, 94, 95, 96, 97, 98, 99], "cv_accuracy": [0.0, 0.0, 0.5867434, 0.583717, 0.0, 0.0, 0.5778772, 0.6892156, 0.5808610000000001, 0.5719521999999999, 0.0, 0.5866156, 0.0, 0.0029412, 0.0, 0.0, 0.0, 0.6920714, 0.0, 0.0, 0.0, 0.0, 0.0, 0.5719524, 0.5690962, 0.0, 0.0, 0.5690112, 0.0, 0.4957374, 0.0, 0.0, 0.0, 0.5631288, 0.0, 0.0, 0.0, 0.6804776, 0.6716964000000001, 0.0, 0.0, 0.0, 0.0, 0.583717, 0.0, 0.0, 0.0, 0.0, 0.0, 0.0, 0.6745948, 0.0, 0.0, 0.0, 0.551364, 0.6424552, 0.583717, 0.0, 0.0, 0.0, 0.0, 0.0, 0.0, 0.0, 0.0, 0.6306906, 0.0, 0.0, 0.5572464, 0.0, 0.5719522, 0.0, 0.0, 0.0, 0.0, 0.5543478000000001, 0.0, 0.0, 0.0, 0.5750639999999999, 0.662873, 0.5866156, 0.5807758, 0.0, 0.5807332, 0.0, 0.6041348, 0.0, 0.0, 0.0, 0.0, 0.0, 0.583717, 0.0, 0.0, 0.0, 0.6862746, 0.0, 0.0, 0.0], "timestamp": [0.0844422800000757, 0.23533004999626428, 0.9799169809994055, 0.16508823999902233, 0.1653465010022046, 0.08494699299626518, 0.6343223000003491, 1.625227298005484, 0.4399967130011646, 0.3110705340077402, 0.37466954000410624, 0.7889080580062, 0.47359582599892747, 0.6781130360031966, 0.5402902280038688, 0.6002495220018318, 0.7541235109965783, 1.7234916129964404, 0.9389157639961923, 0.9024282720056362, 0.8574566839961335, 1.0558173909957986, 1.1091072279959917, 1.1585247150069335, 1.321482952000224, 1.220777171998634, 1.2606433960027061, 1.386950333006098, 1.4271759819966974, 1.807467334001558, 1.5299100109987194, 1.5696270049957093, 1.4934557350061368, 1.7608121350058354, 1.8476892650069203, 1.6807004750007764, 1.924100892007118, 3.373326291999547, 5.75665605100221, 2.1335922709986335, 1.998223065995262, 1.9604491270001745, 2.082626147996052, 2.476087903007283, 2.2911102899961406, 2.225490102006006, 2.191901155994856, 2.347588827004074, 2.4297270350070903, 2.3912680000066757, 5.563659741994343, 2.5826365259999875, 2.650188019993948, 2.5404326599964406, 2.6985321160027524, 2.8084867489960743, 3.1238284179999027, 2.770325553006842, 3.031536276001134, 2.868386863003252, 2.923362896995968, 2.985359038997558, 3.5659746830060612, 3.087876335004694, 3.2037812729977304, 4.215558162002708, 3.258104117005132, 3.312174167003832, 3.420463860995369, 3.475210368997068, 3.5171627520030597, 3.66228749199945, 3.6204156029998558, 3.7214590079966, 3.778508724004496, 3.8184413779963506, 4.136208562995307, 3.9351400309969904, 3.8800427579990355, 4.018871449996368, 4.074322750006104, 4.275233403997845, 4.13634166099655, 4.325943164003547, 4.534467168006813, 4.475049818007392, 5.260863297997275, 4.436171376000857, 4.965480163999018, 4.809005704999436, 4.590984253998613, 4.644788288002019, 4.706684662000043, 4.7602447910030605, 4.856752278006752, 4.931873487003031, 5.387902172005852, 5.144189950005966, 5.027001370996004, 5.082113826996647], "final_accuracy": ["accuracy", 0.4596774193548387]}