{"trial_id": [0, 1, 2, 3, 4, 5, 6, 7, 8, 9, 10, 11, 12, 13, 14, 15, 16, 17, 18, 19, 20, 21, 22, 23, 24, 25, 26, 27, 28, 29, 30, 31, 32, 33, 34, 35, 36, 37, 38, 39, 40, 41, 42, 43, 44, 45, 46, 47, 48, 49, 50, 51, 52, 53, 54, 55, 56, 57, 58, 59, 60, 61, 62, 63, 64, 65, 66, 67, 68, 69, 70, 71, 72, 73, 74, 75, 76, 77, 78, 79, 80, 81, 82, 83, 84, 85, 86, 87, 88, 89, 90, 91, 92, 93, 94, 95, 96, 97, 98, 99], "cv_accuracy": [0.0, 0.7038788, 0.0, 0.6247656, 0.0, 0.0, 0.6160274000000001, 0.0, 0.0, 0.0, 0.0, 0.0, 0.0, 0.0, 0.0, 0.0, 0.6510656, 0.6571182, 0.0, 0.0, 0.0, 0.0, 0.6307332000000001, 0.0, 0.0, 0.0, 0.0, 0.6277492, 0.6247656, 0.0, 0.0, 0.0, 0.0, 0.6658568, 0.6247656, 0.6218244, 0.0, 0.6247656, 0.4607416, 0.0, 0.0, 0.0, 0.6042626, 0.0, 0.0, 0.0, 0.0, 0.0, 0.0, 0.0, 0.0, 0.0, 0.0, 0.6685846000000001, 0.0, 0.0, 0.0, 0.0, 0.7066922, 0.7039216, 0.0, 0.0, 0.0, 0.0, 0.6131287999999999, 0.0, 0.0, 0.7039642, 0.0, 0.583504, 0.0, 0.6219098, 0.0, 0.0, 0.0, 0.6893862000000001, 0.0, 0.0, 0.0, 0.7008524, 0.0, 0.6307758, 0.0, 0.0, 0.6160273999999999, 0.5428390000000001, 0.0, 0.6190110000000001, 0.6335892, 0.6189686, 0.621867, 0.0, 0.5281758, 0.0, 0.0, 0.0, 0.0, 0.0, 0.0, 0.0], "timestamp": [0.07734605700534303, 2.753514014009852, 0.2041937960020732, 0.24492439501045737, 0.14828816401131917, 0.07763202801288571, 0.5002513460058253, 0.3491002860100707, 0.29845016699982807, 0.4458857870049542, 0.39910538800177164, 0.5385653500125045, 0.5792612610093784, 0.6344020810065558, 0.6922361750039272, 0.7734051820007153, 1.1675322460068855, 0.840687705000164, 0.7338889520033263, 0.922900326011586, 1.0737541700073052, 0.8868717230070615, 1.2105380420107394, 1.1332444280124037, 0.9871547810034826, 1.0444643110095058, 1.3305215830041561, 1.675705450004898, 1.5855276670044987, 1.438618527012295, 1.2733248550066492, 1.3643718560051639, 1.471100129012484, 1.6370964330126299, 1.850422041999991, 1.5470902700035367, 1.7423929370124824, 2.2988376720022643, 1.974887195014162, 1.786621549006668, 1.934880062006414, 1.8871312770061195, 2.23310301201127, 2.0483099720004248, 2.0944187109998893, 2.9025357860082295, 2.1844892550143413, 2.15471739100758, 2.3970034170051804, 2.3519462600088445, 2.440471260008053, 2.4866039600019576, 2.5844423890084727, 3.069618204011931, 2.68800241300778, 2.548486164014321, 2.7533797080104705, 2.6478105950081954, 3.0123943030048395, 3.971133680010098, 3.7236534880066756, 2.8557073780102655, 2.9736349459999474, 3.154231382010039, 3.256156853007269, 3.10957236700051, 3.3567806710052537, 4.49047597500612, 3.216466236000997, 3.4110519570094766, 3.319910311009153, 3.662451749012689, 3.4675502040045103, 3.5145958560024155, 3.5734720790060237, 4.306423756002914, 3.629388623012346, 3.8219049370090943, 3.724562874005642, 5.076891360004083, 3.877225914009614, 4.027642269007629, 3.9331862780090887, 4.137447540007997, 4.082418987003621, 4.581597205004073, 4.182478394010104, 4.2553079730132595, 4.7168141070142156, 4.368241959004081, 4.527108677008073, 4.427814523005509, 4.920096714005922, 4.766598372007138, 4.67504109001311, 4.64545098101371, 4.882706608012086, 4.9917658290069085, 4.920275067008333, 4.833714415013674], "final_accuracy": ["accuracy", 0.31451612903225806]}