{"trial_id": [0, 1, 2, 3, 4, 5, 6, 7, 8, 9, 10, 11, 12, 13, 14, 15, 16, 17, 18, 19, 20, 21, 22, 23, 24, 25, 26, 27, 28, 29, 30, 31, 32, 33, 34, 35, 36, 37, 38, 39, 40, 41, 42, 43, 44, 45, 46, 47, 48, 49, 50, 51, 52, 53, 54, 55, 56, 57, 58, 59, 60, 61, 62, 63, 64, 65, 66, 67, 68, 69, 70, 71, 72, 73, 74, 75, 76, 77, 78, 79, 80, 81, 82, 83, 84, 85, 86, 87, 88, 89, 90, 91, 92, 93, 94, 95, 96, 97, 98, 99], "cv_accuracy": [0.0, 0.0, 0.0, 0.167164, 0.0, 0.6865672, 0.5641792, 0.0, 0.6268656, 0.6388057999999999, 0.0, 0.0, 0.0, 0.0, 0.6507464000000001, 0.5552242, 0.0, 0.0, 0.6985074000000001, 0.0, 0.0, 0.0, 0.0, 0.0, 0.0, 0.0, 0.632836, 0.0, 0.0, 0.5582092, 0.5402984, 0.6000002, 0.5522389999999999, 0.5432836, 0.5283582, 0.0, 0.0, 0.0, 0.5522389999999999, 0.6059702, 0.0, 0.0, 0.5462688000000001, 0.561194, 0.0, 0.5462688, 0.0, 0.558209, 0.6358210000000001, 0.0, 0.0, 0.0, 0.0, 0.0, 0.0, 0.0, 0.0, 0.0, 0.7044775999999999, 0.0, 0.552239, 0.0, 0.0, 0.0, 0.555224, 0.6567164, 0.5582092, 0.0, 0.0, 0.0, 0.0, 0.0, 0.683582, 0.6507464, 0.6537314000000001, 0.0, 0.0, 0.0, 0.0, 0.0, 0.5432835999999999, 0.0, 0.0, 0.60597, 0.0, 0.0, 0.0, 0.0, 0.0, 0.5014926, 0.0, 0.5552242, 0.674627, 0.0, 0.0, 0.4537314, 0.0, 0.0, 0.0, 0.0], "timestamp": [0.10777363598754164, 0.10818549599207472, 0.1861884120007744, 0.4531683120003436, 0.22577631199965253, 1.7905033099959837, 0.368767405001563, 0.3061564339877805, 0.5032689119980205, 0.5825546879932517, 0.403019213990774, 0.6350345370010473, 0.5480667489900952, 0.6762369229982141, 1.6433943969896063, 0.8833075009897584, 0.7381982469960349, 0.7908523349906318, 4.740502510001534, 0.9862545159994625, 0.8491343359928578, 1.0846734889928484, 0.9447464819968445, 1.0499765049898997, 1.139543307988788, 1.2013483149930835, 1.8758938719984144, 1.2402627549890894, 1.348679363989504, 1.3034828759991797, 1.4078186149999965, 1.9461276279907906, 1.4718137869931525, 1.5305151109932922, 1.600114428991219, 1.754051341995364, 1.7037484649918042, 1.8371036169992294, 2.0358869359915843, 2.2617989369900897, 2.090559142001439, 1.9810877519921632, 2.649523870990379, 2.4297606170002837, 2.137402159991325, 2.5760098999890033, 2.19932255599997, 2.331969137987471, 2.501840386990807, 2.39006397499179, 2.5023695079871686, 2.683049752988154, 2.772185500987689, 2.722914089987171, 2.820999696996296, 2.926590364993899, 2.8799924889899557, 2.9652838809997775, 3.25571642498835, 3.781367910996778, 3.5414911929983646, 3.0832844199903775, 3.0281334439932834, 3.1309806749923155, 3.1996766949887387, 4.632647772989003, 3.5718146089930087, 3.318276888996479, 3.376160928994068, 3.435014456001227, 3.490541134000523, 3.6446764879947295, 4.350466390998918, 3.983914461990935, 4.946253300993703, 3.842182688997127, 3.8960029699956067, 3.953466919992934, 4.116862098991987, 4.046266608987935, 4.183613926987164, 4.274994822000735, 4.241983565996634, 5.146563001995673, 4.350573776988313, 4.594533547991887, 4.444174723001197, 4.503762113992707, 4.559473929999513, 4.791722907990334, 4.985736181988614, 4.7038255789957475, 5.444262931996491, 4.902711272996385, 4.8519302739878185, 5.047008055989863, 5.079738713000552, 5.180342148989439, 5.671729376990697, 5.237265178991947], "final_accuracy": ["accuracy", 0.7076923076923077]}