{"5":0.400285005569458,"3":0.411114931106567,"1":0.408771276473999,"2":0.40494966506958,"4":0.426859855651855}
